ts,window,elapsed,remaining,spot,spot_src,strike,strike_src,locked,sigma,p_model,up_bid,up_ask,up_size,down_bid,down_ask,down_size,fee_rate,min_size,up_bid_size,up_bid_depth,up_ask_depth,ret15,ret60,ret300
1790580915.9,1790580900,15.9,284.1,82971.60,chainlink,82927.54,twap60,,3.852,0.7679,0.790,0.800,687.86,0.200,0.210,90.60,0.07,5,90.60,2338.37,2655.83,0.0001262,0.0007009,
1790580930.9,1790580900,30.9,269.1,82993.16,chainlink,82927.54,twap60,,3.852,0.8698,0.890,0.900,1084.41,0.100,0.110,105.00,0.07,5,100.00,1632.60,3470.44,0.0002555,0.0008562,
1790580945.9,1790580900,45.9,254.1,82988.32,chainlink,82927.54,twap60,,3.852,0.8596,0.780,0.790,12.68,0.210,0.220,618.59,0.07,5,668.59,2402.42,1506.06,-0.0000663,0.0006569,
1790580960.9,1790580900,60.9,239.1,82991.88,chainlink,82927.54,twap60,,3.852,0.8817,0.830,0.840,453.66,0.160,0.170,151.89,0.07,5,151.89,1339.49,3270.63,0.0002846,0.0003706,
1790580975.9,1790580900,75.9,224.1,83018.53,chainlink,82927.54,twap60,,3.852,0.9592,0.920,0.930,797.43,0.070,0.080,301.37,0.07,5,301.37,2904.65,4229.07,0.0003198,0.0005611,
1790580991.0,1790580900,91.0,209.0,83010.95,chainlink,82927.54,twap60,,3.852,0.9521,0.920,0.930,882.27,0.070,0.080,60.87,0.07,5,110.87,1801.65,3964.91,-0.0001179,0.0002063,
1790581006.0,1790580900,106.0,194.0,83011.72,chainlink,82927.54,twap60,,3.852,0.9609,0.940,0.950,543.31,0.050,0.060,493.52,0.07,5,493.60,2861.45,7049.14,0.0000151,0.0005236,
1790581021.0,1790580900,121.0,179.0,82995.13,chainlink,82927.54,twap60,,3.852,0.9316,0.880,0.890,1358.17,0.110,0.120,70.00,0.07,5,70.00,442.00,4497.71,-0.0002006,0.0000379,
1790581036.0,1790580900,136.0,164.0,82987.10,chainlink,82927.54,twap60,,3.852,0.9175,0.890,0.900,672.66,0.100,0.110,89.00,0.07,5,89.00,1248.08,2784.27,-0.0001094,-0.0004052,
1790581050.0,1790580900,150.0,150.0,82969.10,chainlink,82927.54,twap60,,3.852,0.8482,0.870,0.880,55.00,0.120,0.130,948.61,0.07,5,844.61,2612.08,785.85,-0.0002164,-0.0004985,
1790581065.0,1790580900,165.0,135.0,83001.57,chainlink,82927.54,twap60,,3.852,0.9757,0.970,0.980,3027.98,0.020,0.030,1155.17,0.07,5,1155.17,4069.68,11541.59,0.0003829,-0.0001230,
1790581080.0,1790580900,180.0,120.0,82999.39,chainlink,82927.54,twap60,,3.852,0.9815,0.970,0.980,3098.41,0.020,0.030,240.00,0.07,5,240.00,2796.08,13308.68,-0.0000788,0.0000387,
1790581095.0,1790580900,195.0,105.0,82966.66,chainlink,82927.54,twap60,,3.852,0.8962,0.890,0.900,78.88,0.100,0.110,734.89,0.07,5,734.89,2689.25,2479.74,-0.0004005,-0.0002458,0.0005752
1790581110.1,1790580900,210.1,89.9,82955.23,chainlink,82927.54,twap60,,3.852,0.8455,0.900,0.910,55.00,0.090,0.100,643.93,0.07,5,643.93,1827.93,1982.41,-0.0001340,-0.0001756,0.0003900
1790581125.1,1790580900,225.1,74.9,82916.76,chainlink,82927.54,twap60,,3.852,0.3179,0.320,0.330,115.00,0.670,0.680,58.52,0.07,5,147.52,292.33,1044.00,-0.0005476,-0.0010748,-0.0000891
1790581140.1,1790580900,240.1,59.9,82918.55,chainlink,82927.54,twap60,82917.66,3.852,0.3002,0.260,0.270,48.29,0.730,0.740,308.86,0.07,5,308.86,1002.86,268.29,0.0000168,-0.0009806,-0.0001640
1790581155.1,1790580900,255.1,44.9,82917.23,chainlink,82927.54,twap60,82917.45,3.852,0.1787,0.080,0.090,24.00,0.910,0.920,229.64,0.07,5,229.64,725.30,29.00,-0.0000054,-0.0005922,0.0000454
1790581170.1,1790580900,270.1,29.9,82900.46,chainlink,82927.54,twap60,82916.09,3.852,0.0010,,0.010,11477.79,0.990,,,0.07,5,,,13611.00,-0.0002146,-0.0007442,-0.0002613
1790581185.2,1790580900,285.2,14.8,82910.98,chainlink,82927.54,twap60,82913.04,3.852,0.0010,,0.010,33286.59,0.990,,,0.07,5,,,35815.26,0.0001167,-0.0000745,-0.0002756
1790581215.2,1790581200,15.2,284.8,82910.12,chainlink,82911.57,twap60,,4.218,0.4912,0.500,0.510,228.00,0.490,0.500,240.00,0.07,5,240.00,2572.00,2425.60,0.0002325,-0.0000980,-0.0007456
1790581230.2,1790581200,30.2,269.8,82886.12,chainlink,82911.57,twap60,,4.218,0.3453,0.410,0.420,27.39,0.580,0.590,669.93,0.07,5,1525.63,3030.32,770.99,-0.0002817,-0.0001831,-0.0012986
1790581245.2,1790581200,45.2,254.8,82909.11,chainlink,82911.57,twap60,,4.218,0.4841,0.640,0.650,544.85,0.350,0.360,39.86,0.07,5,39.86,1872.49,2095.85,0.0002748,-0.0000658,-0.0007133
1790581260.2,1790581200,60.2,239.8,82954.43,chainlink,82911.57,twap60,,4.218,0.7639,0.660,0.670,30.00,0.330,0.340,1695.25,0.07,5,1650.25,3513.25,1021.58,0.0003508,0.0007668,-0.0004526
1790581275.3,1790581200,75.3,224.7,82945.33,chainlink,82911.57,twap60,,4.218,0.7221,0.740,0.750,824.75,0.250,0.260,20.00,0.07,5,20.00,801.00,2480.06,-0.0000324,0.0004324,-0.0009087
1790581290.3,1790581200,90.3,209.7,82945.28,chainlink,82911.57,twap60,,4.218,0.7302,0.780,0.790,165.68,0.210,0.220,519.99,0.07,5,519.99,2380.99,1792.23,-0.0000513,0.0007110,-0.0007857
1790581305.3,1790581200,105.3,194.7,82956.83,chainlink,82911.57,twap60,,4.218,0.8058,0.830,0.840,552.29,0.160,0.170,335.00,0.07,5,350.00,1862.00,3150.92,0.0001014,0.0003797,-0.0006623
1790581320.3,1790581200,120.3,179.7,82965.33,chainlink,82911.57,twap60,,4.218,0.8596,0.700,0.730,340.84,0.260,0.280,75.00,0.07,5,5.00,94.00,2528.75,0.0000687,0.0002087,-0.0003718
1790581335.3,1790581200,135.3,164.7,82935.22,chainlink,82911.57,twap60,,4.218,0.6922,0.720,0.730,86.00,0.270,0.280,546.15,0.07,5,1341.15,2385.11,2300.27,-0.0001003,-0.0001726,-0.0006248
1790581350.4,1790581200,150.4,149.6,82933.99,chainlink,82911.57,twap60,,4.218,0.6941,0.710,0.720,370.83,0.280,0.290,550.85,0.07,5,550.85,2524.29,1545.83,-0.0000152,-0.0001740,-0.0004317
1790581365.4,1790581200,165.4,134.6,82919.18,chainlink,82911.57,twap60,,4.218,0.5736,0.490,0.500,63.72,0.500,0.510,679.65,0.07,5,654.65,1623.72,729.72,-0.0001829,-0.0004877,-0.0010457
1790581380.4,1790581200,180.4,119.6,82913.70,chainlink,82911.57,twap60,,4.218,0.5225,0.560,0.570,150.00,0.430,0.440,372.66,0.07,5,372.66,2376.95,1419.00,-0.0000002,-0.0003598,-0.0010391
1790581395.4,1790581200,195.4,104.6,82904.49,chainlink,82911.57,twap60,,4.218,0.4173,0.450,0.460,186.62,0.540,0.550,199.29,0.07,5,11.29,699.26,842.62,-0.0001061,-0.0003709,-0.0007458
1790581410.4,1790581200,210.4,89.6,82906.62,chainlink,82911.57,twap60,,4.218,0.4337,0.630,0.640,229.54,0.360,0.370,203.12,0.07,5,205.09,866.09,413.54,0.0000233,-0.0003345,-0.0006700
1790581425.4,1790581200,225.4,74.6,82912.78,chainlink,82911.57,twap60,,4.218,0.5195,0.520,0.530,40.00,0.460,0.470,251.66,0.07,5,210.00,1612.51,453.00,0.0000611,-0.0000112,-0.0000527
1790581440.5,1790581200,240.5,59.5,82905.92,chainlink,82911.57,twap60,82905.92,4.218,0.3809,0.370,0.380,243.00,0.620,0.630,89.39,0.07,5,89.39,491.79,498.00,-0.0000897,-0.0000889,-0.0001418
1790581455.5,1790581200,255.5,44.5,82905.62,chainlink,82911.57,twap60,82904.85,4.218,0.3050,0.150,0.160,290.00,0.840,0.850,61.65,0.07,5,61.65,176.65,763.00,0.0000160,0.0000113,-0.0001523
1790581470.5,1790581200,270.5,29.5,82891.24,chainlink,82911.57,twap60,82900.90,4.218,0.0089,,0.010,843.11,0.990,,,0.07,5,,,1751.34,-0.0001663,-0.0001988,-0.0001214
1790581485.5,1790581200,285.5,14.5,82897.67,chainlink,82911.57,twap60,82898.97,4.218,0.0010,,0.010,37061.28,0.990,,,0.07,5,,,38847.19,0.0000714,-0.0001893,-0.0002038
1790581515.5,1790581500,15.5,284.5,82904.66,chainlink,82900.16,twap60,,4.105,0.5280,0.590,0.600,756.01,0.400,0.410,5.00,0.07,5,5.00,530.00,3075.35,-0.0000300,-0.0000044,-0.0000581
1790581530.6,1790581500,30.6,269.4,82922.18,chainlink,82900.16,twap60,,4.105,0.6384,0.580,0.590,844.23,0.410,0.420,105.00,0.07,5,100.00,195.00,3305.23,0.0002126,0.0003671,0.0004325
1790581545.6,1790581500,45.6,254.4,82902.74,chainlink,82900.16,twap60,,4.105,0.5172,0.550,0.560,1117.68,0.440,0.450,195.00,0.07,5,195.00,1900.25,2593.68,-0.0001594,0.0000751,-0.0002725
1790581560.6,1790581500,60.6,239.4,82909.69,chainlink,82900.16,twap60,,4.105,0.5653,0.610,0.620,15.00,0.380,0.390,1664.11,0.07,5,1664.11,2873.11,1636.00,0.0000667,0.0000306,-0.0004623
1790581575.6,1790581500,75.6,224.4,82918.64,chainlink,82900.16,twap60,,4.105,0.6299,0.670,0.680,1428.52,0.320,0.330,96.91,0.07,5,96.91,1014.91,3816.04,0.0001138,0.0001699,-0.0003725
1790581590.6,1790581500,90.6,209.4,82928.16,chainlink,82900.16,twap60,,4.105,0.7000,0.740,0.750,84.00,0.250,0.260,443.90,0.07,5,459.90,2025.62,1807.48,0.0001106,0.0001472,-0.0002442
1790581605.6,1790581500,105.6,194.4,82929.35,chainlink,82900.16,twap60,,4.105,0.7165,0.730,0.740,254.49,0.260,0.270,83.00,0.07,5,83.00,1250.00,2702.49,0.0000102,0.0003039,-0.0003651
1790581620.7,1790581500,120.7,179.3,82919.50,chainlink,82900.16,twap60,,4.105,0.6551,0.720,0.730,632.59,0.270,0.280,173.86,0.07,5,173.86,2343.61,1380.59,-0.0001297,0.0001241,-0.0002898
1790581635.7,1790581500,135.7,164.3,82926.87,chainlink,82900.16,twap60,,4.105,0.7203,0.790,0.800,83.81,0.200,0.210,544.69,0.07,5,544.69,2763.33,2133.18,0.0000782,0.0000949,-0.0001010
1790581650.7,1790581500,150.7,149.3,82919.74,chainlink,82900.16,twap60,,4.105,0.6759,0.700,0.710,190.00,0.290,0.300,361.66,0.07,5,361.66,2458.36,1234.96,-0.0000838,-0.0001057,-0.0001762
1790581665.7,1790581500,165.7,134.3,82925.57,chainlink,82900.16,twap60,,4.105,0.7382,0.810,0.820,517.33,0.180,0.190,75.00,0.07,5,75.00,840.00,2695.72,0.0000656,-0.0000565,0.0001430
1790581680.8,1790581500,180.8,119.2,82931.44,chainlink,82900.16,twap60,,4.105,0.8041,0.880,0.890,130.87,0.110,0.120,860.84,0.07,5,835.84,2655.72,1661.71,0.0000663,0.0001334,0.0002189
1790581695.8,1790581500,195.8,104.2,82938.00,chainlink,82900.16,twap60,,4.105,0.8751,0.930,0.940,559.82,0.060,0.070,1368.99,0.07,5,1383.19,3363.25,2651.49,0.0000765,0.0001364,0.0004018
1790581710.8,1790581500,210.8,89.2,82950.72,chainlink,82900.16,twap60,,4.105,0.9605,0.960,0.970,245.13,0.030,0.040,361.02,0.07,5,361.02,2302.98,7388.75,0.0001466,0.0003688,0.0005185
1790581725.8,1790581500,225.8,74.2,82944.50,chainlink,82900.16,twap60,,4.105,0.9677,0.990,,,,0.010,10547.18,0.07,5,10525.62,14008.18,,-0.0000679,0.0002238,0.0003756
1790581740.8,1790581500,240.8,59.2,82979.98,chainlink,82900.16,twap60,82979.98,4.105,0.9990,0.990,,,,0.010,20533.24,0.07,5,20533.24,23822.34,,0.0001719,0.0005824,0.0009125
1790581755.9,1790581500,255.9,44.1,82954.35,chainlink,82900.16,twap60,82966.21,4.105,0.9990,0.990,,,,0.010,22244.72,0.07,5,22244.72,25708.90,,-0.0002957,0.0001904,0.0005948
1790581770.9,1790581500,270.9,29.1,82964.39,chainlink,82900.16,twap60,82958.79,4.105,0.9990,0.990,,,,0.010,41643.92,0.07,5,41643.92,44565.78,,0.0002021,0.0001719,0.0008759
1790581785.9,1790581500,285.9,14.1,82971.91,chainlink,82900.16,twap60,82962.95,4.105,0.9990,0.990,,,,0.010,61901.93,0.07,5,61906.93,64976.87,,0.0000949,0.0000747,0.0009090
1790581815.9,1790581800,15.9,284.1,82932.70,chainlink,82958.83,twap60,,4.152,0.3435,0.340,0.350,35.00,0.650,0.660,521.96,0.07,5,296.96,2267.64,2465.34,-0.0001235,-0.0001800,0.0003394
1790581831.0,1790581800,31.0,269.0,82931.62,chainlink,82958.83,twap60,,4.152,0.3325,0.350,0.360,4.86,0.640,0.650,780.13,0.07,5,780.13,3852.91,1825.86,-0.0000135,-0.0003908,0.0001889
1790581846.0,1790581800,46.0,254.0,82967.68,chainlink,82958.83,twap60,,4.152,0.5579,0.570,0.580,180.88,0.420,0.430,1708.42,0.07,5,1708.42,4004.93,1015.48,0.0004335,-0.0000509,0.0007660
1790581860.0,1790581800,60.0,240.0,82980.00,chainlink,82958.83,twap60,,4.152,0.6407,0.670,0.680,129.00,0.320,0.330,875.11,0.07,5,875.11,2296.10,1543.00,0.0001266,0.0004467,0.0008534
1790581875.0,1790581800,75.0,225.0,82984.79,chainlink,82958.83,twap60,,4.152,0.6771,0.760,0.770,407.00,0.230,0.240,27.10,0.07,5,79.10,2092.60,2579.11,0.0000706,0.0006274,0.0007932
1790581890.0,1790581800,90.0,210.0,83000.44,chainlink,82958.83,twap60,,4.152,0.7790,0.790,0.800,73.95,0.200,0.210,743.02,0.07,5,743.02,3876.34,974.74,0.0001026,0.0008282,0.0008670
1790581905.1,1790581800,105.1,194.9,83005.21,chainlink,82958.83,twap60,,4.152,0.8153,0.800,0.810,125.80,0.190,0.200,688.74,0.07,5,688.74,3993.92,1586.55,0.0000489,0.0004305,0.0009034
1790581920.1,1790581800,120.1,179.9,83003.95,chainlink,82958.83,twap60,,4.152,0.8209,0.820,0.830,303.18,0.170,0.180,366.65,0.07,5,356.65,2514.60,2017.31,0.0000114,0.0003015,0.0010073
1790581935.1,1790581800,135.1,164.9,82988.65,chainlink,82958.83,twap60,,4.152,0.7398,0.780,0.790,33.19,0.210,0.220,1716.28,0.07,5,1716.28,2752.11,2441.53,-0.0001853,-0.0000394,0.0007469
1790581950.1,1790581800,150.1,149.9,82999.17,chainlink,82958.83,twap60,,4.152,0.8230,0.880,0.890,658.21,0.110,0.120,11.36,0.07,5,11.36,712.36,3325.55,0.0001296,-0.0000238,0.0009528
1790581965.1,1790581800,165.1,134.9,82989.60,chainlink,82958.83,twap60,,4.152,0.7766,0.710,0.720,73.25,0.280,0.290,180.00,0.07,5,430.00,1394.08,1192.77,-0.0001388,-0.0001616,0.0007673
1790581980.1,1790581800,180.1,119.9,82981.50,chainlink,82958.83,twap60,,4.152,0.7294,0.770,0.780,394.27,0.220,0.230,30.00,0.07,5,30.00,462.00,2155.27,0.0000140,-0.0002715,0.0006008
1790581995.2,1790581800,195.2,104.8,82959.95,chainlink,82958.83,twap60,,4.152,0.5133,0.670,0.680,5.00,0.290,0.330,1819.13,0.07,5,1766.67,2256.67,80.00,-0.0002522,-0.0003431,0.0002578
1790582010.2,1790581800,210.2,89.8,82954.62,chainlink,82958.83,twap60,,4.152,0.4429,0.520,0.530,108.66,0.470,0.480,158.17,0.07,5,158.17,596.17,727.66,-0.0000894,-0.0005603,0.0000541
1790582025.2,1790581800,225.2,74.8,82959.43,chainlink,82958.83,twap60,,4.152,0.5098,0.630,0.640,10.00,0.360,0.370,782.66,0.07,5,970.66,3012.22,10.00,0.0000420,-0.0002520,-0.0000757
1790582040.2,1790581800,240.2,59.8,82971.53,chainlink,82958.83,twap60,82971.53,4.152,0.7541,0.910,0.920,398.67,0.080,0.090,156.49,0.07,5,156.49,1192.04,1541.56,0.0001332,-0.0001127,-0.0000887
1790582055.2,1790581800,255.2,44.8,82981.07,chainlink,82958.83,twap60,82976.64,4.152,0.9613,0.970,0.980,1846.93,0.020,0.030,2795.80,0.07,5,2795.80,5334.61,4257.93,0.0000711,0.0002295,0.0004031
1790582070.3,1790581800,270.3,29.7,83001.52,chainlink,82958.83,twap60,82986.71,4.152,0.9990,0.990,,,,0.010,42635.82,0.07,5,42705.92,45930.10,,0.0002148,0.0005492,0.0004518
1790582085.3,1790581800,285.3,14.7,82997.17,chainlink,82958.83,twap60,82992.35,4.152,0.9990,0.990,,,,0.010,66410.01,0.07,5,66410.01,69278.84,,-0.0000463,0.0004422,0.0003044
1790582115.3,1790582100,15.3,284.7,83039.26,chainlink,82993.12,twap60,,4.110,0.7636,0.700,0.710,556.00,0.290,0.300,396.84,0.07,5,206.66,2964.96,2057.60,0.0002804,0.0006694,0.0012836
1790582130.3,1790582100,30.3,269.7,83026.33,chainlink,82993.12,twap60,,4.110,0.7031,0.780,0.790,10.00,0.200,0.210,319.66,0.07,5,1038.70,3943.57,1107.88,-0.0000302,0.0003049,0.0011401
1790582145.4,1790582100,45.4,254.6,83053.95,chainlink,82993.12,twap60,,4.110,0.8438,0.880,0.890,37.61,0.110,0.120,851.48,0.07,5,851.48,3964.04,2239.77,0.0002372,0.0006950,0.0010175
1790582160.4,1790582100,60.4,239.6,83093.55,chainlink,82993.12,twap60,,4.110,0.9581,0.930,0.940,404.37,0.060,0.070,395.14,0.07,5,440.14,3484.40,4199.44,0.0003195,0.0009339,0.0013803
1790582175.4,1790582100,75.4,224.6,83094.61,chainlink,82993.12,twap60,,4.110,0.9654,0.940,0.950,1105.04,0.050,0.060,53.92,0.07,5,53.92,1702.72,7882.57,0.0000247,0.0007919,0.0012365
1790582190.4,1790582100,90.4,209.6,83069.29,chainlink,82993.12,twap60,,4.110,0.9227,0.890,0.900,374.82,0.100,0.110,55.00,0.07,5,55.00,2385.59,2114.87,-0.0002455,0.0004219,0.0008206
1790582205.5,1790582100,105.5,194.5,83048.81,chainlink,82993.12,twap60,,4.110,0.8622,0.900,0.910,30.00,0.090,0.100,1104.97,0.07,5,1059.97,3237.21,2161.43,-0.0002289,-0.0002190,0.0005517
1790582220.5,1790582100,120.5,179.5,83043.99,chainlink,82993.12,twap60,,4.110,0.8527,0.850,0.860,43.79,0.140,0.150,604.39,0.07,5,679.39,2686.79,1418.57,-0.0001184,-0.0005847,0.0004813
1790582235.5,1790582100,135.5,164.5,83032.39,chainlink,82993.12,twap60,,4.110,0.8041,0.720,0.730,121.66,0.270,0.280,158.04,0.07,5,158.04,811.59,1005.34,-0.0001461,-0.0006899,0.0005296
1790582250.5,1790582100,150.5,149.5,83012.94,chainlink,82993.12,twap60,,4.110,0.6776,0.690,0.700,90.00,0.300,0.310,150.20,0.07,5,157.80,1401.80,1226.00,-0.0001824,-0.0006610,0.0001424
1790582265.5,1790582100,165.5,134.5,82988.41,chainlink,82993.12,twap60,,4.110,0.4531,0.420,0.430,128.00,0.570,0.580,481.56,0.07,5,481.56,2929.56,1017.96,-0.0002944,-0.0007880,0.0000972
1790582280.6,1790582100,180.6,119.4,82954.76,chainlink,82993.12,twap60,,4.110,0.1475,0.080,0.090,342.70,0.910,0.920,732.96,0.07,5,732.96,2351.96,2365.91,-0.0004051,-0.0010814,-0.0003148
1790582295.6,1790582100,195.6,104.4,82912.41,chainlink,82993.12,twap60,,4.110,0.0072,0.020,0.030,848.89,0.970,0.980,640.05,0.07,5,609.43,2965.31,3203.81,-0.0003882,-0.0013940,-0.0005983
1790582310.6,1790582100,210.6,89.4,82923.01,chainlink,82993.12,twap60,,4.110,0.0076,,0.010,3576.10,0.990,,,0.07,5,,,6749.73,0.0001489,-0.0010827,-0.0003971
1790582325.6,1790582100,225.6,74.4,82961.08,chainlink,82993.12,twap60,,4.110,0.0921,0.070,0.090,319.66,0.910,0.930,32.84,0.07,5,32.84,232.84,1898.58,0.0004351,-0.0003290,0.0000072
1790582340.6,1790582100,240.6,59.4,82951.54,chainlink,82993.12,twap60,82951.54,4.110,0.0109,0.020,0.030,219.50,0.970,0.980,539.49,0.07,5,534.49,1202.49,1158.50,-0.0001411,0.0000835,-0.0002849
1790582355.6,1790582100,255.6,44.4,82958.49,chainlink,82993.12,twap60,82954.32,4.110,0.0011,,0.001,690.22,0.999,,,0.07,5,,,4800.25,0.0000783,0.0005766,-0.0003038
1790582370.6,1790582100,270.6,29.4,82977.15,chainlink,82993.12,twap60,82962.11,4.110,0.0010,,0.001,789.43,0.999,,,0.07,5,,,18766.08,0.0002205,0.0006288,-0.0002876
1790582385.6,1790582100,285.6,14.4,82966.43,chainlink,82993.12,twap60,82962.06,4.110,0.0010,,0.001,17357.90,0.999,,,0.07,5,,,71051.41,-0.0000951,0.0000384,-0.0003593
1790582415.7,1790582400,15.7,284.3,82908.94,chainlink,82957.72,twap60,,4.724,0.2544,0.290,0.300,443.00,0.700,0.710,1542.00,0.07,5,1045.00,1940.57,1741.00,-0.0002000,-0.0006019,-0.0014451
1790582430.7,1790582400,30.7,269.3,82900.87,chainlink,82957.72,twap60,,4.724,0.2134,0.230,0.240,602.06,0.760,0.770,314.70,0.07,5,314.70,2440.67,3320.19,-0.0002657,-0.0008856,-0.0016076
1790582445.7,1790582400,45.7,254.3,82907.69,chainlink,82957.72,twap60,,4.724,0.2347,0.410,0.440,1.00,0.560,0.590,24.00,0.07,5,24.00,1344.93,654.00,0.0001003,-0.0004912,-0.0019197
1790582460.7,1790582400,60.7,239.3,82987.35,chainlink,82957.72,twap60,,4.724,0.6716,0.720,0.730,16.00,0.270,0.280,331.48,0.07,5,346.48,2742.52,403.19,0.0008763,0.0007454,-0.0012669
1790582475.8,1790582400,75.8,224.2,83002.77,chainlink,82957.72,twap60,,4.724,0.7588,0.730,0.740,204.00,0.260,0.270,483.90,0.07,5,493.13,2343.21,1325.60,0.0001134,0.0009626,-0.0010467
1790582490.8,1790582400,90.8,209.2,83040.35,chainlink,82957.72,twap60,,4.724,0.9106,0.880,0.890,11.40,0.110,0.120,917.80,0.07,5,917.80,3779.07,2822.34,0.0004647,0.0016992,-0.0003308
1790582505.8,1790582400,105.8,194.2,83040.65,chainlink,82957.72,twap60,,4.724,0.9213,0.890,0.900,194.67,0.100,0.110,706.80,0.07,5,706.80,3160.06,2184.04,-0.0000565,0.0015184,-0.0001587
1790582520.8,1790582400,120.8,179.2,83044.09,chainlink,82957.72,twap60,,4.724,0.9394,0.930,0.940,536.09,0.060,0.070,480.53,0.07,5,480.53,3375.83,4100.85,-0.0000796,0.0006112,-0.0000051
1790582535.8,1790582400,135.8,164.2,83059.03,chainlink,82957.72,twap60,,4.724,0.9729,0.940,0.950,886.91,0.050,0.060,80.00,0.07,5,80.00,1819.20,11725.55,0.0000553,0.0006896,0.0003728
1790582550.9,1790582400,150.9,149.1,83106.74,chainlink,82957.72,twap60,,4.724,0.9987,0.970,0.980,1044.20,0.020,0.030,1730.51,0.07,5,1730.51,5058.71,2933.20,0.0006007,0.0007390,0.0011304
1790582565.9,1790582400,165.9,134.1,83085.28,chainlink,82957.72,twap60,,4.724,0.9973,0.990,,,,0.010,1251.71,0.07,5,1240.71,4180.10,,-0.0002743,0.0004162,0.0011670
1790582580.9,1790582400,180.9,119.1,83105.87,chainlink,82957.72,twap60,,4.724,0.9990,0.990,,,,0.010,11432.98,0.07,5,11432.98,16313.37,,0.0002523,0.0006190,0.0019422
1790582595.9,1790582400,195.9,104.1,83120.29,chainlink,82957.72,twap60,,4.724,0.9990,0.990,,,,0.010,15219.27,0.07,5,15219.27,20119.70,,0.0001649,0.0007638,0.0025251
1790582611.0,1790582400,211.0,89.0,83112.80,chainlink,82957.72,twap60,,4.724,0.9990,0.990,,,,0.010,19803.85,0.07,5,19803.85,25039.28,,-0.0001049,0.0000568,0.0022622
1790582626.0,1790582400,226.0,74.0,83050.81,chainlink,82957.72,twap60,,4.724,0.9990,0.990,,,,0.010,12081.69,0.07,5,12151.69,16436.12,,-0.0007444,-0.0004105,0.0010549
1790582641.0,1790582400,241.0,59.0,83042.50,chainlink,82957.72,twap60,83042.50,4.724,0.9990,0.999,,,,0.001,135.00,0.07,5,135.00,26024.57,,-0.0000311,-0.0007714,0.0010905
1790582655.0,1790582400,255.0,45.0,83036.37,chainlink,82957.72,twap60,83038.21,4.724,0.9990,0.999,,,,0.001,4332.63,0.07,5,4332.63,44717.62,,-0.0000739,-0.0010249,0.0009339
1790582670.0,1790582400,270.0,30.0,83027.48,chainlink,82957.72,twap60,83035.75,4.724,0.9990,0.999,,,,0.001,13470.64,0.07,5,13470.64,62874.46,,-0.0001419,-0.0010254,0.0006404
1790582685.1,1790582400,285.1,14.9,83083.82,chainlink,82957.72,twap60,83041.04,4.724,0.9990,0.999,,,,0.001,18518.80,0.07,5,18518.80,88928.91,,0.0007266,0.0004664,0.0016310
1790582715.1,1790582700,15.1,284.9,83045.09,chainlink,83046.53,twap60,,4.981,0.4926,0.430,0.440,32.68,0.560,0.570,347.62,0.07,5,347.62,1449.95,1637.34,-0.0002735,0.0000702,0.0014724
1790582730.1,1790582700,30.1,269.9,83031.51,chainlink,83046.53,twap60,,4.981,0.4212,0.410,0.420,805.48,0.580,0.590,53.22,0.07,5,103.22,790.22,2720.78,-0.0001258,0.0000969,0.0015927
1790582745.1,1790582700,45.1,254.9,83029.42,chainlink,83046.53,twap60,,4.981,0.4073,0.380,0.390,211.66,0.610,0.620,4.83,0.07,5,10.00,244.00,2949.16,0.0000766,-0.0006578,0.0013831
1790582760.2,1790582700,60.2,239.8,83011.71,chainlink,83046.53,twap60,,4.981,0.3105,0.280,0.290,1825.05,0.710,0.720,10.00,0.07,5,10.00,20.00,3578.05,-0.0002247,-0.0006756,0.0002211
1790582775.2,1790582700,75.2,224.8,83002.15,chainlink,83046.53,twap60,,4.981,0.2561,0.250,0.260,5.23,0.740,0.750,1535.02,0.07,5,1535.02,3598.61,470.23,-0.0000949,-0.0004795,0.0000045
1790582790.2,1790582700,90.2,209.8,82977.82,chainlink,83046.53,twap60,,4.981,0.1449,0.130,0.140,688.54,0.860,0.870,89.14,0.07,5,89.14,1907.14,2998.30,-0.0002903,-0.0005450,-0.0008134
1790582805.2,1790582700,105.2,194.8,82969.56,chainlink,83046.53,twap60,,4.981,0.1071,0.180,0.190,749.72,0.810,0.820,80.00,0.07,5,85.00,405.00,2739.72,-0.0000711,-0.0007326,-0.0009775
1790582820.2,1790582700,120.2,179.8,82964.33,chainlink,83046.53,twap60,,4.981,0.0814,0.090,0.100,130.00,0.900,0.910,444.30,0.07,5,466.48,2576.48,1824.00,-0.0002094,-0.0005506,-0.0010855
1790582835.2,1790582700,135.2,164.8,82977.73,chainlink,83046.53,twap60,,4.981,0.1081,0.150,0.160,1219.28,0.840,0.850,45.00,0.07,5,45.00,428.00,2425.12,0.0001682,-0.0002914,-0.0009529
1790582850.3,1790582700,150.3,149.7,82962.84,chainlink,83046.53,twap60,,4.981,0.0544,0.070,0.080,217.16,0.920,0.930,549.92,0.07,5,491.30,2512.60,2125.78,-0.0002260,-0.0001521,-0.0017491
1790582865.3,1790582700,165.3,134.7,82945.00,chainlink,83046.53,twap60,,4.981,0.0181,0.020,0.030,82.23,0.970,0.980,3196.21,0.07,5,3216.21,5347.66,2143.15,-0.0002033,-0.0004424,-0.0016853
1790582880.3,1790582700,180.3,119.7,82917.76,chainlink,83046.53,twap60,,4.981,0.0019,,0.010,2758.76,0.990,,,0.07,5,,,4170.46,-0.0003038,-0.0005547,-0.0022747
1790582895.3,1790582700,195.3,104.7,82966.21,chainlink,83046.53,twap60,,4.981,0.0225,0.030,0.040,1408.45,0.960,0.970,89.78,0.07,5,100.00,6128.58,3940.58,0.0005834,-0.0001854,-0.0018703
1790582910.4,1790582700,210.4,89.6,82988.54,chainlink,83046.53,twap60,,4.981,0.0492,0.020,0.030,601.64,0.970,0.980,610.65,0.07,5,254.00,1822.52,2125.24,0.0002731,0.0003214,-0.0014944
1790582925.4,1790582700,225.4,74.6,82994.76,chainlink,83046.53,twap60,,4.981,0.0387,0.010,0.020,288.66,0.980,0.990,721.49,0.07,5,747.38,747.38,2001.66,0.0002660,0.0006244,-0.0006062
1790582940.4,1790582700,240.4,59.6,82972.96,chainlink,83046.53,twap60,82972.96,4.981,0.0010,,0.010,14039.25,0.990,,,0.07,5,,,16755.97,-0.0002109,0.0006648,-0.0008378
1790582955.4,1790582700,255.4,44.6,82978.11,chainlink,83046.53,twap60,82972.86,4.981,0.0010,,0.010,29883.02,0.990,,,0.07,5,,,32870.37,0.0000527,0.0001474,-0.0007367
1790582970.5,1790582700,270.5,29.5,82986.20,chainlink,83046.53,twap60,82979.24,4.981,0.0010,,0.010,70403.78,0.990,,,0.07,5,,,73261.89,0.0000594,0.0001629,-0.0004490
1790582985.5,1790582700,285.5,14.5,82965.69,chainlink,83046.53,twap60,82977.30,4.981,0.0010,,0.010,72206.97,0.990,,,0.07,5,,,74560.08,-0.0002473,-0.0002985,-0.0014255
1790583015.5,1790583000,15.5,284.5,82934.43,chainlink,82974.78,twap60,,5.264,0.3120,0.360,0.370,208.00,0.630,0.640,248.00,0.07,5,248.00,2090.00,2079.02,-0.0003127,-0.0005646,-0.0012957
1790583030.5,1790583000,30.5,269.5,82929.61,chainlink,82974.78,twap60,,5.264,0.2855,0.250,0.260,1523.33,0.740,0.750,10.00,0.07,5,10.00,1317.00,3032.02,-0.0000588,-0.0006823,-0.0011262
1790583045.5,1790583000,45.5,254.5,82928.74,chainlink,82974.78,twap60,,5.264,0.2752,0.280,0.290,60.00,0.710,0.720,1612.50,0.07,5,1617.50,3103.50,1991.24,-0.0000057,-0.0004285,-0.0012246
1790583060.6,1790583000,60.6,239.4,82952.29,chainlink,82974.78,twap60,,5.264,0.3811,0.370,0.380,373.09,0.620,0.630,100.00,0.07,5,100.00,768.00,3388.22,0.0002844,-0.0000974,-0.0006958
1790583075.6,1790583000,75.6,224.4,82952.49,chainlink,82974.78,twap60,,5.264,0.3776,0.380,0.390,598.00,0.610,0.620,56.93,0.07,5,56.93,1768.93,1957.87,0.0000595,0.0002172,-0.0005956
1790583090.6,1790583000,90.6,209.4,82965.27,chainlink,82974.78,twap60,,5.264,0.4448,0.430,0.440,67.00,0.560,0.570,637.13,0.07,5,637.13,2743.66,1307.71,0.0001314,0.0004347,-0.0001227
1790583105.6,1790583000,105.6,194.4,82954.50,chainlink,82974.78,twap60,,5.264,0.3783,0.380,0.390,789.70,0.610,0.620,136.30,0.07,5,136.30,1154.30,2122.68,-0.0001293,0.0003110,-0.0003280
1790583120.6,1790583000,120.6,179.4,82954.64,chainlink,82974.78,twap60,,5.264,0.3729,0.270,0.280,578.00,0.720,0.730,95.00,0.07,5,95.00,482.00,2481.00,-0.0000045,0.0000853,-0.0001101
1790583135.7,1790583000,135.7,164.3,82914.88,coinbase,82974.78,twap60,,5.264,0.1538,0.170,0.180,821.86,0.820,0.830,459.44,0.07,5,454.44,1624.44,2075.56,-0.0003431,-0.0003733,-0.0006606
1790583150.7,1790583000,150.7,149.3,82926.84,coinbase,82974.78,twap60,,5.264,0.1919,0.170,0.180,613.00,0.820,0.830,217.96,0.07,5,217.96,1541.91,1436.00,0.0001442,-0.0003748,-0.0002854
1790583165.7,1790583000,165.7,134.3,82930.16,chainlink,82974.78,twap60,,5.264,0.1914,0.170,0.180,604.39,0.820,0.830,50.00,0.07,5,50.00,1476.00,2528.56,,-0.0002997,-0.0001543
1790583180.7,1790583000,180.7,119.3,82945.78,chainlink,82974.78,twap60,,5.264,0.2681,0.180,0.190,530.00,0.810,0.820,41.32,0.07,5,41.32,1965.32,1226.00,0.0001870,-0.0001068,0.0003372
1790583195.8,1790583000,195.8,104.2,82921.17,chainlink,82974.78,twap60,,5.264,0.1020,0.080,0.090,75.99,0.910,0.920,309.72,0.07,5,283.00,2780.70,1238.19,-0.0002761,,-0.0005389
1790583210.8,1790583000,210.8,89.2,82931.66,chainlink,82974.78,twap60,,5.264,0.1215,0.210,0.220,141.40,0.780,0.790,1875.09,0.07,5,1875.09,2818.09,320.96,0.0001190,,-0.0004945
1790583225.8,1790583000,225.8,74.2,82959.96,chainlink,82974.78,twap60,,5.264,0.3151,0.330,0.340,374.50,0.660,0.670,88.02,0.07,5,98.02,837.02,993.50,0.0002014,0.0003579,-0.0003676
1790583240.8,1790583000,240.8,59.2,82963.12,chainlink,82974.78,twap60,82963.12,5.264,0.3066,0.110,0.120,121.00,0.880,0.890,353.56,0.07,5,340.13,1877.04,454.12,0.0000332,0.0002296,-0.0001279
1790583255.8,1790583000,255.8,44.2,82969.46,chainlink,82974.78,twap60,82960.15,5.264,0.3004,0.400,0.410,40.00,0.590,0.600,421.46,0.07,5,418.96,970.94,145.00,0.0000940,0.0005746,-0.0001424
1790583270.9,1790583000,270.9,29.1,82988.72,chainlink,82974.78,twap60,82971.93,5.264,0.7473,0.970,0.980,2393.10,0.020,0.030,303.31,0.07,5,303.31,1641.31,4013.10,0.0001403,0.0005480,0.0000303
1790583285.9,1790583000,285.9,14.1,82974.27,chainlink,82974.78,twap60,82975.94,5.264,0.6122,0.860,0.880,15.00,0.130,0.140,15.00,0.07,5,15.00,25.00,470.00,-0.0002056,0.0001676,0.0001203
1790583315.9,1790583300,15.9,284.1,83001.87,chainlink,82975.86,twap60,,5.287,0.6236,0.630,0.640,2199.27,0.360,0.370,25.00,0.07,5,25.00,622.47,3931.98,0.0002166,0.0002987,0.0008123
1790583330.9,1790583300,30.9,269.1,82998.10,chainlink,82975.86,twap60,,5.287,0.6094,0.630,0.640,23.14,0.350,0.360,376.66,0.07,5,698.00,1854.60,1589.67,-0.0000455,0.0000816,0.0008302
1790583346.0,1790583300,46.0,254.0,82973.06,chainlink,82975.86,twap60,,5.287,0.4856,0.520,0.530,1287.35,0.470,0.480,316.00,0.07,5,296.00,1545.60,2190.35,-0.0003017,-0.0000102,0.0005348
1790583361.0,1790583300,61.0,239.0,82975.87,chainlink,82975.86,twap60,,5.287,0.5000,0.560,0.570,10.00,0.430,0.440,773.70,0.07,5,795.85,2978.24,720.00,0.0000141,-0.0000967,0.0003412
1790583375.0,1790583300,75.0,225.0,82984.94,chainlink,82975.86,twap60,,5.287,0.5502,0.600,0.610,756.77,0.390,0.400,5.00,0.07,5,5.00,133.77,2810.37,0.0001162,-0.0002041,0.0003684
1790583390.0,1790583300,90.0,210.0,82997.19,chainlink,82975.86,twap60,,5.287,0.6215,0.640,0.650,276.66,0.350,0.360,329.00,0.07,5,608.99,1590.99,2365.27,0.0001447,-0.0000109,0.0003853
1790583405.0,1790583300,105.0,195.0,82960.34,chainlink,82975.86,twap60,,5.287,0.4068,0.520,0.530,1542.84,0.470,0.480,10.00,0.07,5,10.00,321.99,2497.06,-0.0004435,-0.0001731,0.0000642
1790583420.1,1790583300,120.1,179.9,83011.85,chainlink,82975.86,twap60,,5.287,0.7175,0.730,0.740,291.84,0.250,0.260,10.00,0.07,5,80.00,420.00,4122.33,0.0004661,0.0004404,0.0006894
1790583435.1,1790583300,135.1,164.9,82998.18,chainlink,82975.86,twap60,,5.287,0.6472,0.630,0.640,724.89,0.360,0.370,25.00,0.07,5,5.00,900.41,2769.89,-0.0001645,0.0001566,
1790583450.1,1790583300,150.1,149.9,82998.34,chainlink,82975.86,twap60,,5.287,0.6574,0.610,0.620,2.43,0.380,0.390,579.59,0.07,5,589.59,1652.25,2.43,-0.0000218,0.0000144,
1790583465.1,1790583300,165.1,134.9,82976.24,chainlink,82975.86,twap60,,5.287,0.5029,0.530,0.540,616.66,0.460,0.470,10.17,0.07,5,10.17,392.97,2266.05,-0.0001776,0.0000371,0.0005541
1790583480.1,1790583300,180.1,119.9,82964.22,chainlink,82975.86,twap60,,5.287,0.4027,0.400,0.410,100.00,0.590,0.600,684.64,0.07,5,674.64,1264.11,1669.00,-0.0001436,-0.0005737,0.0002429
1790583495.2,1790583300,195.2,104.8,82955.79,chainlink,82975.86,twap60,,5.287,0.3187,0.330,0.340,1099.07,0.660,0.670,104.78,0.07,5,107.83,495.83,2432.55,-0.0000196,-0.0005345,0.0004099
1790583510.2,1790583300,210.2,89.8,82937.93,chainlink,82975.86,twap60,,5.287,0.1547,0.150,0.160,193.66,0.840,0.850,78.33,0.07,5,78.33,1291.93,997.69,-0.0002589,-0.0006394,-0.0000642
1790583525.2,1790583300,225.2,74.8,82922.36,chainlink,82975.86,twap60,,5.287,0.0431,0.020,0.030,287.45,0.970,0.980,2843.00,0.07,5,2843.00,7082.76,1476.45,-0.0002007,-0.0006483,-0.0004582
1790583540.2,1790583300,240.2,59.8,82919.23,chainlink,82975.86,twap60,82919.23,5.287,0.0080,,0.010,14333.46,0.990,,,0.07,5,,,16728.23,-0.0000300,-0.0004604,-0.0005116
1790583555.2,1790583300,255.2,44.8,82896.74,chainlink,82975.86,twap60,82902.25,5.287,0.0010,,0.010,35794.57,0.990,,,0.07,5,,,38506.80,-0.0002148,-0.0007557,-0.0009688
1790583570.3,1790583300,270.3,29.7,82906.34,chainlink,82975.86,twap60,82902.73,5.287,0.0010,,0.010,51742.91,0.990,,,0.07,5,,,53801.80,0.0001182,-0.0003938,-0.0010246
1790583585.3,1790583300,285.3,14.7,82898.58,chainlink,82975.86,twap60,82904.47,5.287,0.0010,,0.010,72368.61,0.990,,,0.07,5,,,74576.42,-0.0001855,-0.0002791,-0.0009083
1790583615.3,1790583600,15.3,284.7,82884.59,chainlink,82906.11,twap60,,5.442,0.4002,0.460,0.470,314.24,0.530,0.540,5.00,0.07,5,5.00,628.00,2740.24,-0.0003022,-0.0001441,-0.0014140
1790583630.3,1790583600,30.3,269.7,82898.30,chainlink,82906.11,twap60,,5.442,0.4623,0.450,0.460,144.94,0.540,0.550,300.00,0.07,5,300.00,1558.00,3149.18,0.0000920,-0.0001889,-0.0012031
1790583645.4,1790583600,45.4,254.6,82881.68,chainlink,82906.11,twap60,,5.442,0.3796,0.300,0.310,75.60,0.690,0.700,1394.80,0.07,5,1258.60,3167.02,1613.60,-0.0002007,-0.0003514,-0.0011217
1790583660.4,1790583600,60.4,239.6,82884.49,chainlink,82906.11,twap60,,5.442,0.3893,0.300,0.310,90.00,0.690,0.700,1088.05,0.07,5,1088.05,2025.05,525.00,0.0000341,-0.0003033,-0.0010949
1790583675.4,1790583600,75.4,224.6,82877.31,chainlink,82906.11,twap60,,5.442,0.3484,0.330,0.340,1429.48,0.660,0.670,5.00,0.07,5,5.00,925.00,2341.48,-0.0000731,-0.0001611,-0.0013007
1790583690.5,1790583600,90.5,209.5,82873.98,chainlink,82906.11,twap60,,5.442,0.3251,0.280,0.290,394.73,0.710,0.720,95.00,0.07,5,95.00,1380.00,2032.73,-0.0000389,-0.0002935,-0.0014849
1790583705.5,1790583600,105.5,194.5,82873.67,chainlink,82906.11,twap60,,5.442,0.3157,0.250,0.260,19.00,0.740,0.750,1670.36,0.07,5,1630.36,2906.36,617.64,-0.0000002,-0.0000965,-0.0011998
1790583720.5,1790583600,120.5,179.5,82867.63,chainlink,82906.11,twap60,,5.442,0.2747,0.220,0.230,181.00,0.760,0.770,33.50,0.07,5,80.00,1393.19,2379.65,-0.0000830,-0.0001899,-0.0017386
1790583735.5,1790583600,135.5,164.5,82859.02,chainlink,82906.11,twap60,,5.442,0.2190,0.160,0.170,594.27,0.830,0.840,251.00,0.07,5,251.00,1473.75,1973.27,-0.0001116,-0.0002194,-0.0017017
1790583750.6,1790583600,150.6,149.4,82860.33,chainlink,82906.11,twap60,,5.442,0.2107,0.140,0.150,130.00,0.850,0.860,947.08,0.07,5,947.08,2110.36,653.36,0.0000161,-0.0001611,-0.0015755
1790583765.6,1790583600,165.6,134.4,82874.42,chainlink,82906.11,twap60,,5.442,0.2745,0.170,0.180,505.50,0.820,0.830,50.00,0.07,5,50.00,842.10,1780.83,0.0001706,-0.0000011,-0.0012266
1790583780.6,1790583600,180.6,119.4,82860.96,chainlink,82906.11,twap60,,5.442,0.1759,0.080,0.090,576.27,0.920,0.930,7.17,0.07,5,38.03,1609.10,1829.50,-0.0001097,-0.0000882,-0.0011634
1790583795.6,1790583600,195.6,104.4,82861.54,chainlink,82906.11,twap60,,5.442,0.1536,0.070,0.080,456.13,0.920,0.930,20.00,0.07,5,20.00,1775.64,1209.24,-0.0000032,0.0000307,-0.0011804
1790583810.7,1790583600,210.7,89.3,82863.12,chainlink,82906.11,twap60,,5.442,0.1304,0.030,0.040,294.29,0.970,0.980,3623.40,0.07,5,40.00,11247.31,965.88,0.0000261,0.0000343,-0.0009152
1790583825.7,1790583600,225.7,74.3,82855.01,chainlink,82906.11,twap60,,5.442,0.0545,0.010,0.020,268.03,0.980,0.990,317.70,0.07,5,340.74,340.74,1562.58,-0.0001010,-0.0001814,-0.0008048
1790583840.7,1790583600,240.7,59.3,82842.16,chainlink,82906.11,twap60,82842.16,5.442,0.0038,,0.010,4528.13,0.990,,,0.07,5,,,6220.13,-0.0001601,-0.0002371,-0.0008735
1790583855.7,1790583600,255.7,44.3,82838.21,chainlink,82906.11,twap60,82849.35,5.442,0.0010,,0.010,33689.98,0.990,,,0.07,5,,,37017.62,-0.0002191,-0.0002746,-0.0007038
1790583870.7,1790583600,270.7,29.3,82827.13,chainlink,82906.11,twap60,82838.50,5.442,0.0010,,0.010,45038.64,0.990,,,0.07,5,,,47220.75,-0.0000216,-0.0004376,-0.0010478
1790583885.7,1790583600,285.7,14.3,82799.53,chainlink,82906.11,twap60,82830.05,5.442,0.0010,,0.010,66431.31,0.990,,,0.07,5,,,68389.42,-0.0003367,-0.0006748,-0.0013430
1790583915.8,1790583900,15.8,284.2,82820.32,chainlink,82825.17,twap60,,5.302,0.4766,0.520,0.530,301.66,0.460,0.470,22.00,0.07,5,27.26,759.26,3275.95,0.0003898,-0.0001039,-0.0008491
1790583930.8,1790583900,30.8,269.2,82801.61,chainlink,82825.17,twap60,,5.302,0.3846,0.350,0.360,247.88,0.640,0.650,10.00,0.07,5,71.00,2016.41,1368.19,-0.0002469,-0.0003116,-0.0011671
1790583945.8,1790583900,45.8,254.2,82792.88,chainlink,82825.17,twap60,,5.302,0.3386,0.340,0.350,117.60,0.650,0.660,465.00,0.07,5,515.00,2428.41,1028.60,-0.0000910,-0.0001917,-0.0010719
1790583960.8,1790583900,60.8,239.2,82787.92,chainlink,82825.17,twap60,,5.302,0.3093,0.290,0.300,1619.00,0.700,0.710,47.95,0.07,5,22.95,1969.60,3007.00,-0.0000612,-0.0000015,-0.0011523
1790583975.9,1790583900,75.9,224.1,82800.44,chainlink,82825.17,twap60,,5.302,0.3655,0.390,0.400,381.00,0.600,0.610,50.00,0.07,5,299.66,1504.36,1329.00,0.0001510,-0.0002611,-0.0009267
1790583990.9,1790583900,90.9,209.1,82833.30,chainlink,82825.17,twap60,,5.302,0.5469,0.740,0.750,546.69,0.250,0.260,99.00,0.07,5,62.00,89.00,1955.04,0.0003938,0.0003972,-0.0004874
1790584005.9,1790583900,105.9,194.1,82864.78,chainlink,82825.17,twap60,,5.302,0.7263,0.820,0.830,1459.47,0.170,0.180,105.00,0.07,5,105.00,552.00,3273.07,0.0002876,0.0008668,-0.0001174
1790584020.9,1790583900,120.9,179.1,82886.19,chainlink,82825.17,twap60,,5.302,0.8354,0.880,0.890,678.46,0.110,0.120,189.54,0.07,5,189.54,1528.40,2736.89,0.0002351,0.0011861,0.0002162
1790584035.9,1790583900,135.9,164.1,82889.13,chainlink,82825.17,twap60,,5.302,0.8606,0.840,0.850,264.66,0.150,0.160,114.00,0.07,5,15.00,670.00,2093.35,0.0000251,0.0010676,0.0003636
1790584050.9,1790583900,150.9,149.1,82856.32,chainlink,82825.17,twap60,,5.302,0.7131,0.760,0.770,422.84,0.230,0.240,208.00,0.07,5,198.00,1182.55,2733.29,-0.0003928,0.0001854,-0.0000479
1790584066.0,1790583900,166.0,134.0,82835.46,chainlink,82825.17,twap60,,5.302,0.5793,0.640,0.650,5.60,0.360,0.370,486.66,0.07,5,317.19,2625.39,728.41,-0.0002552,-0.0003771,-0.0004175
1790584081.0,1790583900,181.0,119.0,82832.22,chainlink,82825.17,twap60,,5.302,0.5594,0.470,0.480,124.59,0.520,0.530,50.00,0.07,5,50.00,801.00,895.88,-0.0000454,-0.0006617,-0.0003570
1790584096.0,1790583900,196.0,104.0,82836.85,chainlink,82825.17,twap60,,5.302,0.6084,0.700,0.710,226.61,0.290,0.300,95.42,0.07,5,95.53,610.53,1525.61,0.0001672,-0.0006277,-0.0002911
1790584110.0,1790583900,210.0,90.0,82820.79,chainlink,82825.17,twap60,,5.302,0.4535,0.470,0.480,20.00,0.520,0.530,282.88,0.07,5,235.88,2172.88,464.00,-0.0002124,-0.0004322,-0.0005141
1790584125.0,1790583900,225.0,75.0,82820.59,chainlink,82825.17,twap60,,5.302,0.4419,0.500,0.510,34.13,0.490,0.500,31.88,0.07,5,38.00,559.84,1368.13,0.0000125,-0.0001858,-0.0004205
1790584140.0,1790583900,240.0,60.0,82820.52,chainlink,82825.17,twap60,82820.08,5.302,0.4222,0.160,0.170,119.39,0.830,0.840,624.84,0.07,5,614.84,968.84,455.39,-0.0000154,-0.0000299,-0.0004327
1790584155.1,1790583900,255.1,44.9,82808.43,chainlink,82825.17,twap60,82813.08,5.302,0.1553,0.030,0.040,305.39,0.960,0.970,227.19,0.07,5,227.19,6573.78,1301.39,-0.0001073,-0.0003618,-0.0002475
1790584170.1,1790583900,270.1,29.9,82791.10,chainlink,82825.17,twap60,82806.53,5.302,0.0010,,0.010,26481.18,0.990,,,0.07,5,,,27726.54,-0.0002095,-0.0003437,-0.0004386
1790584185.1,1790583900,285.1,14.9,82793.62,chainlink,82825.17,twap60,82801.22,5.302,0.0010,,0.010,56977.89,0.990,,,0.07,5,,,58518.37,0.0000288,-0.0003403,-0.0001827
1790584215.1,1790584200,15.1,284.9,82827.03,chainlink,82799.85,twap60,,5.581,0.6222,0.730,0.740,43.00,0.260,0.270,781.26,0.07,5,781.26,2208.72,1937.48,0.0003303,0.0002244,0.0000601
1790584230.1,1790584200,30.1,269.9,82837.28,chainlink,82799.85,twap60,,5.581,0.6709,0.540,0.570,10.00,0.450,0.470,1659.73,0.07,5,217.00,3179.73,207.00,-0.0000195,0.0005560,0.0004452
1790584245.2,1790584200,45.2,254.8,82825.34,chainlink,82799.85,twap60,,5.581,0.6223,0.640,0.650,585.52,0.350,0.360,61.00,0.07,5,61.00,793.00,2400.66,0.0000750,0.0003841,0.0003908
1790584260.2,1790584200,60.2,239.8,82822.51,chainlink,82799.85,twap60,,5.581,0.6130,0.600,0.610,178.70,0.390,0.400,322.03,0.07,5,317.03,2248.04,1123.70,-0.0000314,0.0002757,0.0004175
1790584275.2,1790584200,75.2,224.8,82836.56,chainlink,82799.85,twap60,,5.581,0.6858,0.680,0.690,30.00,0.310,0.320,1397.33,0.07,5,1392.33,2158.33,584.87,0.0002269,-0.0000281,0.0004332
1790584290.2,1790584200,90.2,209.8,82842.60,chainlink,82799.85,twap60,,5.581,0.7217,0.770,0.780,876.94,0.220,0.230,137.00,0.07,5,137.00,1250.00,2993.83,0.0000728,0.0002834,0.0000199
1790584305.2,1790584200,105.2,194.8,82827.98,chainlink,82799.85,twap60,,5.581,0.6573,0.720,0.750,339.51,0.250,0.280,72.00,0.07,5,40.00,362.00,2103.34,-0.0001753,0.0000347,-0.0004674
1790584320.3,1790584200,120.3,179.7,82843.91,chainlink,82799.85,twap60,,5.581,0.7479,0.820,0.830,429.06,0.170,0.180,175.91,0.07,5,180.91,1180.91,2444.65,0.0002056,0.0003156,-0.0005206
1790584335.3,1790584200,135.3,164.7,82860.06,chainlink,82799.85,twap60,,5.581,0.8330,0.900,0.910,394.00,0.110,0.120,266.08,0.07,5,330.76,1841.61,2177.27,0.0001957,0.0002836,-0.0003476
1790584350.3,1790584200,150.3,149.7,82861.70,chainlink,82799.85,twap60,,5.581,0.8550,0.920,0.930,479.06,0.070,0.080,969.21,0.07,5,969.21,2625.39,1929.35,0.0000237,0.0002317,0.0000616
1790584365.3,1790584200,165.3,134.7,82873.94,chainlink,82799.85,twap60,,5.581,0.9138,0.960,0.970,935.11,0.030,0.040,376.23,0.07,5,376.23,2544.71,16867.78,0.0001041,0.0005681,0.0004582
1790584380.3,1790584200,180.3,119.7,82875.45,chainlink,82799.85,twap60,,5.581,0.9355,0.970,0.980,2847.14,0.020,0.030,531.31,0.07,5,531.31,3615.29,11007.51,0.0000126,0.0003813,0.0006330
1790584395.4,1790584200,195.4,104.6,82877.04,chainlink,82799.85,twap60,,5.581,0.9573,0.980,0.990,2233.77,0.010,0.020,2190.64,0.07,5,2185.64,4972.78,2233.77,0.0000178,0.0002088,0.0004665
1790584410.4,1790584200,210.4,89.6,82902.61,chainlink,82799.85,twap60,,5.581,0.9955,0.990,,,,0.010,16098.69,0.07,5,16083.54,19194.80,,0.0002862,0.0004499,0.0010023
1790584425.4,1790584200,225.4,74.6,82895.90,chainlink,82799.85,twap60,,5.581,0.9983,0.990,,,,0.010,19098.24,0.07,5,19078.24,22219.96,,-0.0001046,0.0002594,0.0008944
1790584440.4,1790584200,240.4,59.6,82903.19,chainlink,82799.85,twap60,82903.12,5.581,0.9990,0.990,,,,0.010,32263.85,0.07,5,32263.85,34835.68,,0.0001027,0.0003333,0.0010365
1790584455.4,1790584200,255.4,44.6,82901.46,chainlink,82799.85,twap60,82902.54,5.581,0.9990,0.990,,,,0.010,42549.46,0.07,5,42549.46,45396.10,,-0.0000199,0.0002724,0.0011227
1790584470.5,1790584200,270.5,29.5,82898.56,chainlink,82799.85,twap60,82904.45,5.581,0.9990,0.990,,,,0.010,51057.59,0.07,5,51087.59,54173.09,,-0.0001491,-0.0000726,0.0012956
1790584485.5,1790584200,285.5,14.5,82888.55,chainlink,82799.85,twap60,82900.93,5.581,0.9990,0.990,,,,0.010,70070.94,0.07,5,70100.94,73186.44,,-0.0001206,-0.0000739,0.0011469
1790584515.5,1790584500,15.5,284.5,82927.50,chainlink,82898.61,twap60,,5.595,0.6294,0.670,0.680,98.00,0.320,0.330,1546.05,0.07,5,1546.05,2913.58,2024.51,0.0004096,0.0001999,0.0010691
1790584530.6,1790584500,30.6,269.4,82924.10,chainlink,82898.61,twap60,,5.595,0.6182,0.610,0.620,28.00,0.380,0.390,1739.05,0.07,5,1739.05,4282.05,671.00,-0.0000394,0.0003081,0.0012667
1790584545.6,1790584500,45.6,254.4,82921.77,chainlink,82898.61,twap60,,5.595,0.6113,0.620,0.630,85.00,0.370,0.380,708.68,0.07,5,731.18,1905.18,1490.00,-0.0000035,0.0003956,0.0011665
1790584560.6,1790584500,60.6,239.4,82912.34,chainlink,82898.61,twap60,,5.595,0.5690,0.440,0.450,41.55,0.550,0.560,1418.00,0.07,5,1635.66,3733.66,774.76,-0.0001160,0.0002268,0.0011413
1790584575.6,1790584500,75.6,224.4,82886.54,chainlink,82898.61,twap60,,5.595,0.4369,0.310,0.320,95.00,0.680,0.690,1424.61,0.07,5,1424.61,2712.08,768.41,-0.0002624,-0.0004924,0.0006031
1790584590.6,1790584500,90.6,209.4,82859.00,chainlink,82898.61,twap60,,5.595,0.2932,0.210,0.220,45.00,0.780,0.790,1490.49,0.07,5,1500.49,3990.36,2110.83,-0.0003185,-0.0007608,0.0001991
1790584605.7,1790584500,105.7,194.3,82861.03,chainlink,82898.61,twap60,,5.595,0.2944,0.160,0.170,20.00,0.830,0.840,1131.32,0.07,5,1131.32,3721.90,475.00,0.0000370,-0.0007350,0.0004123
1790584620.7,1790584500,120.7,179.3,82878.68,chainlink,82898.61,twap60,,5.595,0.3814,0.450,0.470,954.21,0.530,0.550,82.32,0.07,5,82.32,126.32,2533.21,0.0002191,-0.0003573,0.0004204
1790584635.7,1790584500,135.7,164.3,82859.09,chainlink,82898.61,twap60,,5.595,0.2632,0.240,0.250,19.00,0.750,0.760,343.22,0.07,5,353.22,2375.31,833.60,-0.0002403,-0.0003174,-0.0000078
1790584650.7,1790584500,150.7,149.3,82851.28,chainlink,82898.61,twap60,,5.595,0.2092,0.100,0.110,1147.58,0.890,0.900,444.64,0.07,5,444.64,2322.88,2860.58,-0.0000958,-0.0000807,-0.0001695
1790584665.8,1790584500,165.8,134.2,82838.44,chainlink,82898.61,twap60,,5.595,0.1340,0.050,0.060,103.10,0.940,0.950,1137.28,0.07,5,1083.58,9122.63,1477.10,-0.0000799,-0.0002666,-0.0004341
1790584680.8,1790584500,180.8,119.2,82819.90,chainlink,82898.61,twap60,,5.595,0.0570,0.020,0.030,2440.15,0.970,0.980,2400.44,0.07,5,2400.44,5058.67,5443.14,-0.0002235,-0.0007135,-0.0006720
1790584695.8,1790584500,195.8,104.2,82743.45,chainlink,82898.61,twap60,,5.595,0.0010,,0.010,18623.17,0.990,,,0.07,5,,,22050.34,-0.0008571,-0.0013980,-0.0016354
1790584710.8,1790584500,210.8,89.2,82790.79,chainlink,82898.61,twap60,,5.595,0.0030,,0.010,16949.83,0.990,,,0.07,5,,,20387.38,0.0005397,-0.0006553,-0.0013735
1790584725.8,1790584500,225.8,74.2,82820.32,chainlink,82898.61,twap60,,5.595,0.0083,,0.010,6865.62,0.990,,,0.07,5,,,9818.17,0.0003681,-0.0002184,-0.0008974
1790584740.9,1790584500,240.9,59.1,82843.35,chainlink,82898.61,twap60,82843.35,5.595,0.0120,,0.010,4124.36,0.990,,,0.07,5,,,6883.22,0.0002132,0.0003495,-0.0007211
1790584755.9,1790584500,255.9,44.1,82816.85,chainlink,82898.61,twap60,82828.22,5.595,0.0010,,0.010,33483.07,0.990,,,0.07,5,,,36791.00,-0.0003159,0.0008545,-0.0011353
1790584770.9,1790584500,270.9,29.1,82832.97,chainlink,82898.61,twap60,82824.92,5.595,0.0010,,0.001,21269.01,0.999,,,0.07,5,,,81923.13,0.0002171,0.0005208,-0.0007914
1790584785.9,1790584500,285.9,14.1,82791.06,chainlink,82898.61,twap60,82816.73,5.595,0.0010,,0.001,26809.01,0.999,,,0.07,5,,,88865.64,-0.0004889,-0.0004183,-0.0011820
1790584816.0,1790584800,16.0,284.0,82829.98,chainlink,82816.70,twap60,,5.379,0.5628,0.510,0.520,1159.03,0.480,0.490,20.00,0.07,5,20.00,1859.00,2716.63,-0.0000873,0.0001809,-0.0011751
1790584831.0,1790584800,31.0,269.0,82869.39,chainlink,82816.70,twap60,,5.379,0.7413,0.690,0.700,2602.32,0.300,0.310,5.00,0.07,5,5.00,143.00,5920.35,0.0004861,0.0004568,-0.0006355
1790584846.0,1790584800,46.0,254.0,82845.27,chainlink,82816.70,twap60,,5.379,0.6417,0.710,0.720,52.77,0.280,0.290,573.87,0.07,5,573.87,1981.87,780.77,-0.0002658,0.0006541,-0.0009252
1790584860.0,1790584800,60.0,240.0,82848.47,chainlink,82816.70,twap60,,5.379,0.6619,0.580,0.590,483.76,0.410,0.420,336.00,0.07,5,346.00,1711.00,2763.52,0.0000397,0.0001360,-0.0007218
1790584875.0,1790584800,75.0,225.0,82808.77,chainlink,82816.70,twap60,,5.379,0.4568,0.450,0.460,10.00,0.540,0.550,1676.25,0.07,5,1676.25,3603.25,1238.53,-0.0003828,-0.0002456,-0.0009249
1790584890.1,1790584800,90.1,209.9,82813.91,chainlink,82816.70,twap60,,5.379,0.4841,0.570,0.580,283.66,0.420,0.430,193.66,0.07,5,193.66,609.66,3766.66,0.0000799,-0.0006445,-0.0005319
1790584905.1,1790584800,105.1,194.9,82827.26,chainlink,82816.70,twap60,,5.379,0.5627,0.600,0.610,25.00,0.370,0.380,464.66,0.07,5,1523.88,3372.93,418.00,0.0000622,-0.0002164,-0.0004015
1790584920.1,1790584800,120.1,179.9,82829.37,chainlink,82816.70,twap60,,5.379,0.5789,0.690,0.700,139.92,0.300,0.310,111.00,0.07,5,111.00,2366.19,1191.27,0.0000075,-0.0001341,-0.0005991
1790584935.1,1790584800,135.1,164.9,82848.58,chainlink,82816.70,twap60,,5.379,0.7021,0.750,0.760,1389.03,0.240,0.250,40.00,0.07,5,40.00,888.77,3198.27,0.0001367,0.0004985,-0.0001283
1790584950.1,1790584800,150.1,149.9,82829.92,chainlink,82816.70,twap60,,5.379,0.5927,0.620,0.630,17.00,0.370,0.380,5.00,0.07,5,5.00,5.00,67.00,-0.0002197,0.0000943,-0.0001827
1790584965.1,1790584800,165.1,134.9,82831.16,chainlink,82816.70,twap60,,5.379,0.6088,0.620,0.630,1976.97,0.370,0.380,30.00,0.07,5,30.00,234.50,4638.97,-0.0000377,0.0000292,-0.0000875
1790584980.2,1790584800,180.2,119.8,82836.99,chainlink,82816.70,twap60,,5.379,0.6635,0.790,0.800,503.66,0.200,0.210,195.77,0.07,5,364.43,3050.55,1201.66,0.0000508,-0.0000032,0.0002727
1790584995.2,1790584800,195.2,104.8,82858.51,chainlink,82816.70,twap60,,5.379,0.8328,0.900,0.910,995.45,0.090,0.100,45.00,0.07,5,45.00,861.71,2825.12,0.0001365,0.0001254,0.0013575
1790585010.2,1790584800,210.2,89.8,82860.18,chainlink,82816.70,twap60,,5.379,0.8740,0.940,0.950,1205.68,0.050,0.060,260.57,0.07,5,315.57,1745.99,9017.83,-0.0000084,0.0003126,0.0008493
1790585025.2,1790584800,225.2,74.8,82840.64,chainlink,82816.70,twap60,,5.379,0.7747,0.770,0.790,22.00,0.210,0.220,40.00,0.07,5,80.00,220.00,108.66,-0.0002470,0.0000948,0.0001804
1790585040.2,1790584800,240.2,59.8,82841.17,chainlink,82816.70,twap60,82841.06,5.379,0.8469,0.940,0.950,47.19,0.050,0.060,316.00,0.07,5,316.00,1803.13,5795.62,0.0000128,-0.0000729,-0.0000223
1790585055.3,1790584800,255.3,44.8,82842.00,chainlink,82816.70,twap60,82841.90,5.379,0.9486,0.970,0.980,686.54,0.020,0.030,1090.07,0.07,5,1110.07,3063.05,3376.20,0.0000103,-0.0002278,0.0003262
1790585070.3,1790584800,270.3,29.7,82860.97,chainlink,82816.70,twap60,82847.75,5.379,0.9990,0.990,,,,0.010,48283.22,0.07,5,48283.22,51156.64,,0.0002288,-0.0000015,0.0003553
1790585085.3,1790584800,285.3,14.7,82878.07,chainlink,82816.70,twap60,82855.12,5.379,0.9990,0.990,,,,0.010,71981.53,0.07,5,71981.53,74765.62,,0.0002098,0.0004582,0.0010499
1790585115.3,1790585100,15.3,284.7,82884.30,chainlink,82859.84,twap60,,5.421,0.6135,0.670,0.680,1447.26,0.320,0.330,269.86,0.07,5,259.86,828.46,4139.97,0.0000430,0.0005103,0.0006661
1790585130.3,1790585100,30.3,269.7,82887.17,chainlink,82859.84,twap60,,5.421,0.6303,0.660,0.670,308.14,0.330,0.340,361.71,0.07,5,361.71,2575.21,2738.34,0.0000104,0.0003196,0.0002397
1790585145.4,1790585100,45.4,254.6,82863.14,chainlink,82859.84,twap60,,5.421,0.5166,0.520,0.530,103.38,0.470,0.480,819.23,0.07,5,819.23,3142.83,1641.98,-0.0002899,-0.0001901,0.0002167
1790585160.4,1790585100,60.4,239.6,82866.87,chainlink,82859.84,twap60,,5.421,0.5366,0.560,0.570,1625.88,0.430,0.440,20.00,0.07,5,20.00,657.00,2654.86,0.0000554,-0.0001673,0.0003186
1790585175.4,1790585100,75.4,224.6,82868.78,chainlink,82859.84,twap60,,5.421,0.5483,0.580,0.590,1454.16,0.410,0.420,45.00,0.07,5,45.00,809.00,3360.88,0.0000160,-0.0002114,0.0007424
1790585190.4,1790585100,90.4,209.6,82868.85,chainlink,82859.84,twap60,,5.421,0.5508,0.590,0.600,48.42,0.400,0.410,798.41,0.07,5,798.41,3363.89,1201.21,0.0000021,-0.0002210,0.0005642
1790585205.5,1790585100,105.5,194.5,82886.52,chainlink,82859.84,twap60,,5.421,0.6539,0.840,0.850,490.55,0.150,0.160,160.00,0.07,5,160.00,1307.00,1913.21,0.0002134,0.0002925,0.0006973
1790585220.5,1790585100,120.5,179.5,82912.18,chainlink,82859.84,twap60,,5.421,0.7931,0.880,0.890,214.85,0.110,0.120,575.52,0.07,5,575.52,3280.46,1922.61,0.0003090,0.0005395,0.0009040
1790585235.5,1790585100,135.5,164.5,82939.81,chainlink,82859.84,twap60,,5.421,0.9069,0.920,0.930,65.00,0.070,0.080,1092.99,0.07,5,1102.99,3808.99,2638.14,0.0002446,0.0008580,0.0011060
1790585250.5,1790585100,150.5,149.5,82929.39,chainlink,82859.84,twap60,,5.421,0.8899,0.920,0.930,552.65,0.070,0.080,217.66,0.07,5,227.66,2355.66,3697.70,-0.0001130,0.0007304,0.0011474
1790585265.5,1790585100,165.5,134.5,82928.22,chainlink,82859.84,twap60,,5.421,0.9029,0.960,0.970,1536.09,0.030,0.040,495.40,0.07,5,495.40,2191.39,18962.29,-0.0000345,0.0005025,0.0011516
1790585280.6,1790585100,180.6,119.4,82935.48,chainlink,82859.84,twap60,,5.421,0.9413,0.970,0.980,4143.25,0.020,0.030,88.62,0.07,5,98.62,3030.54,12384.86,0.0000812,0.0001924,0.0010649
1790585295.6,1790585100,195.6,104.4,82924.89,chainlink,82859.84,twap60,,5.421,0.9326,0.920,0.950,232.66,0.050,0.080,52.00,0.07,5,82.00,926.54,4958.98,-0.0001293,-0.0001672,0.0007723
1790585310.6,1790585100,210.6,89.4,82929.19,chainlink,82859.84,twap60,,5.421,0.9657,0.970,0.980,1782.08,0.020,0.030,1464.62,0.07,5,1464.62,4185.12,4477.06,0.0000870,-0.0000228,0.0008214
1790585325.6,1790585100,225.6,74.4,82922.61,chainlink,82859.84,twap60,,5.421,0.9759,0.980,0.990,1841.90,0.010,0.020,2074.09,0.07,5,2054.09,4583.48,1841.90,-0.0000677,-0.0000740,0.0009955
1790585340.7,1790585100,240.7,59.3,82915.48,chainlink,82859.84,twap60,82915.48,5.421,0.9902,0.990,,,,0.010,14819.18,0.07,5,14819.18,17670.18,,-0.0000934,-0.0002428,0.0008969
1790585355.7,1790585100,255.7,44.3,82890.51,chainlink,82859.84,twap60,82906.82,5.421,0.9884,0.990,,,,0.010,8189.86,0.07,5,8189.86,11027.90,,-0.0002781,-0.0003796,0.0005852
1790585370.7,1790585100,270.7,29.3,82882.05,chainlink,82859.84,twap60,82895.29,5.421,0.9990,0.990,,,,0.010,40520.39,0.07,5,40520.39,42949.43,,-0.0000360,-0.0005569,0.0002579
1790585385.7,1790585100,285.7,14.3,82881.24,chainlink,82859.84,twap60,82891.89,5.421,0.9990,0.999,,,,0.001,29121.56,0.07,5,29121.56,91379.93,,-0.0000774,-0.0005064,0.0000283
1790585415.8,1790585400,15.8,284.2,82875.74,chainlink,82889.00,twap60,,5.425,0.4379,0.410,0.420,10.00,0.570,0.580,297.65,0.07,5,585.07,2747.28,1682.76,0.0000255,-0.0001122,-0.0001274
1790585430.8,1790585400,30.8,269.2,82872.82,chainlink,82889.00,twap60,,5.425,0.4219,0.480,0.490,441.77,0.510,0.520,25.00,0.07,5,25.00,1327.60,1766.39,-0.0000439,-0.0001791,-0.0001731
1790585445.8,1790585400,45.8,254.2,82882.85,chainlink,82889.00,twap60,,5.425,0.4691,0.380,0.390,119.21,0.610,0.620,974.32,0.07,5,974.32,1934.63,766.24,0.0000589,0.0000175,0.0002482
1790585460.8,1790585400,60.8,239.2,82880.97,chainlink,82889.00,twap60,,5.425,0.4582,0.430,0.440,50.77,0.560,0.570,279.54,0.07,5,294.54,2487.14,879.23,0.0000348,0.0000886,0.0001630
1790585475.9,1790585400,75.9,224.1,82901.15,chainlink,82889.00,twap60,,5.425,0.5655,0.490,0.500,185.60,0.500,0.510,431.23,0.07,5,456.23,2195.24,816.96,0.0002426,0.0002979,0.0003918
1790585490.9,1790585400,90.9,209.1,82897.11,chainlink,82889.00,twap60,,5.425,0.5457,0.590,0.600,196.66,0.400,0.410,82.41,0.07,5,92.41,942.01,2492.66,0.0000056,0.0002309,0.0003411
1790585505.9,1790585400,105.9,194.1,82919.12,chainlink,82889.00,twap60,,5.425,0.6726,0.750,0.760,11.50,0.240,0.250,457.82,0.07,5,457.82,1343.07,1191.45,0.0002544,0.0004950,0.0003926
1790585520.9,1790585400,120.9,179.1,82917.77,chainlink,82889.00,twap60,,5.425,0.6735,0.770,0.780,1539.10,0.230,0.240,45.00,0.07,5,45.00,471.00,2730.36,-0.0000023,0.0004431,-0.0000211
1790585535.9,1790585400,135.9,164.1,82912.25,chainlink,82889.00,twap60,,5.425,0.6498,0.680,0.690,219.27,0.310,0.320,30.00,0.07,5,30.00,250.00,2365.29,-0.0000618,0.0001883,-0.0003196
1790585551.0,1790585400,151.0,149.0,82880.72,chainlink,82889.00,twap60,,5.425,0.4419,0.640,0.650,89.00,0.350,0.360,1346.04,0.07,5,1511.04,3060.04,458.90,-0.0003825,-0.0002088,-0.0006075
1790585566.0,1790585400,166.0,134.0,82905.24,chainlink,82889.00,twap60,,5.425,0.6212,0.690,0.700,317.58,0.300,0.310,50.00,0.07,5,50.00,165.00,2635.58,0.0002880,-0.0001535,-0.0002835
1790585581.0,1790585400,181.0,119.0,82924.66,chainlink,82889.00,twap60,,5.425,0.7702,0.850,0.860,400.66,0.140,0.150,173.30,0.07,5,173.30,1084.30,2009.51,0.0002244,0.0000879,-0.0001321
1790585595.0,1790585400,195.0,105.0,82933.70,chainlink,82889.00,twap60,,5.425,0.8467,0.930,0.940,468.38,0.060,0.070,85.00,0.07,5,85.00,2066.00,2859.53,0.0001030,0.0002565,0.0001413
1790585610.0,1790585400,210.0,90.0,82954.66,chainlink,82889.00,twap60,,5.425,0.9566,0.970,0.980,2225.04,0.020,0.030,938.09,0.07,5,938.09,3786.56,5108.28,0.0002528,0.0008839,0.0003187
1790585625.1,1790585400,225.1,74.9,82955.84,chainlink,82889.00,twap60,,5.425,0.9814,0.990,,,,0.010,7843.27,0.07,5,7843.27,11028.96,,0.0000137,0.0006003,0.0003932
1790585640.1,1790585400,240.1,59.9,82959.53,chainlink,82889.00,twap60,82960.70,5.425,0.9982,0.990,,,,0.010,13640.15,0.07,5,13640.15,16697.19,,0.0000051,0.0004144,0.0005542
1790585655.1,1790585400,255.1,44.9,82960.78,chainlink,82889.00,twap60,82959.43,5.425,0.9990,0.990,,,,0.010,35396.23,0.07,5,35396.23,38769.42,,0.0000017,0.0003266,0.0009134
1790585670.1,1790585400,270.1,29.9,82965.97,chainlink,82889.00,twap60,82961.07,5.425,0.9990,0.990,,,,0.010,48530.58,0.07,5,48530.58,51441.69,,0.0000717,0.0001359,0.0009444
1790585685.1,1790585400,285.1,14.9,82980.50,chainlink,82889.00,twap60,82966.33,5.425,0.9990,0.990,,,,0.010,68653.15,0.07,5,68653.15,71489.26,,0.0001799,0.0002579,0.0011950
1790585715.2,1790585700,15.2,284.8,82960.24,chainlink,82967.11,twap60,,5.264,0.4668,0.470,0.480,424.66,0.520,0.530,64.33,0.07,5,15.00,951.60,2672.16,0.0001219,0.0000026,0.0010104
1790585730.2,1790585700,30.2,269.8,82928.48,chainlink,82967.11,twap60,,5.264,0.3142,0.280,0.290,56.80,0.710,0.720,735.07,0.07,5,784.11,2772.23,692.70,-0.0003698,-0.0004471,0.0006093
1790585745.2,1790585700,45.2,254.8,82938.25,chainlink,82967.11,twap60,,5.264,0.3542,0.320,0.330,35.00,0.640,0.670,5.00,0.07,5,32.00,1238.00,164.25,0.0001079,-0.0005089,0.0007257
1790585760.2,1790585700,60.2,239.8,82941.34,chainlink,82967.11,twap60,,5.264,0.3645,0.340,0.350,470.60,0.650,0.660,164.76,0.07,5,164.76,1512.19,3011.81,-0.0001046,-0.0001059,0.0007273
1790585775.3,1790585700,75.3,224.7,82937.31,chainlink,82967.11,twap60,,5.264,0.3385,0.290,0.300,166.36,0.700,0.710,485.08,0.07,5,260.08,1996.17,2711.16,-0.0000491,-0.0002633,0.0004905
1790585790.3,1790585700,90.3,209.7,82942.32,chainlink,82967.11,twap60,,5.264,0.3589,0.300,0.310,122.00,0.690,0.700,341.59,0.07,5,341.59,2550.80,1647.40,0.0000611,0.0001570,0.0005343
1790585805.3,1790585700,105.3,194.7,82941.42,chainlink,82967.11,twap60,,5.264,0.3474,0.310,0.320,238.13,0.680,0.690,335.79,0.07,5,330.79,1656.79,2239.46,-0.0000134,-0.0001037,0.0002829
1790585820.3,1790585700,120.3,179.7,82944.72,chainlink,82967.11,twap60,,5.264,0.3595,0.230,0.240,140.00,0.760,0.770,214.56,0.07,5,214.56,1817.27,1917.00,0.0000423,0.0000402,0.0003298
1790585835.4,1790585700,135.4,164.6,82950.54,chainlink,82967.11,twap60,,5.264,0.3890,0.300,0.310,441.66,0.690,0.700,267.21,0.07,5,267.21,1616.21,2170.66,0.0000830,0.0001601,0.0004596
1790585850.4,1790585700,150.4,149.6,82946.63,chainlink,82967.11,twap60,,5.264,0.3551,0.330,0.340,90.00,0.650,0.660,154.00,0.07,5,389.51,1423.51,704.28,-0.0000317,0.0000494,0.0007871
1790585865.4,1790585700,165.4,134.6,82951.94,chainlink,82967.11,twap60,,5.264,0.3835,0.300,0.310,822.79,0.690,0.700,22.00,0.07,5,22.00,946.67,3371.79,0.0000131,0.0001294,0.0005533
1790585880.4,1790585700,180.4,119.6,82950.72,chainlink,82967.11,twap60,,5.264,0.3636,0.250,0.260,25.80,0.740,0.750,1526.95,0.07,5,1541.95,3227.95,393.36,-0.0000147,0.0000853,0.0003083
1790585895.4,1790585700,195.4,104.6,82954.33,chainlink,82967.11,twap60,,5.264,0.3812,0.280,0.290,153.41,0.710,0.720,103.74,0.07,5,103.74,1521.74,705.51,0.0000441,0.0000611,0.0002488
1790585910.4,1790585700,210.4,89.6,82947.05,chainlink,82967.11,twap60,,5.264,0.2942,0.130,0.140,861.50,0.860,0.870,89.15,0.07,5,89.15,1325.15,1421.34,-0.0000903,-0.0000459,-0.0000922
1790585925.5,1790585700,225.5,74.5,82934.63,chainlink,82967.11,twap60,,5.264,0.1468,0.020,0.030,844.45,0.970,0.980,3299.69,0.07,5,3279.69,6121.32,4470.73,-0.0001361,-0.0002087,-0.0002951
1790585940.5,1790585700,240.5,59.5,82915.06,chainlink,82967.11,twap60,82918.14,5.264,0.0126,,0.010,7781.45,0.990,,,0.07,5,,,10148.16,-0.0001302,-0.0004294,-0.0005496
1790585955.5,1790585700,255.5,44.5,82922.11,chainlink,82967.11,twap60,82921.41,5.264,0.0013,,0.010,26891.05,0.990,,,0.07,5,,,29639.80,0.0000445,-0.0003911,-0.0004571
1790585970.5,1790585700,270.5,29.5,82922.95,chainlink,82967.11,twap60,82921.84,5.264,0.0010,,0.010,61826.26,0.990,,,0.07,5,,,63997.13,0.0000163,-0.0002769,-0.0005138
1790585985.5,1790585700,285.5,14.5,82919.23,chainlink,82967.11,twap60,82921.53,5.264,0.0010,,0.010,63823.74,0.990,,,0.07,5,,,66232.25,-0.0000544,-0.0000799,-0.0007383
1790586015.6,1790586000,15.6,284.4,82935.97,chainlink,82921.22,twap60,,4.672,0.5800,0.480,0.490,669.70,0.510,0.520,1063.92,0.07,5,43.92,832.56,2500.57,0.0001791,0.0001732,-0.0002795
1790586030.6,1790586000,30.6,269.4,82934.73,chainlink,82921.22,twap60,,4.672,0.5757,0.600,0.610,738.60,0.390,0.410,30.00,0.07,5,114.56,1626.15,1847.50,0.0001045,0.0001325,0.0000655
1790586045.6,1790586000,45.6,254.4,82958.75,chainlink,82921.22,twap60,,4.672,0.7084,0.690,0.700,40.00,0.290,0.300,598.32,0.07,5,1423.78,2735.38,924.63,0.0002551,0.0004757,0.0001053
1790586060.7,1790586000,60.7,239.3,82960.53,chainlink,82921.22,twap60,,4.672,0.7244,0.740,0.750,118.66,0.250,0.260,188.35,0.07,5,548.01,2999.45,2103.86,0.0000230,0.0004752,0.0002308
1790586075.7,1790586000,75.7,224.3,82938.74,chainlink,82921.22,twap60,,4.672,0.6088,0.570,0.580,371.66,0.410,0.420,75.00,0.07,5,60.00,826.00,2557.60,-0.0002646,0.0001528,0.0000178
1790586090.7,1790586000,90.7,209.3,82922.85,chainlink,82921.22,twap60,,4.672,0.5107,0.520,0.530,1703.89,0.470,0.480,80.00,0.07,5,80.00,1011.63,2729.17,-0.0002028,-0.0001778,-0.0002373
1790586105.7,1790586000,105.7,194.3,82897.51,chainlink,82921.22,twap60,,4.672,0.3414,0.310,0.320,82.84,0.680,0.690,623.08,0.07,5,594.81,3154.84,1091.84,-0.0003322,-0.0007370,-0.0005271
1790586120.8,1790586000,120.8,179.2,82895.12,chainlink,82921.22,twap60,,4.672,0.3179,0.280,0.290,132.66,0.690,0.720,81.00,0.07,5,81.00,2462.48,2091.23,-0.0000069,-0.0007906,-0.0005853
1790586135.8,1790586000,135.8,164.2,82873.84,chainlink,82921.22,twap60,,4.672,0.1814,0.130,0.140,110.00,0.860,0.870,932.40,0.07,5,798.40,3059.32,1561.73,-0.0002518,-0.0007941,-0.0009096
1790586150.8,1790586000,150.8,149.2,82863.05,chainlink,82921.22,twap60,,4.672,0.1167,0.050,0.060,460.21,0.940,0.950,167.90,0.07,5,572.90,7509.38,2660.38,-0.0001172,-0.0007479,-0.0010591
1790586165.8,1790586000,165.8,134.2,82805.85,chainlink,82921.22,twap60,,4.672,0.0055,0.010,0.020,1136.38,0.980,0.990,2486.33,0.07,5,2354.09,2354.09,4123.14,-0.0006902,-0.0010843,-0.0017627
1790586180.8,1790586000,180.8,119.2,82781.31,chainlink,82921.22,twap60,,4.672,0.0010,,0.010,15821.61,0.990,,,0.07,5,,,18267.09,-0.0002950,-0.0013690,-0.0020439
1790586195.9,1790586000,195.9,104.1,82753.91,chainlink,82921.22,twap60,,4.672,0.0010,,0.001,5177.15,0.999,,,0.07,5,,,26914.51,-0.0001071,-0.0014352,-0.0024215
1790586210.9,1790586000,210.9,89.1,82722.30,chainlink,82921.22,twap60,,4.672,0.0010,,0.001,15328.03,0.999,,,0.07,5,,,45168.62,-0.0003755,-0.0016997,-0.0026996
1790586225.9,1790586000,225.9,74.1,82747.82,chainlink,82921.22,twap60,,4.672,0.0010,,0.001,15325.71,0.999,,,0.07,5,,,49514.10,0.0003249,-0.0006996,-0.0021493
1790586240.9,1790586000,240.9,59.1,82735.40,chainlink,82921.22,twap60,82731.65,4.672,0.0010,,0.001,16502.22,0.999,,,0.07,5,,,57495.93,-0.0003022,-0.0003309,-0.0022096
1790586255.9,1790586000,255.9,44.1,82720.19,chainlink,82921.22,twap60,82714.95,4.672,0.0010,,0.001,16746.55,0.999,,,0.07,5,,,68143.51,-0.0000707,-0.0004010,-0.0024319
1790586271.0,1790586000,271.0,29.0,82717.21,chainlink,82921.22,twap60,82716.91,4.672,0.0010,,0.001,16816.55,0.999,,,0.07,5,,,92157.76,-0.0000141,-0.0000451,-0.0024938
1790586286.0,1790586000,286.0,14.0,82708.77,chainlink,82921.22,twap60,82715.12,4.672,0.0010,,0.001,19617.10,0.999,,,0.07,5,,,94948.93,-0.0000619,-0.0006241,-0.0025422
1790586315.0,1790586300,15.0,285.0,82707.91,chainlink,82718.30,twap60,,4.923,0.4463,0.450,0.460,195.00,0.540,0.550,622.46,0.07,5,280.01,2979.67,2303.61,-0.0002704,-0.0001265,-0.0026342
1790586330.0,1790586300,30.0,270.0,82698.85,chainlink,82718.30,twap60,,4.923,0.3972,0.400,0.410,1901.14,0.590,0.600,3.33,0.07,5,3.33,18.93,4801.14,-0.0000778,-0.0001819,-0.0028828
1790586345.1,1790586300,45.1,254.9,82708.12,chainlink,82718.30,twap60,,4.923,0.4439,0.620,0.630,5.00,0.370,0.380,665.77,0.07,5,615.77,2693.21,782.60,0.0001125,-0.0000750,-0.0030242
1790586360.1,1790586300,60.1,239.9,82721.48,chainlink,82718.30,twap60,,4.923,0.5182,0.570,0.580,794.66,0.420,0.430,15.00,0.07,5,20.00,343.60,3911.88,-0.0001090,-0.0001064,-0.0028875
1790586375.1,1790586300,75.1,224.9,82692.63,coinbase,82718.30,twap60,,4.923,0.3507,0.420,0.430,449.40,0.570,0.580,30.00,0.07,5,30.00,1028.00,1389.00,-0.0003931,-0.0001330,-0.0029126
1790586390.1,1790586300,90.1,209.9,82683.55,coinbase,82718.30,twap60,,4.923,0.2940,0.350,0.360,110.04,0.640,0.650,653.91,0.07,5,658.91,2766.76,678.64,-0.0001098,-0.0001714,-0.0029801
1790586405.1,1790586300,105.1,194.9,82696.87,chainlink,82718.30,twap60,,4.923,0.3632,0.300,0.310,1361.20,0.690,0.700,541.84,0.07,5,501.84,2238.98,3085.20,,-0.0004064,-0.0024013
1790586420.2,1790586300,120.2,179.8,82690.00,chainlink,82718.30,twap60,,4.923,0.3134,0.310,0.320,290.36,0.680,0.690,163.10,0.07,5,163.10,2176.52,1849.36,0.0000054,-0.0003806,-0.0024726
1790586435.2,1790586300,135.2,164.8,82712.51,chainlink,82718.30,twap60,,4.923,0.4580,0.570,0.580,7.33,0.410,0.430,438.66,0.07,5,150.00,2577.68,357.19,0.0002821,,-0.0019356
1790586450.2,1790586300,150.2,149.8,82732.83,chainlink,82718.30,twap60,,4.923,0.6109,0.710,0.720,30.25,0.260,0.270,410.09,0.07,5,689.90,2057.28,501.50,0.0001310,,-0.0015725
1790586465.2,1790586300,165.2,134.8,82702.59,chainlink,82718.30,twap60,,4.923,0.3715,0.380,0.390,7.43,0.590,0.600,66.66,0.07,5,629.52,1850.64,593.53,-0.0003892,0.0001577,-0.0012463
1790586480.3,1790586300,180.3,119.7,82699.58,chainlink,82718.30,twap60,,4.923,0.3350,0.350,0.370,10.00,0.630,0.640,29.00,0.07,5,19.84,289.20,1269.98,-0.0000369,0.0001258,-0.0007639
1790586495.3,1790586300,195.3,104.7,82691.21,chainlink,82718.30,twap60,,4.923,0.2469,0.210,0.220,494.16,0.780,0.790,111.12,0.07,5,218.12,1778.63,1361.75,-0.0000878,-0.0003721,-0.0007514
1790586510.3,1790586300,210.3,89.7,82689.30,chainlink,82718.30,twap60,,4.923,0.2017,0.160,0.170,583.67,0.830,0.840,300.60,0.07,5,300.60,2894.69,2001.67,-0.0000199,-0.0005499,-0.0003825
1790586525.3,1790586300,225.3,74.7,82676.31,chainlink,82718.30,twap60,,4.923,0.0737,0.020,0.030,336.35,0.970,0.980,3960.62,0.07,5,3960.62,12486.08,2639.36,-0.0001717,-0.0003183,-0.0010167
1790586540.3,1790586300,240.3,59.7,82606.38,chainlink,82718.30,twap60,82606.38,4.923,0.0010,,0.010,25151.63,0.990,,,0.07,5,,,28246.09,-0.0007349,-0.0011143,-0.0014476
1790586555.4,1790586300,255.4,44.6,82631.79,chainlink,82718.30,twap60,82603.99,4.923,0.0010,,0.010,33022.40,0.990,,,0.07,5,,,36541.21,0.0002555,-0.0007157,-0.0010473
1790586570.4,1790586300,270.4,29.6,82624.18,chainlink,82718.30,twap60,82612.61,4.923,0.0010,,0.010,49357.11,0.990,,,0.07,5,,,52436.68,-0.0001021,-0.0008025,-0.0010853
1790586585.4,1790586300,285.4,14.6,82615.07,chainlink,82718.30,twap60,82616.26,4.923,0.0010,,0.010,69086.10,0.990,,,0.07,5,,,72394.67,-0.0001246,-0.0006296,-0.0012007
1790586615.4,1790586600,15.4,284.6,82587.14,chainlink,82611.06,twap60,,4.935,0.3783,0.440,0.450,1701.46,0.550,0.560,85.00,0.07,5,35.00,604.60,4513.16,-0.0000186,-0.0005503,-0.0014294
1790586630.5,1790586600,30.5,269.5,82601.50,chainlink,82611.06,twap60,,4.935,0.4491,0.440,0.450,0.22,0.550,0.560,1009.53,0.07,5,1053.53,4402.00,0.22,0.0001055,-0.0002889,-0.0011775
1790586645.5,1790586600,45.5,254.5,82596.46,chainlink,82611.06,twap60,,4.935,0.4199,0.450,0.460,1462.52,0.540,0.550,21.00,0.07,5,21.00,715.59,4533.52,0.0000153,-0.0002255,-0.0016214
1790586660.5,1790586600,60.5,239.5,82625.76,chainlink,82611.06,twap60,,4.935,0.5835,0.610,0.620,439.55,0.380,0.390,189.00,0.07,5,209.00,1205.00,3507.05,0.0003554,0.0004488,-0.0011578
1790586675.5,1790586600,75.5,224.5,82644.32,chainlink,82611.06,twap60,,4.935,0.6901,0.690,0.700,85.00,0.300,0.310,438.05,0.07,5,388.05,1864.05,1512.00,0.0001883,0.0006238,
1790586690.5,1790586600,90.5,209.5,82679.22,chainlink,82611.06,twap60,,4.935,0.8557,0.860,0.870,159.01,0.130,0.140,709.67,0.07,5,261.67,1822.67,1469.71,0.0004359,0.0010169,
1790586705.6,1790586600,105.6,194.4,82677.00,chainlink,82611.06,twap60,,4.935,0.8589,0.860,0.870,65.00,0.130,0.140,281.59,0.07,5,276.59,3095.59,1550.83,-0.0001050,0.0009754,-0.0001518
1790586720.6,1790586600,120.6,179.4,82688.40,chainlink,82611.06,twap60,,4.935,0.9078,0.900,0.910,120.07,0.090,0.100,747.31,0.07,5,747.31,3432.11,1368.77,0.0000594,0.0007215,-0.0000094
1790586735.6,1790586600,135.6,164.4,82707.89,chainlink,82611.06,twap60,,4.935,0.9607,0.920,0.930,64.00,0.070,0.080,742.53,0.07,5,742.53,2722.53,4457.44,0.0002324,0.0007825,-0.0001705
1790586750.6,1790586600,150.6,149.4,82697.14,chainlink,82611.06,twap60,,4.935,0.9523,0.950,0.960,574.42,0.040,0.050,368.53,0.07,5,334.53,2426.48,18614.12,-0.0000340,0.0001385,-0.0004552
1790586765.7,1790586600,165.7,134.3,82710.49,chainlink,82611.06,twap60,,4.935,0.9810,0.950,0.960,916.88,0.040,0.050,1058.95,0.07,5,1058.95,2886.24,20672.82,0.0001437,0.0003265,0.0000951
1790586780.7,1790586600,180.7,119.3,82710.63,chainlink,82611.06,twap60,,4.935,0.9883,0.970,0.980,3548.57,0.020,0.030,945.04,0.07,5,945.04,4694.77,10312.20,0.0000127,0.0002656,0.0001470
1790586795.7,1790586600,195.7,104.3,82739.86,chainlink,82611.06,twap60,,4.935,0.9990,0.990,,,,0.010,11234.64,0.07,5,10834.64,14144.41,,0.0002645,0.0004825,0.0005913
1790586810.7,1790586600,210.7,89.3,82751.93,chainlink,82611.06,twap60,,4.935,0.9990,0.999,,,,0.001,4240.78,0.07,5,4240.78,28091.66,,0.0001449,0.0006446,0.0007425
1790586825.7,1790586600,225.7,74.3,82775.65,chainlink,82611.06,twap60,,4.935,0.9990,0.999,,,,0.001,6237.76,0.07,5,6237.76,34114.80,,0.0002805,0.0007985,0.0013122
1790586840.8,1790586600,240.8,59.2,82792.27,chainlink,82611.06,twap60,82792.27,4.935,0.9990,0.999,,,,0.001,16382.76,0.07,5,16382.76,51450.48,,0.0001966,0.0008978,0.0021959
1790586855.8,1790586600,255.8,44.2,82815.67,chainlink,82611.06,twap60,82806.14,4.935,0.9990,0.999,,,,0.001,15857.67,0.07,5,15857.67,65921.88,,0.0002396,0.0009149,0.0022129
1790586870.8,1790586600,270.8,29.2,82817.31,chainlink,82611.06,twap60,82811.23,4.935,0.9990,0.999,,,,0.001,15927.67,0.07,5,15927.67,89880.35,,0.0000199,0.0007837,0.0023203
1790586885.8,1790586600,285.8,14.2,82828.75,chainlink,82611.06,twap60,82815.18,4.935,0.9990,0.999,,,,0.001,19762.67,0.07,5,19805.67,93958.89,,0.0001402,0.0006371,0.0025830
1790586915.9,1790586900,15.9,284.1,82880.74,chainlink,82818.45,twap60,,5.331,0.7727,0.800,0.810,338.00,0.190,0.200,212.00,0.07,5,212.00,2935.63,2309.95,0.0004940,0.0007854,0.0034804
1790586930.9,1790586900,30.9,269.1,82880.99,chainlink,82818.45,twap60,,5.331,0.7809,0.780,0.790,268.00,0.210,0.220,45.96,0.07,5,137.69,1143.35,1261.12,-0.0000208,0.0007708,0.0034543
1790586945.9,1790586900,45.9,254.1,82902.21,chainlink,82818.45,twap60,,5.331,0.8585,0.860,0.870,57.04,0.130,0.140,762.87,0.07,5,762.87,2960.87,2149.08,0.0003169,0.0008851,0.0036957
1790586960.9,1790586900,60.9,239.1,82921.38,chainlink,82818.45,twap60,,5.331,0.9144,0.870,0.880,1410.44,0.120,0.130,86.49,0.07,5,86.49,396.49,3267.16,0.0002313,0.0009843,0.0035351
1790586976.0,1790586900,76.0,224.0,82922.19,chainlink,82818.45,twap60,,5.331,0.9243,0.860,0.870,936.24,0.130,0.140,86.63,0.07,5,86.63,634.89,2608.16,0.0000264,0.0004761,0.0033702
1790586991.0,1790586900,91.0,209.0,82889.05,chainlink,82818.45,twap60,,5.331,0.8458,0.740,0.750,2855.92,0.280,0.290,40.00,0.07,5,17.00,87.00,4724.04,-0.0003627,0.0001582,0.0024565
1790587005.0,1790586900,105.0,195.0,82833.51,chainlink,82818.45,twap60,,5.331,0.5898,0.380,0.390,358.54,0.610,0.620,467.67,0.07,5,467.67,1466.89,2654.54,-0.0005435,-0.0008290,0.0018128
1790587020.0,1790586900,120.0,180.0,82815.92,chainlink,82818.45,twap60,,5.331,0.4840,0.440,0.450,35.00,0.550,0.560,355.00,0.07,5,475.00,2690.01,1001.60,0.0000594,-0.0012560,0.0015378
1790587035.0,1790586900,135.0,165.0,82789.54,chainlink,82818.45,twap60,,5.331,0.3138,0.250,0.260,35.00,0.740,0.750,1520.26,0.07,5,1520.26,3361.26,1538.08,-0.0003115,-0.0015640,0.0010828
1790587050.1,1790586900,150.1,149.9,82809.79,chainlink,82818.45,twap60,,5.331,0.4384,0.560,0.570,130.99,0.430,0.440,1067.65,0.07,5,1042.65,1874.65,610.99,0.0002974,-0.0008299,0.0013436
1790587065.1,1790586900,165.1,134.9,82831.48,chainlink,82818.45,twap60,,5.331,0.5990,0.470,0.480,61.13,0.520,0.530,413.54,0.07,5,831.72,2395.98,400.13,0.0001192,0.0002473,0.0014727
1790587080.1,1790586900,180.1,119.9,82817.79,chainlink,82818.45,twap60,,5.331,0.4945,0.580,0.600,87.00,0.410,0.420,93.00,0.07,5,88.00,108.00,117.00,-0.0001496,0.0000297,0.0012060
1790587095.1,1790586900,195.1,104.9,82823.86,chainlink,82818.45,twap60,,5.331,0.5501,0.510,0.520,353.00,0.480,0.490,50.00,0.07,5,50.00,1937.33,962.26,0.0000868,0.0004673,0.0010138
1790587110.2,1790586900,210.2,89.8,82825.87,chainlink,82818.45,twap60,,5.331,0.5781,0.550,0.560,210.32,0.430,0.440,964.00,0.07,5,91.00,811.00,531.59,0.0000194,0.0000515,0.0008870
1790587125.2,1790586900,225.2,74.8,82822.29,chainlink,82818.45,twap60,,5.331,0.5485,0.680,0.700,74.00,0.250,0.320,30.00,0.07,5,81.95,601.46,74.00,-0.0000767,-0.0000953,0.0005591
1790587140.2,1790586900,240.2,59.8,82840.63,chainlink,82818.45,twap60,82840.63,5.331,0.8250,0.840,0.850,80.20,0.150,0.160,646.00,0.07,5,646.00,1023.00,794.82,0.0002021,0.0002892,0.0005409
1790587155.2,1790586900,255.2,44.8,82872.41,chainlink,82818.45,twap60,82855.23,5.331,0.9990,0.990,,,,0.010,15107.00,0.07,5,14949.08,18075.85,,0.0003975,0.0005811,0.0006849
1790587170.2,1790586900,270.2,29.8,82877.87,chainlink,82818.45,twap60,82865.56,5.331,0.9990,0.990,,,,0.010,47873.38,0.07,5,47613.38,50265.08,,0.0001281,0.0005941,0.0007330
1790587185.3,1790586900,285.3,14.7,82882.84,coinbase,82818.45,twap60,82869.64,5.331,0.9990,0.990,,,,0.010,69844.03,0.07,5,69844.03,72304.97,,0.0000750,0.0007091,0.0006721
1790587215.3,1790587200,15.3,284.7,82885.41,chainlink,82870.10,twap60,,5.530,0.5702,0.560,0.570,694.94,0.430,0.440,50.00,0.07,5,50.00,1430.00,3146.54,0.0000448,0.0002191,0.0000325
1790587230.3,1790587200,30.3,269.7,82887.93,chainlink,82870.10,twap60,,5.530,0.5842,0.590,0.600,5.00,0.400,0.410,788.23,0.07,5,788.23,1895.23,1705.59,0.0000275,0.0001214,0.0001447
1790587245.3,1790587200,45.3,254.7,82869.00,chainlink,82870.10,twap60,,5.530,0.4946,0.420,0.430,319.38,0.570,0.580,160.00,0.07,5,20.00,583.47,2369.91,-0.0002245,,-0.0004007
1790587260.4,1790587200,60.4,239.6,82870.48,chainlink,82870.10,twap60,,5.530,0.5019,0.470,0.490,125.00,0.530,0.540,1523.62,0.07,5,80.00,2838.22,1533.00,0.0000291,-0.0001354,-0.0005974
1790587275.4,1790587200,75.4,224.6,82897.60,chainlink,82870.10,twap60,,5.530,0.6428,0.690,0.700,598.96,0.300,0.310,70.00,0.07,5,70.00,941.00,3564.86,0.0003489,0.0001442,-0.0002596
1790587290.4,1790587200,90.4,209.6,82920.65,chainlink,82870.10,twap60,,5.530,0.7587,0.780,0.790,437.66,0.210,0.220,195.00,0.07,5,215.00,2401.00,2802.97,0.0002648,0.0003987,0.0005080
1790587305.4,1790587200,105.4,194.6,82926.79,chainlink,82870.10,twap60,,5.530,0.7952,0.810,0.820,1335.79,0.180,0.190,85.46,0.07,5,85.46,818.46,3833.65,0.0000714,0.0007084,0.0013974
1790587320.5,1790587200,120.5,179.5,82902.49,chainlink,82870.10,twap60,,5.530,0.6900,0.680,0.690,190.60,0.310,0.320,543.28,0.07,5,498.21,1561.21,1399.60,-0.0002876,0.0004078,0.0010518
1790587335.5,1790587200,135.5,164.5,82896.43,chainlink,82870.10,twap60,,5.530,0.6652,0.560,0.570,286.24,0.430,0.440,714.10,0.07,5,724.60,2611.60,1507.24,-0.0000484,-0.0000274,0.0013431
1790587350.5,1790587200,150.5,149.5,82883.42,coinbase,82870.10,twap60,,5.530,0.5910,0.560,0.570,210.24,0.430,0.440,401.00,0.07,5,401.00,1818.36,2292.83,-0.0002391,-0.0005470,0.0006791
1790587365.5,1790587200,165.5,134.5,82891.03,coinbase,82870.10,twap60,,5.530,0.6515,0.530,0.540,66.66,0.460,0.470,208.00,0.07,5,208.00,1233.00,66.66,0.0000918,-0.0004552,0.0008858
1790587380.5,1790587200,180.5,119.5,82875.36,chainlink,82870.10,twap60,,5.530,0.5425,0.550,0.560,656.00,0.440,0.450,40.00,0.07,5,40.00,836.00,1980.49,,-0.0003026,0.0007084
1790587395.6,1790587200,195.6,104.4,82880.11,chainlink,82870.10,twap60,,5.530,0.5893,0.670,0.680,129.00,0.320,0.330,201.98,0.07,5,201.98,769.98,1008.00,0.0000524,-0.0001968,0.0006741
1790587410.6,1790587200,210.6,89.4,82880.63,chainlink,82870.10,twap60,,5.530,0.6068,0.600,0.610,107.85,0.390,0.400,282.66,0.07,5,282.66,704.37,635.85,-0.0000022,,0.0006275
1790587425.6,1790587200,225.6,74.4,82867.59,coinbase,82870.10,twap60,,5.530,0.4692,0.240,0.250,102.00,0.750,0.760,71.38,0.07,5,71.38,697.38,413.96,-0.0001284,-0.0002828,0.0005251
1790587440.6,1790587200,240.6,59.4,82846.61,coinbase,82870.10,twap60,82880.63,5.530,0.1710,0.080,0.090,134.99,0.910,0.920,291.47,0.07,5,300.16,1836.90,895.58,-0.0002532,-0.0002099,0.0001044
1790587455.7,1790587200,255.7,44.3,82850.64,chainlink,82870.10,twap60,82863.84,5.530,0.1540,0.020,0.030,893.43,0.970,0.980,2304.06,0.07,5,2293.85,5058.92,3055.42,,-0.0003641,-0.0002005
1790587470.7,1790587200,270.7,29.3,82852.88,chainlink,82870.10,twap60,82857.82,5.530,0.0410,,0.010,11148.43,0.990,,,0.07,5,,,13822.54,0.0000296,-0.0003348,-0.0003015
1790587485.7,1790587200,285.7,14.3,82853.43,chainlink,82870.10,twap60,82856.37,5.530,0.0010,,0.010,58548.91,0.990,,,0.07,5,,,61016.80,0.0000081,,
1790587515.7,1790587500,15.7,284.3,82821.58,chainlink,82846.56,twap60,,5.475,0.3852,0.370,0.380,72.61,0.620,0.630,429.32,0.07,5,352.66,4070.45,1730.61,0.0000690,-0.0003482,-0.0007733
1790587530.8,1790587500,30.8,269.2,82814.78,chainlink,82846.56,twap60,,5.475,0.3508,0.340,0.350,152.81,0.650,0.660,350.06,0.07,5,338.14,1166.14,1606.11,-0.0000826,-0.0004584,-0.0008789
1790587545.8,1790587500,45.8,254.2,82807.18,chainlink,82846.56,twap60,,5.475,0.3116,0.250,0.260,678.55,0.740,0.750,116.32,0.07,5,116.32,2458.70,3904.79,-0.0000358,-0.0005583,-0.0007350
1790587560.8,1790587500,60.8,239.2,82806.42,chainlink,82846.56,twap60,,5.475,0.3017,0.240,0.250,374.68,0.750,0.760,268.00,0.07,5,268.00,2094.45,3174.36,-0.0000091,-0.0001141,-0.0007517
1790587575.8,1790587500,75.8,224.2,82808.01,chainlink,82846.56,twap60,,5.475,0.3019,0.200,0.210,87.87,0.790,0.800,180.00,0.07,5,175.00,2987.98,2474.93,0.0000158,-0.0001645,-0.0010946
1790587590.8,1790587500,90.8,209.2,82787.60,chainlink,82846.56,twap60,,5.475,0.2038,0.120,0.130,463.66,0.870,0.880,285.00,0.07,5,285.00,2314.09,3032.90,-0.0002424,-0.0002723,-0.0016085
1790587605.9,1790587500,105.9,194.1,82769.16,chainlink,82846.56,twap60,,5.475,0.1274,0.070,0.080,25.00,0.920,0.930,1251.41,0.07,5,639.62,3599.53,1934.76,-0.0002145,-0.0004592,-0.0018971
1790587620.9,1790587500,120.9,179.1,82759.78,chainlink,82846.56,twap60,,5.475,0.0895,0.030,0.040,423.82,0.960,0.970,708.83,0.07,5,735.83,14979.34,2375.89,-0.0001133,-0.0005667,-0.0016981
1790587635.9,1790587500,135.9,164.1,82747.71,chainlink,82846.56,twap60,,5.475,0.0525,0.020,0.030,474.27,0.970,0.980,4540.50,0.07,5,4520.50,13278.97,2792.35,-0.0001456,-0.0007242,-0.0017956
1790587650.9,1790587500,150.9,149.1,82748.81,chainlink,82846.56,twap60,,5.475,0.0437,0.020,0.030,833.67,0.970,0.980,3506.49,0.07,5,3506.49,6549.15,3322.68,0.0000243,-0.0004605,
1790587665.9,1790587500,165.9,134.1,82728.44,chainlink,82846.56,twap60,,5.475,0.0131,0.020,0.030,1772.96,0.970,0.980,2048.96,0.07,5,2048.96,4653.12,4650.93,-0.0002073,-0.0004921,
1790587681.0,1790587500,181.0,119.0,82729.84,chainlink,82846.56,twap60,,5.475,0.0082,,0.010,9292.69,0.990,,,0.07,5,,,12206.26,0.0000099,-0.0003616,-0.0017625
1790587696.0,1790587500,196.0,104.0,82740.66,chainlink,82846.56,twap60,,5.475,0.0078,,0.010,1747.82,0.990,,,0.07,5,,,3743.33,0.0001645,-0.0000742,-0.0016925
1790587710.0,1790587500,210.0,90.0,82722.64,chainlink,82846.56,twap60,,5.475,0.0010,,0.010,6356.05,0.990,,,0.07,5,,,8550.56,-0.0002153,-0.0002774,-0.0019080
1790587725.0,1790587500,225.0,75.0,82735.83,chainlink,82846.56,twap60,,5.475,0.0010,,0.010,9658.69,0.990,,,0.07,5,,,12290.20,0.0000769,0.0000824,
1790587740.1,1790587500,240.1,59.9,82742.78,chainlink,82846.56,twap60,82742.78,5.475,0.0010,,0.010,15241.28,0.990,,,0.07,5,,,17649.49,0.0001004,0.0001901,
1790587755.1,1790587500,255.1,44.9,82764.61,chainlink,82846.56,twap60,82760.10,5.475,0.0010,,0.010,32184.86,0.990,,,0.07,5,,,34679.38,0.0001106,0.0002918,-0.0010364
1790587770.1,1790587500,270.1,29.9,82748.07,chainlink,82846.56,twap60,82756.40,5.475,0.0010,,0.010,42191.85,0.990,,,0.07,5,,,44341.96,-0.0001431,0.0002247,-0.0012643
1790587785.1,1790587500,285.1,14.9,82777.37,chainlink,82846.56,twap60,82757.04,5.475,0.0010,,0.001,22728.70,0.999,,,0.07,5,,,82371.69,0.0003253,0.0005183,-0.0009184
1790587815.1,1790587800,15.1,284.9,82788.80,chainlink,82762.56,twap60,,5.222,0.6260,0.670,0.680,1342.89,0.320,0.330,75.60,0.07,5,15.60,2067.60,4157.89,0.0000580,0.0003490,-0.0003964
1790587830.2,1790587800,30.2,269.8,82789.46,chainlink,82762.56,twap60,,5.222,0.6330,0.570,0.590,930.76,0.420,0.430,86.00,0.07,5,86.00,634.00,2471.04,0.0000080,0.0004713,-0.0002498
1790587845.2,1790587800,45.2,254.8,82789.00,chainlink,82762.56,twap60,,5.222,0.6351,0.740,0.750,131.00,0.250,0.260,677.85,0.07,5,677.85,2834.47,872.88,0.0000207,0.0001470,-0.0002195
1790587860.2,1790587800,60.2,239.8,82806.29,chainlink,82762.56,twap60,,5.222,0.7232,0.740,0.750,758.59,0.250,0.260,90.00,0.07,5,90.00,1762.93,4142.21,0.0002054,0.0002692,-0.0000049
1790587875.2,1790587800,75.2,224.8,82789.47,chainlink,82762.56,twap60,,5.222,0.6477,0.620,0.630,441.72,0.370,0.380,227.29,0.07,5,227.29,2174.12,1917.90,-0.0002023,0.0000081,-0.0002197
1790587890.2,1790587800,90.2,209.8,82793.35,chainlink,82762.56,twap60,,5.222,0.6746,0.670,0.680,61.19,0.290,0.300,507.92,0.07,5,416.95,2504.72,374.19,0.0001467,0.0000733,0.0000777
1790587905.3,1790587800,105.3,194.7,82789.82,chainlink,82762.56,twap60,,5.222,0.6626,0.640,0.650,338.48,0.350,0.360,141.00,0.07,5,141.00,947.65,2729.03,-0.0000184,0.0000064,0.0002495
1790587920.3,1790587800,120.3,179.7,82786.15,chainlink,82762.56,twap60,,5.222,0.6489,0.680,0.690,390.06,0.310,0.320,162.71,0.07,5,326.37,2484.75,1607.06,-0.0000349,-0.0002423,0.0003189
1790587935.3,1790587800,135.3,164.7,82785.87,chainlink,82762.56,twap60,,5.222,0.6553,0.700,0.710,35.00,0.290,0.300,1493.17,0.07,5,1488.17,2903.10,1958.46,-0.0000153,0.0000563,0.0004721
1790587950.3,1790587800,150.3,149.7,82804.20,chainlink,82762.56,twap60,,5.222,0.7768,0.780,0.790,138.75,0.210,0.220,79.00,0.07,5,244.30,1207.30,643.37,0.0002077,0.0001554,0.0007081
1790587965.3,1790587800,165.3,134.7,82789.68,chainlink,82762.56,twap60,,5.222,0.7033,0.740,0.750,549.89,0.250,0.260,5.00,0.07,5,2.74,671.21,2734.52,-0.0002007,0.0000076,0.0007329
1790587980.4,1790587800,180.4,119.6,82790.89,chainlink,82762.56,twap60,,5.222,0.7284,0.780,0.790,588.03,0.210,0.220,247.91,0.07,5,247.91,1250.82,2129.54,0.0000205,0.0000452,0.0007714
1790587995.4,1790587800,195.4,104.6,82773.50,chainlink,82762.56,twap60,,5.222,0.6028,0.530,0.540,16.01,0.460,0.470,493.54,0.07,5,441.66,2191.82,577.01,-0.0002107,-0.0001632,0.0003992
1790588010.4,1790587800,210.4,89.6,82766.98,chainlink,82762.56,twap60,,5.222,0.5479,0.530,0.540,81.11,0.460,0.470,565.20,0.07,5,551.48,1371.48,355.11,-0.0000460,-0.0004748,0.0004533
1790588025.4,1790587800,225.4,74.6,82763.12,chainlink,82762.56,twap60,,5.222,0.5073,0.390,0.400,221.56,0.610,0.620,33.63,0.07,5,7.62,7.62,462.39,-0.0000420,-0.0003149,0.0003462
1790588040.5,1790587800,240.5,59.5,82748.48,chainlink,82762.56,twap60,82747.89,5.222,0.2709,0.130,0.140,108.00,0.860,0.870,25.00,0.07,5,128.39,1033.97,1380.86,-0.0001734,-0.0005129,-0.0000843
1790588055.5,1790587800,255.5,44.5,82746.65,chainlink,82762.56,twap60,82747.36,5.222,0.1460,,0.010,15580.54,0.990,,,0.07,5,,,18460.08,-0.0000153,-0.0002917,-0.0001603
1790588070.5,1790587800,270.5,29.5,82710.69,chainlink,82762.56,twap60,82732.35,5.222,0.0010,,0.010,44071.75,0.990,,,0.07,5,,,46966.57,-0.0001666,-0.0006757,-0.0004805
1790588085.5,1790587800,285.5,14.5,82685.55,chainlink,82762.56,twap60,82722.71,5.222,0.0010,,0.010,66610.51,0.990,,,0.07,5,,,69538.41,-0.0003033,-0.0009341,-0.0011033
1790588115.6,1790588100,15.6,284.4,82685.66,chainlink,82715.73,twap60,,5.275,0.3577,0.290,0.300,520.21,0.710,0.720,1583.40,0.07,5,66.78,2362.41,2949.68,-0.0000009,-0.0004693,-0.0012465
1790588130.6,1790588100,30.6,269.4,82682.05,chainlink,82715.73,twap60,,5.275,0.3366,0.290,0.300,751.53,0.700,0.710,5.00,0.07,5,72.11,2760.74,3346.14,-0.0000488,-0.0003457,-0.0012720
1790588145.6,1790588100,45.6,254.4,82677.71,chainlink,82715.73,twap60,,5.275,0.3113,0.220,0.230,515.82,0.770,0.780,215.30,0.07,5,215.30,2789.38,2537.82,-0.0000525,-0.0000938,-0.0013485
1790588160.6,1790588100,60.6,239.4,82675.80,chainlink,82715.73,twap60,,5.275,0.2959,0.240,0.250,1985.54,0.750,0.760,129.85,0.07,5,129.85,1235.29,3429.14,-0.0000163,-0.0001201,-0.0015762
1790588175.7,1790588100,75.7,224.3,82666.38,chainlink,82715.73,twap60,,5.275,0.2454,0.180,0.190,561.84,0.810,0.820,40.00,0.07,5,40.00,807.06,2615.08,-0.0001123,-0.0002383,-0.0013881
1790588190.7,1790588100,90.7,209.3,82654.61,chainlink,82715.73,twap60,,5.275,0.1866,0.110,0.120,86.36,0.880,0.890,1181.65,0.07,5,1181.65,4428.06,1701.36,-0.0001570,-0.0003319,-0.0016528
1790588205.7,1790588100,105.7,194.3,82615.10,chainlink,82715.73,twap60,,5.275,0.0623,0.040,0.050,521.30,0.950,0.960,511.10,0.07,5,458.98,16435.97,3121.06,-0.0004652,-0.0007508,-0.0021033
1790588220.7,1790588100,120.7,179.3,82631.41,chainlink,82715.73,twap60,,5.275,0.0878,0.050,0.060,115.61,0.940,0.950,1608.39,0.07,5,1557.39,8774.58,1975.61,0.0001997,-0.0005355,-0.0018829
1790588235.7,1790588100,135.7,164.3,82613.65,chainlink,82715.73,twap60,,5.275,0.0413,0.020,0.030,226.31,0.970,0.980,4900.19,0.07,5,4923.22,14603.14,2488.41,-0.0002002,-0.0006527,-0.0020962
1790588250.8,1790588100,150.8,149.2,82598.39,chainlink,82715.73,twap60,,5.275,0.0166,0.020,0.030,594.36,0.970,0.980,2323.81,0.07,5,2323.81,7093.84,2896.86,-0.0001820,-0.0006673,-0.0025138
1790588265.8,1790588100,165.8,134.2,82596.90,chainlink,82715.73,twap60,,5.275,0.0101,0.020,0.030,1584.81,0.970,0.980,603.28,0.07,5,603.28,4792.71,4395.31,-0.0000482,-0.0002180,-0.0023253
1790588280.8,1790588100,180.8,119.2,82589.52,chainlink,82715.73,twap60,,5.275,0.0036,,0.010,7227.64,0.990,,,0.07,5,,,10226.33,-0.0000823,-0.0004924,-0.0024358
1790588295.8,1790588100,195.8,104.2,82592.34,chainlink,82715.73,twap60,,5.275,0.0017,,0.010,14143.37,0.990,,,0.07,5,,,17332.06,0.0000348,-0.0002553,-0.0021583
1790588310.9,1790588100,210.9,89.1,82584.18,chainlink,82715.73,twap60,,5.275,0.0010,,0.010,19675.97,0.990,,,0.07,5,,,22918.66,-0.0000993,-0.0002022,-0.0022064
1790588325.9,1790588100,225.9,74.1,82584.33,chainlink,82715.73,twap60,,5.275,0.0010,,0.010,21418.78,0.990,,,0.07,5,,,24900.46,-0.0000028,-0.0001452,-0.0021591
1790588340.9,1790588100,240.9,59.1,82562.63,chainlink,82715.73,twap60,82562.96,5.275,0.0010,,0.010,32647.17,0.990,,,0.07,5,,,35918.37,-0.0002742,-0.0003251,-0.0022418
1790588355.9,1790588100,255.9,44.1,82592.05,chainlink,82715.73,twap60,82580.17,5.275,0.0010,,0.010,43016.68,0.990,,,0.07,5,,,46408.16,0.0003524,-0.0000039,-0.0016020
1790588370.9,1790588100,270.9,29.1,82605.64,chainlink,82715.73,twap60,82591.47,5.275,0.0010,,0.010,70752.23,0.990,,,0.07,5,,,73576.97,0.0001808,0.0002553,-0.0012702
1790588386.0,1790588100,286.0,14.0,82604.59,chainlink,82715.73,twap60,82596.80,5.275,0.0010,,0.010,73960.31,0.990,,,0.07,5,,,76681.79,-0.0000381,0.0002339,-0.0009787
1790588416.0,1790588400,16.0,284.0,82590.66,chainlink,82596.80,twap60,,5.239,0.4701,0.460,0.470,1215.15,0.530,0.540,143.00,0.07,5,143.00,1130.58,3520.50,-0.0000042,-0.0000317,-0.0011460
1790588430.0,1790588400,30.0,270.0,82599.53,chainlink,82596.80,twap60,,5.239,0.5137,0.570,0.580,1695.68,0.420,0.430,35.00,0.07,5,30.00,709.77,3934.68,0.0001182,-0.0000993,-0.0009986
1790588445.0,1790588400,45.0,255.0,82592.99,chainlink,82596.80,twap60,,5.239,0.4802,0.500,0.510,124.00,0.490,0.500,1585.58,0.07,5,1585.58,2881.58,1426.18,-0.0000954,-0.0001433,-0.0010184
1790588460.1,1790588400,60.1,239.9,82600.12,chainlink,82596.80,twap60,,5.239,0.5179,0.630,0.640,493.66,0.360,0.370,180.00,0.07,5,180.00,1171.91,2264.11,0.0000880,0.0000256,-0.0009141
1790588475.1,1790588400,75.1,224.9,82604.43,chainlink,82596.80,twap60,,5.239,0.5426,0.590,0.600,440.15,0.400,0.410,60.00,0.07,5,50.00,790.00,1878.15,-0.0000277,0.0001776,-0.0007643
1790588490.1,1790588400,90.1,209.9,82603.31,chainlink,82596.80,twap60,,5.239,0.5380,0.600,0.610,864.62,0.390,0.400,25.00,0.07,5,45.00,640.00,2376.40,-0.0000123,0.0000295,-0.0006078
1790588505.1,1790588400,105.1,194.9,82605.40,chainlink,82596.80,twap60,,5.239,0.5525,0.650,0.660,935.12,0.340,0.350,15.00,0.07,5,5.00,257.00,2792.86,0.0000241,0.0001519,-0.0001150
1790588520.1,1790588400,120.1,179.9,82613.03,chainlink,82596.80,twap60,,5.239,0.6033,0.780,0.790,370.85,0.210,0.220,20.00,0.07,5,25.00,1371.00,1973.45,0.0000917,0.0000764,-0.0002077
1790588535.2,1790588400,135.2,164.8,82597.77,chainlink,82596.80,twap60,,5.239,0.5066,0.510,0.520,193.00,0.480,0.490,341.84,0.07,5,336.66,3102.03,785.00,-0.0002523,-0.0000793,-0.0001895
1790588550.2,1790588400,150.2,149.8,82597.09,chainlink,82596.80,twap60,,5.239,0.5021,0.550,0.560,30.00,0.440,0.450,237.42,0.07,5,237.42,1493.34,1170.00,0.0000044,-0.0000766,-0.0000460
1790588565.2,1790588400,165.2,134.8,82598.43,chainlink,82596.80,twap60,,5.239,0.5127,0.520,0.530,255.00,0.470,0.480,281.66,0.07,5,281.66,2094.11,2013.00,0.0000166,-0.0000851,0.0000255
1790588580.2,1790588400,180.2,119.8,82600.28,chainlink,82596.80,twap60,,5.239,0.5296,0.860,0.870,511.46,0.130,0.140,211.63,0.07,5,236.63,1464.63,1525.96,0.0000288,-0.0002219,0.0001309
1790588595.2,1790588400,195.2,104.8,82629.87,chainlink,82596.80,twap60,,5.239,0.7836,0.890,0.900,221.54,0.100,0.110,11.24,0.07,5,11.24,771.92,2921.16,0.0002351,0.0004012,0.0004539
1790588610.3,1790588400,210.3,89.7,82630.46,chainlink,82596.80,twap60,,5.239,0.8188,0.930,0.940,77.08,0.060,0.070,510.65,0.07,5,510.65,2641.65,3474.05,0.0000080,0.0004044,0.0005557
1790588625.3,1790588400,225.3,74.7,82631.61,chainlink,82596.80,twap60,,5.239,0.8702,0.890,0.900,185.00,0.100,0.110,10.00,0.07,5,88.66,583.95,1227.89,0.0000127,0.0004079,0.0005609
1790588640.3,1790588400,240.3,59.7,82615.12,chainlink,82596.80,twap60,82615.33,5.239,0.7845,0.800,0.810,68.12,0.190,0.200,164.00,0.07,5,154.00,488.00,565.12,-0.0000971,0.0000565,0.0006316
1790588655.3,1790588400,255.3,44.7,82610.41,chainlink,82596.80,twap60,82608.52,5.239,0.8083,0.820,0.830,5.00,0.140,0.180,243.00,0.07,5,218.00,373.00,41.00,-0.0000538,-0.0002348,0.0002385
1790588670.3,1790588400,270.3,29.7,82606.81,chainlink,82596.80,twap60,82605.39,5.239,0.8730,0.910,0.930,75.00,0.070,0.090,41.55,0.07,5,25.00,294.90,923.00,0.0000648,-0.0002874,-0.0000112
1790588685.4,1790588400,285.4,14.6,82578.78,chainlink,82596.80,twap60,82600.95,5.239,0.3277,0.030,0.040,53.00,0.960,0.970,395.50,0.07,5,195.00,6496.03,143.00,-0.0003331,-0.0005371,-0.0003153
1790588715.4,1790588700,15.4,284.6,82611.30,chainlink,82595.88,twap60,,5.186,0.5754,0.520,0.530,3.11,0.470,0.480,1543.73,0.07,5,1548.73,3189.33,898.11,0.0002812,0.0001191,0.0002607
1790588730.4,1790588700,30.4,269.6,82609.09,chainlink,82595.88,twap60,,5.186,0.5667,0.670,0.680,49.00,0.320,0.330,1775.49,0.07,5,970.49,2144.49,1240.63,-0.0000027,0.0000338,0.0000994
1790588745.4,1790588700,45.4,254.6,82626.00,chainlink,82595.88,twap60,,5.186,0.6541,0.620,0.640,25.00,0.350,0.360,399.57,0.07,5,224.66,2319.12,245.91,0.0001458,0.0006249,0.0004013
1790588760.5,1790588700,60.5,239.5,82618.63,chainlink,82595.88,twap60,,5.186,0.6219,0.690,0.720,226.76,0.280,0.310,1535.12,0.07,5,1535.12,3172.12,1217.45,-0.0000868,0.0003699,0.0001441
1790588775.5,1790588700,75.5,224.5,82611.03,chainlink,82595.88,twap60,,5.186,0.5851,0.630,0.640,195.85,0.360,0.370,216.86,0.07,5,102.86,1163.46,2638.52,-0.0001004,0.0000208,0.0000811
1790588790.5,1790588700,90.5,209.5,82611.19,chainlink,82595.88,twap60,,5.186,0.5897,0.720,0.740,45.99,0.260,0.270,579.66,0.07,5,688.12,2004.12,968.33,-0.0000035,-0.0000335,0.0000941
1790588805.5,1790588700,105.5,194.5,82632.29,chainlink,82595.88,twap60,,5.186,0.7139,0.790,0.800,380.33,0.200,0.210,170.00,0.07,5,165.00,1194.07,2794.11,0.0002602,0.0000785,0.0003248
1790588820.5,1790588700,120.5,179.5,82626.03,chainlink,82595.88,twap60,,5.186,0.6888,0.830,0.840,22.00,0.170,0.180,952.22,0.07,5,15.00,2499.78,1203.17,-0.0000748,0.0000812,0.0000898
1790588835.6,1790588700,135.6,164.4,82633.11,chainlink,82595.88,twap60,,5.186,0.7400,0.890,0.900,74.68,0.100,0.110,946.96,0.07,5,946.96,2622.33,2273.99,0.0000734,0.0002618,0.0004403
1790588850.6,1790588700,150.6,149.4,82648.86,chainlink,82595.88,twap60,,5.186,0.8356,0.940,0.950,179.23,0.050,0.060,670.80,0.07,5,670.80,2031.82,9484.90,0.0001855,0.0004607,0.0006270
1790588865.6,1790588700,165.6,134.4,82657.01,chainlink,82595.88,twap60,,5.186,0.8875,0.960,0.970,433.83,0.030,0.040,572.45,0.07,5,572.45,2406.65,15398.43,0.0000847,0.0003001,0.0007153
1790588880.6,1790588700,180.6,119.4,82652.01,chainlink,82595.88,twap60,,5.186,0.8878,0.960,0.970,720.96,0.030,0.040,116.42,0.07,5,146.42,1518.93,19227.16,-0.0000628,0.0003021,0.0005029
1790588895.6,1790588700,195.6,104.4,82659.07,chainlink,82595.88,twap60,,5.186,0.9356,0.970,0.980,2437.48,0.020,0.030,3818.59,0.07,5,3824.79,6487.10,5119.80,0.0000923,0.0003091,0.0003541
1790588910.7,1790588700,210.7,89.3,82676.24,chainlink,82595.88,twap60,,5.186,0.9863,0.990,,,,0.010,12642.92,0.07,5,12442.92,16234.22,,0.0001268,0.0003173,0.0005527
1790588925.7,1790588700,225.7,74.3,82681.48,chainlink,82595.88,twap60,,5.186,0.9976,0.990,,,,0.010,18572.06,0.07,5,18572.06,22864.63,,-0.0000153,0.0002937,0.0007058
1790588940.7,1790588700,240.7,59.3,82691.85,chainlink,82595.88,twap60,82691.88,5.186,0.9990,0.999,,,,0.001,15638.54,0.07,5,15638.54,50648.65,,0.0001111,0.0004888,0.0009316
1790588955.7,1790588700,255.7,44.3,82692.41,chainlink,82595.88,twap60,82692.61,5.186,0.9990,0.999,,,,0.001,15859.87,0.07,5,15859.87,60253.30,,0.0000064,0.0003224,0.0011005
1790588970.8,1790588700,270.8,29.2,82698.49,chainlink,82595.88,twap60,82693.81,5.186,0.9990,0.999,,,,0.001,16004.34,0.07,5,16004.34,85524.64,,0.0000752,0.0001904,0.0011154
1790588985.8,1790588700,285.8,14.2,82717.79,chainlink,82595.88,twap60,82698.08,5.186,0.9990,0.999,,,,0.001,23618.90,0.07,5,23618.90,93290.64,,0.0002359,0.0004247,0.0017351
1790589015.8,1790589000,15.8,284.2,82727.94,chainlink,82700.05,twap60,,5.194,0.6345,0.690,0.700,288.57,0.300,0.310,1343.00,0.07,5,1843.00,3524.97,2459.97,0.0001622,0.0004313,0.0014350
1790589030.9,1790589000,30.9,269.1,82729.31,chainlink,82700.05,twap60,,5.194,0.6452,0.740,0.750,8.00,0.250,0.260,524.08,0.07,5,529.08,2012.08,1650.70,0.0000412,0.0003752,0.0013953
1790589045.9,1790589000,45.9,254.1,82741.20,chainlink,82700.05,twap60,,5.194,0.7059,0.790,0.800,343.45,0.200,0.210,188.99,0.07,5,188.99,2720.38,2516.64,0.0001411,0.0002761,0.0013957
1790589060.9,1790589000,60.9,239.1,82741.21,chainlink,82700.05,twap60,,5.194,0.7128,0.750,0.760,60.31,0.240,0.250,1805.35,0.07,5,1795.35,3070.35,1195.66,-0.0000025,0.0003225,0.0014742
1790589075.9,1790589000,75.9,224.1,82728.06,chainlink,82700.05,twap60,,5.194,0.6545,0.600,0.610,120.74,0.390,0.400,1741.60,0.07,5,1548.60,3556.60,612.87,-0.0001475,0.0000260,0.0014102
1790589090.9,1790589000,90.9,209.1,82708.85,chainlink,82700.05,twap60,,5.194,0.5518,0.580,0.590,63.00,0.410,0.420,451.70,0.07,5,463.70,2866.89,1455.05,-0.0001117,-0.0002500,0.0011863
1790589106.0,1790589000,106.0,194.0,82708.48,chainlink,82700.05,twap60,,5.194,0.5521,0.600,0.610,40.00,0.390,0.400,392.84,0.07,5,494.94,2735.28,1813.00,-0.0000011,-0.0003981,0.0009226
1790589121.0,1790589000,121.0,179.0,82706.18,chainlink,82700.05,twap60,,5.194,0.5399,0.660,0.680,75.00,0.320,0.340,194.00,0.07,5,6.00,190.35,783.34,-0.0000278,-0.0004121,0.0009573
1790589136.0,1790589000,136.0,164.0,82705.79,chainlink,82700.05,twap60,,5.194,0.5395,0.520,0.530,123.00,0.490,0.500,1660.38,0.07,5,750.24,2965.84,696.92,0.0000056,-0.0001487,0.0008741
1790589150.0,1790589000,150.0,150.0,82697.89,chainlink,82700.05,twap60,,5.194,0.4842,0.490,0.500,152.24,0.500,0.510,121.31,0.07,5,257.66,2189.63,822.24,-0.0000955,-0.0001292,0.0005791
1790589165.0,1790589000,165.0,135.0,82695.11,chainlink,82700.05,twap60,,5.194,0.4612,0.400,0.410,34.33,0.590,0.600,13.69,0.07,5,68.69,809.69,843.65,-0.0000213,-0.0001617,0.0004586
1790589180.1,1790589000,180.1,119.9,82674.66,chainlink,82700.05,twap60,,5.194,0.2923,0.150,0.160,5.00,0.830,0.840,45.00,0.07,5,1862.42,3389.96,1268.89,-0.0002518,-0.0003708,0.0002809
1790589195.1,1790589000,195.1,104.9,82663.16,chainlink,82700.05,twap60,,5.194,0.1891,0.030,0.040,409.49,0.960,0.970,767.75,0.07,5,867.75,19075.47,2632.24,-0.0001339,-0.0005155,-0.0000313
1790589210.1,1790589000,210.1,89.9,82647.24,chainlink,82700.05,twap60,,5.194,0.0750,0.020,0.030,594.82,0.970,0.980,1619.02,0.07,5,1637.96,9470.97,3292.32,-0.0001521,-0.0006005,-0.0004295
1790589225.1,1790589000,225.1,74.9,82622.51,chainlink,82700.05,twap60,,5.194,0.0057,,0.010,18710.72,0.990,,,0.07,5,,,21782.17,-0.0002933,-0.0008829,-0.0007278
1790589240.1,1790589000,240.1,59.9,82612.20,chainlink,82700.05,twap60,82611.61,5.194,0.0010,,0.010,31834.89,0.990,,,0.07,5,,,34698.49,-0.0001264,-0.0007506,-0.0009641
1790589255.2,1790589000,255.2,44.8,82602.70,chainlink,82700.05,twap60,82603.85,5.194,0.0010,,0.010,44109.43,0.990,,,0.07,5,,,47178.46,-0.0000210,-0.0006911,-0.0010837
1790589270.2,1790589000,270.2,29.8,82611.33,chainlink,82700.05,twap60,82606.34,5.194,0.0010,,0.010,71103.10,0.990,,,0.07,5,,,73556.77,0.0001056,-0.0004285,-0.0010519
1790589285.2,1790589000,285.2,14.8,82627.54,chainlink,82700.05,twap60,82610.73,5.194,0.0010,,0.010,73573.49,0.990,,,0.07,5,,,75987.16,0.0001975,0.0000593,-0.0010985
1790589315.2,1790589300,15.2,284.8,82583.11,chainlink,82612.30,twap60,,5.259,0.3614,0.300,0.310,719.24,0.690,0.700,71.24,0.07,5,71.24,1712.89,2740.08,-0.0000079,-0.0002361,-0.0017277
1790589330.3,1790589300,30.3,269.7,82582.84,chainlink,82612.30,twap60,,5.259,0.3559,0.260,0.270,457.88,0.730,0.740,239.00,0.07,5,239.00,1852.16,2483.74,-0.0000038,-0.0003437,-0.0017746
1790589345.3,1790589300,45.3,254.7,82577.90,chainlink,82612.30,twap60,,5.259,0.3276,0.280,0.290,134.00,0.710,0.720,345.56,0.07,5,350.56,1838.36,3570.70,-0.0000518,-0.0005910,-0.0019781
1790589360.3,1790589300,60.3,239.7,82603.48,chainlink,82612.30,twap60,,5.259,0.4527,0.310,0.320,86.00,0.680,0.690,10.60,0.07,5,198.60,1142.60,1088.18,0.0003016,0.0002387,-0.0016546
1790589375.3,1790589300,75.3,224.7,82583.88,chainlink,82612.30,twap60,,5.259,0.3454,0.260,0.270,23.96,0.730,0.740,1599.87,0.07,5,1599.87,3716.87,1425.96,-0.0001808,0.0000087,-0.0016238
1790589390.3,1790589300,90.3,209.7,82590.61,chainlink,82612.30,twap60,,5.259,0.3758,0.340,0.350,20.00,0.650,0.660,531.44,0.07,5,647.48,2866.08,1036.64,0.0000810,0.0001021,-0.0014272
1790589405.4,1790589300,105.4,194.6,82594.45,chainlink,82612.30,twap60,,5.259,0.3924,0.270,0.280,110.00,0.720,0.730,651.42,0.07,5,451.42,2509.45,878.00,0.0000479,0.0001923,-0.0013797
1790589420.4,1790589300,120.4,179.6,82591.60,chainlink,82612.30,twap60,,5.259,0.3695,0.240,0.270,10.96,0.760,0.770,1474.60,0.07,5,219.12,2991.72,1963.68,-0.0000341,-0.0000873,-0.0013760
1790589435.4,1790589300,135.4,164.6,82588.81,chainlink,82612.30,twap60,,5.259,0.3445,0.300,0.310,1621.80,0.690,0.700,44.00,0.07,5,44.00,522.00,3830.62,-0.0000083,0.0000593,-0.0014153
1790589450.4,1790589300,150.4,149.6,82620.74,chainlink,82612.30,twap60,,5.259,0.5609,0.630,0.640,138.98,0.360,0.370,483.67,0.07,5,361.49,2331.49,1873.58,0.0003639,0.0003662,-0.0009211
1790589465.4,1790589300,165.4,134.6,82619.05,chainlink,82612.30,twap60,,5.259,0.5524,0.610,0.620,173.00,0.380,0.390,90.00,0.07,5,90.00,1789.00,1333.81,-0.0000206,0.0002982,-0.0009247
1790589480.5,1790589300,180.5,119.5,82619.14,chainlink,82612.30,twap60,,5.259,0.5580,0.460,0.470,259.64,0.530,0.540,175.00,0.07,5,190.00,929.00,1514.64,-0.0000046,0.0003589,-0.0006666
1790589495.5,1790589300,195.5,104.5,82613.10,chainlink,82612.30,twap60,,5.259,0.5075,0.430,0.440,1413.69,0.560,0.570,40.00,0.07,5,113.00,458.00,2342.69,-0.0000476,0.0002713,-0.0005653
1790589510.5,1790589300,210.5,89.5,82612.26,chainlink,82612.30,twap60,,5.259,0.4995,0.440,0.450,50.00,0.550,0.560,585.94,0.07,5,346.66,1494.22,711.00,-0.0000083,-0.0001027,-0.0004173
1790589525.5,1790589300,225.5,74.5,82612.52,chainlink,82612.30,twap60,,5.259,0.5028,0.540,0.560,93.84,0.450,0.460,35.00,0.07,5,5.00,285.00,934.15,0.0000063,-0.0000847,-0.0001225
1790589540.5,1790589300,240.5,59.5,82612.55,chainlink,82612.30,twap60,82612.57,5.259,0.5042,0.530,0.540,410.27,0.460,0.470,35.00,0.07,5,35.00,140.00,1817.27,0.0000003,-0.0000543,0.0000982
1790589555.6,1790589300,255.6,44.4,82612.56,chainlink,82612.30,twap60,82612.99,5.259,0.5098,0.450,0.460,91.50,0.540,0.550,52.00,0.07,5,52.00,163.00,447.96,-0.0000001,-0.0000046,0.0001204
1790589570.6,1790589300,270.6,29.4,82611.82,chainlink,82612.30,twap60,82612.78,5.259,0.5002,0.710,0.740,1171.00,0.280,0.290,29.53,0.07,5,21.00,84.53,1276.99,-0.0000057,-0.0000022,0.0000071
1790589585.6,1790589300,285.6,14.4,82596.36,chainlink,82612.30,twap60,82608.76,5.259,0.0092,,0.010,5411.13,0.990,,,0.07,5,,,6226.63,-0.0002016,-0.0001957,-0.0003675
1790589615.6,1790589600,15.6,284.4,82656.72,chainlink,82607.75,twap60,,5.225,0.7256,0.740,0.750,225.58,0.250,0.260,683.32,0.07,5,683.32,2761.31,2140.61,0.0003356,0.0005376,0.0008904
1790589630.7,1790589600,30.7,269.3,82663.31,chainlink,82607.75,twap60,,5.225,0.7587,0.870,0.880,59.00,0.120,0.130,978.86,0.07,5,164.00,4101.92,1346.81,0.0000913,0.0006086,0.0009819
1790589645.7,1790589600,45.7,254.3,82711.40,chainlink,82607.75,twap60,,5.225,0.9123,0.930,0.940,167.66,0.070,0.080,1221.14,0.07,5,887.51,3217.46,4684.07,0.0005464,0.0013909,0.0016073
1790589660.7,1790589600,60.7,239.3,82709.33,chainlink,82607.75,twap60,,5.225,0.9157,0.930,0.940,491.00,0.060,0.070,301.24,0.07,5,301.24,3626.96,3913.45,-0.0000193,0.0009719,0.0013372
1790589675.7,1790589600,75.7,224.3,82712.11,chainlink,82607.75,twap60,,5.225,0.9294,0.960,0.970,3188.16,0.040,0.050,416.94,0.07,5,7.42,1193.31,12327.31,0.0000350,0.0006814,0.0015510
1790589690.7,1790589600,90.7,209.3,82705.86,chainlink,82607.75,twap60,,5.225,0.9255,0.940,0.950,531.70,0.050,0.060,207.84,0.07,5,207.84,2213.69,7562.89,-0.0000712,0.0004793,0.0013958
1790589705.8,1790589600,105.8,194.2,82701.60,chainlink,82607.75,twap60,,5.225,0.9259,0.960,0.970,127.66,0.030,0.040,861.86,0.07,5,861.86,2926.40,8503.81,-0.0000081,-0.0001128,0.0012970
1790589720.8,1790589600,120.8,179.2,82703.46,chainlink,82607.75,twap60,,5.225,0.9397,0.970,0.980,3837.95,0.020,0.030,558.57,0.07,5,553.57,2668.52,7643.05,0.0000219,-0.0000695,0.0013790
1790589735.8,1790589600,135.8,164.2,82707.11,chainlink,82607.75,twap60,,5.225,0.9560,0.970,0.980,2367.95,0.020,0.030,907.61,0.07,5,907.61,4356.96,5397.45,0.0000349,-0.0000561,0.0014086
1790589750.8,1790589600,150.8,149.2,82722.37,chainlink,82607.75,twap60,,5.225,0.9821,0.970,0.980,68.31,0.020,0.030,2101.53,0.07,5,2294.02,6399.15,2936.61,0.0000719,0.0002430,0.0012293
1790589765.9,1790589600,165.9,134.1,82714.76,chainlink,82607.75,twap60,,5.225,0.9826,0.980,0.990,1870.40,0.010,0.020,1791.43,0.07,5,1791.43,6855.44,1870.40,-0.0000491,0.0001584,0.0011520
1790589780.9,1790589600,180.9,119.1,82717.08,chainlink,82607.75,twap60,,5.225,0.9907,0.990,,,,0.010,10268.71,0.07,5,10268.71,15147.25,,0.0000266,0.0001555,0.0012102
1790589795.9,1790589600,195.9,104.1,82731.17,chainlink,82607.75,twap60,,5.225,0.9984,0.990,,,,0.010,15724.55,0.07,5,15724.55,20491.09,,0.0001502,0.0001783,0.0014302
1790589810.9,1790589600,210.9,89.1,82739.80,chainlink,82607.75,twap60,,5.225,0.9990,0.990,,,,0.010,23520.07,0.07,5,23520.07,28756.61,,0.0000873,0.0002536,0.0015458
1790589826.0,1790589600,226.0,74.0,82767.30,chainlink,82607.75,twap60,,5.225,0.9990,0.990,,,,0.010,23320.86,0.07,5,23320.86,28918.43,,0.0003139,0.0006335,0.0018717
1790589841.0,1790589600,241.0,59.0,82769.75,chainlink,82607.75,twap60,82769.75,5.225,0.9990,0.999,,,,0.001,12227.49,0.07,5,12227.49,50553.81,,0.0000296,0.0006164,0.0019009
1790589856.0,1790589600,256.0,44.0,82781.72,chainlink,82607.75,twap60,82773.52,5.225,0.9990,0.999,,,,0.001,12292.51,0.07,5,12292.51,60140.75,,0.0001446,0.0005938,0.0020488
1790589870.0,1790589600,270.0,30.0,82785.30,chainlink,82607.75,twap60,82779.17,5.225,0.9990,0.999,,,,0.001,11378.51,0.07,5,11378.51,83157.00,,0.0000432,0.0005313,0.0020832
1790589885.0,1790589600,285.0,15.0,82808.29,chainlink,82607.75,twap60,82783.85,5.225,0.9990,0.999,,,,0.001,17904.56,0.07,5,17904.56,89992.05,,0.0002752,0.0004951,0.0025616
1790589915.1,1790589900,15.1,284.9,82771.16,chainlink,82790.30,twap60,,4.842,0.4003,0.380,0.390,167.00,0.620,0.640,75.60,0.07,5,10.00,1288.60,2704.13,-0.0003017,-0.0001276,0.0013951
1790589930.1,1790589900,30.1,269.9,82769.62,chainlink,82790.30,twap60,,4.842,0.3891,0.360,0.370,213.77,0.630,0.640,391.10,0.07,5,391.10,3177.72,1782.77,-0.0000055,-0.0001919,0.0012500
1790589945.1,1790589900,45.1,254.9,82757.89,chainlink,82790.30,twap60,,4.842,0.3240,0.270,0.280,40.00,0.720,0.730,459.32,0.07,5,374.83,3367.30,1038.00,-0.0001459,-0.0007792,0.0005677
1790589960.1,1790589900,60.1,239.9,82766.23,chainlink,82790.30,twap60,,4.842,0.3625,0.240,0.250,627.29,0.750,0.760,106.00,0.07,5,106.00,2354.57,2978.29,0.0001122,-0.0003613,0.0006891
1790589975.2,1790589900,75.2,224.8,82770.28,chainlink,82790.30,twap60,,4.842,0.3805,0.330,0.340,407.00,0.660,0.670,5.00,0.07,5,10.00,1982.52,3011.74,0.0001027,0.0000025,0.0007074
1790589990.2,1790589900,90.2,209.8,82758.27,chainlink,82790.30,twap60,,4.842,0.3058,0.230,0.240,119.60,0.760,0.770,356.44,0.07,5,356.44,3307.54,1423.60,-0.0001155,-0.0001413,0.0006769
1790590005.2,1790589900,105.2,194.8,82748.48,chainlink,82790.30,twap60,,4.842,0.2437,0.250,0.260,546.08,0.740,0.750,100.00,0.07,5,60.00,1572.00,2575.39,-0.0001178,-0.0001023,0.0005660
1790590020.2,1790589900,120.2,179.8,82766.69,chainlink,82790.30,twap60,,4.842,0.3400,0.270,0.280,558.12,0.720,0.730,40.00,0.07,5,60.00,1846.52,2202.12,0.0002201,0.0000593,0.0007550
1790590035.2,1790589900,135.2,164.8,82737.14,chainlink,82790.30,twap60,,4.842,0.1628,0.100,0.110,855.85,0.890,0.900,113.45,0.07,5,122.45,2411.48,2725.37,-0.0003557,-0.0003708,0.0002505
1790590050.3,1790589900,150.3,149.7,82748.38,chainlink,82790.30,twap60,,4.842,0.2042,0.100,0.110,1106.82,0.890,0.900,36.20,0.07,5,36.20,2300.86,2589.30,0.0001360,-0.0001189,0.0003573
1790590065.3,1790589900,165.3,134.7,82746.11,chainlink,82790.30,twap60,,4.842,0.1742,0.070,0.080,1227.39,0.930,0.940,105.00,0.07,5,10.11,1605.69,3419.18,-0.0000076,-0.0000286,0.0003774
1790590080.3,1790589900,180.3,119.7,82722.98,chainlink,82790.30,twap60,,4.842,0.0597,0.020,0.030,1060.24,0.970,0.980,3867.66,0.07,5,3867.66,7255.01,4720.44,-0.0002757,-0.0005269,0.0000511
1790590095.3,1790589900,195.3,104.7,82706.22,chainlink,82790.30,twap60,,4.842,0.0154,0.020,0.030,3136.35,0.970,0.980,100.49,0.07,5,100.49,2814.79,6130.16,-0.0001732,-0.0003737,-0.0003187
1790590110.4,1790589900,210.4,89.6,82687.86,chainlink,82790.30,twap60,,4.842,0.0013,,0.010,16947.27,0.990,,,0.07,5,,,20431.47,-0.0002289,-0.0007118,-0.0006464
1790590125.4,1790589900,225.4,74.6,82678.55,chainlink,82790.30,twap60,,4.842,0.0010,,0.010,24837.38,0.990,,,0.07,5,,,28324.58,-0.0000964,-0.0008129,-0.0010729
1790590140.4,1790589900,240.4,59.6,82682.66,chainlink,82790.30,twap60,82682.66,4.842,0.0010,,0.010,33861.64,0.990,,,0.07,5,,,36596.14,0.0000663,-0.0004581,-0.0010528
1790590155.4,1790589900,255.4,44.6,82699.39,chainlink,82790.30,twap60,82686.08,4.842,0.0010,,0.010,42418.87,0.990,,,0.07,5,,,45491.44,0.0002179,-0.0000895,-0.0009950
1790590170.4,1790589900,270.4,29.6,82697.36,chainlink,82790.30,twap60,82693.14,4.842,0.0010,,0.001,22832.30,0.999,,,0.07,5,,,97490.95,-0.0000327,0.0001311,-0.0010653
1790590185.5,1790589900,285.5,14.5,82696.29,chainlink,82790.30,twap60,82694.19,4.842,0.0010,,0.001,29001.48,0.999,,,0.07,5,,,103713.11,-0.0000062,0.0002312,-0.0015238
1790590215.5,1790590200,15.5,284.5,82702.38,chainlink,82697.28,twap60,,4.702,0.5277,0.520,0.530,66.95,0.470,0.480,732.10,0.07,5,772.10,2381.10,1222.95,-0.0001956,0.0000281,-0.0008182
1790590230.5,1790590200,30.5,269.5,82701.29,chainlink,82697.28,twap60,,4.702,0.5224,0.550,0.560,56.00,0.440,0.450,610.51,0.07,5,610.51,1782.51,2656.56,0.0000067,0.0000541,-0.0008301
1790590245.5,1790590200,45.5,254.5,82703.31,chainlink,82697.28,twap60,,4.702,0.5349,0.550,0.560,1365.95,0.440,0.450,83.76,0.07,5,83.76,945.76,3195.17,0.0000259,0.0000801,-0.0006483
1790590260.6,1790590200,60.6,239.4,82677.07,chainlink,82697.28,twap60,,4.702,0.3805,0.270,0.280,246.75,0.720,0.730,284.24,0.07,5,299.24,2904.09,1673.75,-0.0003171,-0.0005017,-0.0010240
1790590275.6,1790590200,75.6,224.4,82639.48,chainlink,82697.28,twap60,,4.702,0.1827,0.210,0.220,208.32,0.780,0.790,1640.74,0.07,5,1634.42,3723.50,1005.07,-0.0003943,-0.0007410,-0.0015519
1790590290.6,1790590200,90.6,209.4,82650.72,chainlink,82697.28,twap60,,4.702,0.2234,0.260,0.270,127.45,0.730,0.740,1162.97,0.07,5,1167.97,2891.97,933.25,0.0001373,-0.0006101,-0.0012998
1790590305.6,1790590200,105.6,194.4,82668.53,chainlink,82697.28,twap60,,4.702,0.3113,0.240,0.250,899.20,0.750,0.760,76.10,0.07,5,76.10,1372.14,3334.20,0.0000453,-0.0004204,-0.0009666
1790590320.6,1790590200,120.6,179.4,82667.62,chainlink,82697.28,twap60,,4.702,0.2966,0.230,0.250,133.00,0.760,0.770,328.00,0.07,5,90.00,1797.67,2597.45,-0.0000105,-0.0000538,-0.0011963
1790590335.7,1790590200,135.7,164.3,82654.78,chainlink,82697.28,twap60,,4.702,0.2088,0.140,0.150,161.21,0.850,0.860,193.53,0.07,5,256.53,1990.76,2312.10,-0.0001789,0.0001864,-0.0009958
1790590350.7,1790590200,150.7,149.3,82665.50,chainlink,82697.28,twap60,,4.702,0.2590,0.160,0.170,610.68,0.830,0.840,45.00,0.07,5,25.00,2373.99,2280.22,0.0001317,0.0000087,-0.0009822
1790590365.7,1790590200,165.7,134.3,82701.14,chainlink,82697.28,twap60,,4.702,0.5337,0.320,0.330,155.00,0.670,0.680,5.00,0.07,5,5.00,742.00,1319.74,0.0004311,0.0003949,-0.0005397
1790590380.7,1790590200,180.7,119.3,82669.47,chainlink,82697.28,twap60,,4.702,0.2533,0.160,0.170,1130.57,0.830,0.840,339.37,0.07,5,65.80,989.80,2825.10,-0.0003234,-0.0000012,-0.0006176
1790590395.7,1790590200,195.7,104.3,82663.23,chainlink,82697.28,twap60,,4.702,0.1832,0.080,0.090,840.90,0.910,0.920,160.29,0.07,5,160.29,2585.26,1817.01,-0.0000755,0.0001042,-0.0005268
1790590410.8,1790590200,210.8,89.2,82647.86,chainlink,82697.28,twap60,,4.702,0.0671,0.030,0.040,701.58,0.960,0.970,384.92,0.07,5,384.92,13871.42,3398.41,-0.0001870,-0.0002134,-0.0004677
1790590425.8,1790590200,225.8,74.2,82664.80,chainlink,82697.28,twap60,,4.702,0.1188,0.090,0.100,708.33,0.900,0.910,95.00,0.07,5,81.65,1140.43,2660.33,0.0002056,-0.0003798,-0.0001497
1790590440.8,1790590200,240.8,59.2,82660.35,chainlink,82697.28,twap60,82660.35,4.702,0.0365,0.020,0.030,1677.57,0.970,0.980,2139.12,0.07,5,2052.12,4742.12,5603.78,-0.0000533,-0.0001103,-0.0002543
1790590455.8,1790590200,255.8,44.2,82650.31,chainlink,82697.28,twap60,82652.94,4.702,0.0010,,0.010,29563.59,0.990,,,0.07,5,,,33742.33,-0.0000935,-0.0001572,-0.0006017
1790590470.9,1790590200,270.9,29.1,82654.47,chainlink,82697.28,twap60,82651.81,4.702,0.0010,,0.010,27691.62,0.990,,,0.07,5,,,31023.19,0.0000498,0.0000807,-0.0005121
1790590485.9,1790590200,285.9,14.1,82698.98,chainlink,82697.28,twap60,82663.28,4.702,0.0010,,0.010,50579.62,0.990,,,0.07,5,,,54426.19,0.0005191,0.0004140,0.0000278
1790590515.9,1790590500,15.9,284.1,82757.80,chainlink,82672.67,twap60,,4.432,0.8905,0.880,0.890,394.63,0.110,0.120,231.94,0.07,5,231.94,3028.94,2930.89,0.0004015,0.0012992,0.0006898
1790590530.9,1790590500,30.9,269.1,82760.15,chainlink,82672.67,twap60,,4.432,0.9039,0.870,0.880,985.37,0.120,0.130,968.80,0.07,5,768.80,3721.80,2704.99,0.0000172,0.0012584,0.0007129
1790590546.0,1790590500,46.0,254.0,82757.05,chainlink,82672.67,twap60,,4.432,0.9034,0.890,0.900,592.13,0.100,0.110,82.17,0.07,5,84.17,1773.17,3679.74,-0.0000373,0.0006820,0.0006498
1790590561.0,1790590500,61.0,239.0,82771.16,chainlink,82672.67,twap60,,4.432,0.9424,0.930,0.940,53.30,0.060,0.070,1374.94,0.07,5,1374.94,4497.01,3772.03,0.0001716,0.0005630,0.0011979
1790590576.0,1790590500,76.0,224.0,82776.20,chainlink,82672.67,twap60,,4.432,0.9575,0.950,0.960,285.12,0.040,0.050,553.90,0.07,5,553.90,3877.06,16714.49,0.0000399,0.0002112,0.0016544
1790590590.0,1790590500,90.0,210.0,82768.90,chainlink,82672.67,twap60,,4.432,0.9521,0.940,0.950,88.00,0.050,0.060,629.02,0.07,5,649.02,4101.53,8429.61,-0.0000901,0.0001058,0.0012586
1790590605.0,1790590500,105.0,195.0,82773.46,chainlink,82672.67,twap60,,4.432,0.9661,0.960,0.970,633.09,0.030,0.040,295.42,0.07,5,295.42,2765.22,15642.44,0.0000795,0.0001994,0.0012690
1790590620.0,1790590500,120.0,180.0,82771.41,chainlink,82672.67,twap60,,4.432,0.9702,0.970,0.980,5380.27,0.020,0.030,575.32,0.07,5,575.32,3248.51,14187.48,-0.0000156,-0.0000180,0.0012312
1790590635.1,1790590500,135.1,164.9,82771.30,chainlink,82672.67,twap60,,4.432,0.9768,0.970,0.980,4445.64,0.020,0.030,154.48,0.07,5,164.48,2876.98,13262.85,-0.0000008,-0.0000611,0.0014107
1790590650.1,1790590500,150.1,149.9,82786.75,chainlink,82672.67,twap60,,4.432,0.9930,0.970,0.980,2440.86,0.020,0.030,1125.30,0.07,5,1125.30,3940.80,5565.26,0.0001973,0.0002401,0.0014657
1790590665.1,1790590500,165.1,134.9,82791.31,chainlink,82672.67,twap60,,4.432,0.9970,0.990,,,,0.010,5283.98,0.07,5,5283.98,7813.95,,0.0000536,0.0002248,0.0011494
1790590680.1,1790590500,180.1,119.9,82764.31,chainlink,82672.67,twap60,,4.432,0.9897,0.980,0.990,1497.74,0.010,0.020,459.31,0.07,5,479.31,2754.01,1497.74,-0.0003195,-0.0000853,0.0011465
1790590695.2,1790590500,195.2,104.8,82731.65,chainlink,82672.67,twap60,,4.432,0.9508,0.960,0.970,136.34,0.030,0.040,648.97,0.07,5,628.97,3556.19,1825.87,-0.0003375,-0.0004685,0.0008264
1790590710.2,1790590500,210.2,89.8,82750.65,chainlink,82672.67,twap60,,4.432,0.9937,0.990,,,,0.010,4835.52,0.07,5,4835.52,7659.40,,0.0002238,-0.0004376,0.0012437
1790590725.2,1790590500,225.2,74.8,82760.99,chainlink,82672.67,twap60,,4.432,0.9990,0.990,,,,0.010,8421.27,0.07,5,8421.27,11102.96,,0.0001306,-0.0003595,0.0011635
1790590740.2,1790590500,240.2,59.8,82740.17,chainlink,82672.67,twap60,82740.40,4.432,0.9990,0.990,,,,0.010,10831.39,0.07,5,10831.39,13158.39,,-0.0002417,-0.0002345,0.0009930
1790590755.2,1790590500,255.2,44.8,82743.12,chainlink,82672.67,twap60,82740.83,4.432,0.9990,0.990,,,,0.010,35933.35,0.07,5,35933.35,38329.35,,0.0000399,0.0001327,0.0011217
1790590770.2,1790590500,270.2,29.8,82749.06,chainlink,82672.67,twap60,82743.44,4.432,0.9990,0.990,,,,0.010,48791.90,0.07,5,48791.90,50755.70,,0.0000681,-0.0000136,0.0011244
1790590785.3,1790590500,285.3,14.7,82720.50,chainlink,82672.67,twap60,82737.72,4.432,0.9990,0.990,,,,0.010,63075.64,0.07,5,63075.64,64987.44,,-0.0003135,-0.0004794,0.0002402
1790590815.3,1790590800,15.3,284.7,82715.83,chainlink,82734.04,twap60,,4.200,0.3908,0.360,0.370,60.00,0.630,0.640,1496.81,0.07,5,1563.81,4032.50,1198.00,0.0000264,-0.0003335,-0.0005184
1790590830.3,1790590800,30.3,269.7,82699.93,chainlink,82734.04,twap60,,4.200,0.2960,0.240,0.250,65.80,0.750,0.760,313.44,0.07,5,298.76,3216.19,1418.80,-0.0001665,-0.0005621,-0.0007277
1790590845.4,1790590800,45.4,254.6,82704.39,chainlink,82734.04,twap60,,4.200,0.3150,0.360,0.370,664.92,0.630,0.640,218.04,0.07,5,246.04,872.64,2891.75,0.0000925,-0.0001969,-0.0006354
1790590860.4,1790590800,60.4,239.6,82713.33,chainlink,82734.04,twap60,,4.200,0.3635,0.300,0.310,15.60,0.690,0.700,2142.75,0.07,5,2793.01,5468.43,66.93,0.0000233,-0.0000039,-0.0007200
1790590875.4,1790590800,75.4,224.6,82704.98,chainlink,82734.04,twap60,,4.200,0.3053,0.300,0.310,60.00,0.690,0.710,403.00,0.07,5,160.00,3270.57,1026.34,-0.0000824,-0.0001055,-0.0008626
1790590890.4,1790590800,90.4,209.6,82714.41,chainlink,82734.04,twap60,,4.200,0.3598,0.350,0.360,1770.02,0.640,0.650,17.40,0.07,5,17.40,682.32,3851.33,0.0001464,0.0002136,-0.0006342
1790590905.4,1790590800,105.4,194.6,82714.68,chainlink,82734.04,twap60,,4.200,0.3554,0.360,0.370,776.76,0.630,0.640,274.00,0.07,5,274.00,1426.45,4032.78,-0.0000086,0.0000396,-0.0007013
1790590920.5,1790590800,120.5,179.5,82712.33,chainlink,82734.04,twap60,,4.200,0.3309,0.420,0.430,579.64,0.570,0.580,336.00,0.07,5,228.00,875.41,2084.51,-0.0000340,0.0000065,-0.0007135
1790590935.5,1790590800,135.5,164.5,82733.73,chainlink,82734.04,twap60,,4.200,0.4974,0.530,0.540,394.49,0.460,0.470,315.00,0.07,5,360.51,1347.27,2157.09,0.0002580,0.0003800,-0.0004433
1790590950.5,1790590800,150.5,149.5,82739.76,chainlink,82734.04,twap60,,4.200,0.5518,0.530,0.540,641.35,0.460,0.470,5.00,0.07,5,10.00,396.33,1753.95,0.0000728,0.0002946,-0.0005693
1790590965.5,1790590800,165.5,134.5,82725.75,chainlink,82734.04,twap60,,4.200,0.4195,0.370,0.380,1452.67,0.620,0.630,55.00,0.07,5,55.00,450.00,2734.71,-0.0001487,0.0001281,-0.0007855
1790590980.6,1790590800,180.6,119.4,82724.24,chainlink,82734.04,twap60,,4.200,0.3968,0.320,0.330,66.67,0.670,0.680,883.99,0.07,5,843.99,2216.20,906.67,-0.0000149,0.0001433,-0.0004270
1790590995.6,1790590800,195.6,104.4,82717.44,chainlink,82734.04,twap60,,4.200,0.3113,0.300,0.310,1124.47,0.690,0.700,5.00,0.07,5,5.00,428.00,2638.47,-0.0000840,-0.0001969,-0.0001776
1790591010.6,1790590800,210.6,89.4,82714.53,chainlink,82734.04,twap60,,4.200,0.2543,0.210,0.220,105.00,0.780,0.790,467.20,0.07,5,467.20,1365.95,2334.77,-0.0000444,-0.0002843,-0.0004310
1790591025.6,1790590800,225.6,74.4,82718.00,coinbase,82734.04,twap60,,4.200,0.2573,0.390,0.420,361.00,0.570,0.580,6.37,0.07,5,30.00,90.00,776.41,0.0000322,-0.0000833,-0.0004977
1790591040.7,1790590800,240.7,59.3,82730.87,coinbase,82734.04,twap60,82714.53,4.200,0.4279,0.310,0.320,184.00,0.680,0.690,179.48,0.07,5,179.48,529.48,487.00,0.0001556,0.0000722,-0.0001008
1790591055.7,1790590800,255.7,44.3,82756.63,chainlink,82734.04,twap60,82729.74,4.200,0.9041,0.970,0.980,3680.53,0.020,0.030,235.17,0.07,5,235.17,1703.80,6550.78,,0.0004644,0.0001596
1790591070.8,1790590800,270.8,29.2,82756.39,chainlink,82734.04,twap60,82743.10,4.200,0.9925,0.990,,,,0.010,7912.81,0.07,5,7912.81,8894.55,,-0.0000175,0.0005060,0.0001203
1790591085.8,1790590800,285.8,14.2,82773.16,chainlink,82734.04,twap60,82749.78,4.200,0.9990,0.990,,,,0.010,53235.59,0.07,5,53235.59,54698.33,,0.0001794,,0.0006342
1790591115.9,1790591100,15.9,284.1,82781.70,chainlink,82755.17,twap60,,4.189,0.6574,0.720,0.730,722.11,0.270,0.280,62.60,0.07,5,62.60,1036.94,3646.97,0.0000538,0.0002883,0.0008217
1790591130.9,1790591100,30.9,269.1,82796.01,chainlink,82755.17,twap60,,4.189,0.7402,0.810,0.820,593.08,0.180,0.190,174.00,0.07,5,174.00,1334.00,3385.58,0.0001628,0.0004554,0.0011996
1790591145.9,1790591100,45.9,254.1,82798.19,chainlink,82755.17,twap60,,4.189,0.7587,0.790,0.800,465.75,0.200,0.210,132.85,0.07,5,132.85,2188.85,3638.31,0.0000117,0.0003076,0.0010488
1790591160.9,1790591100,60.9,239.1,82798.23,chainlink,82755.17,twap60,,4.189,0.7669,0.820,0.830,150.00,0.170,0.180,582.59,0.07,5,582.59,3140.52,2946.56,-0.0000008,0.0002535,0.0010445
1790591175.9,1790591100,75.9,224.1,82797.82,chainlink,82755.17,twap60,,4.189,0.7735,0.860,0.870,325.00,0.130,0.140,324.79,0.07,5,228.09,2566.96,2637.02,-0.0000050,0.0001846,0.0011543
1790591191.0,1790591100,91.0,209.0,82800.09,chainlink,82755.17,twap60,,4.189,0.7953,0.880,0.890,223.27,0.110,0.120,403.88,0.07,5,373.88,2260.22,2516.22,0.0000262,0.0000347,0.0010235
1790591206.0,1790591100,106.0,194.0,82813.53,chainlink,82755.17,twap60,,4.189,0.8692,0.920,0.930,298.17,0.070,0.080,162.37,0.07,5,112.37,2343.19,4218.16,0.0001338,0.0001840,0.0011887
1790591221.0,1790591100,121.0,179.0,82806.58,chainlink,82755.17,twap60,,4.189,0.8511,0.900,0.910,222.34,0.090,0.100,292.41,0.07,5,292.41,2711.38,3146.72,-0.0000829,0.0001009,0.0011382
1790591235.0,1790591100,135.0,165.0,82795.23,chainlink,82755.17,twap60,,4.189,0.8039,0.840,0.850,509.47,0.150,0.160,184.92,0.07,5,194.58,2281.82,2712.58,-0.0001460,-0.0000325,0.0007431
1790591250.0,1790591100,150.0,150.0,82754.70,chainlink,82755.17,twap60,,4.189,0.4958,0.630,0.640,5.00,0.420,0.430,1770.86,0.07,5,95.00,232.67,16.71,-0.0004816,-0.0005768,0.0002012
1790591265.0,1790591100,165.0,135.0,82768.03,chainlink,82755.17,twap60,,4.189,0.6237,0.700,0.710,616.06,0.290,0.300,164.58,0.07,5,115.00,894.00,2297.52,0.0001259,-0.0005487,0.0005142
1790591280.1,1790591100,180.1,119.9,82768.95,chainlink,82755.17,twap60,,4.189,0.6436,0.710,0.720,149.00,0.280,0.290,30.00,0.07,5,1611.19,2723.23,822.24,0.0000109,-0.0004635,0.0005385
1790591295.1,1790591100,195.1,104.9,82779.25,chainlink,82755.17,twap60,,4.189,0.7623,0.890,0.900,472.86,0.100,0.110,84.00,0.07,5,84.00,1107.60,2738.57,0.0001193,-0.0001849,0.0007378
1790591310.1,1790591100,210.1,89.9,82781.20,chainlink,82755.17,twap60,,4.189,0.8105,0.810,0.820,225.79,0.180,0.190,671.15,0.07,5,671.15,1623.15,754.79,-0.0000936,0.0002850,0.0008057
1790591325.1,1790591100,225.1,74.9,82765.32,chainlink,82755.17,twap60,,4.189,0.6593,0.740,0.750,112.73,0.250,0.260,591.00,0.07,5,641.00,1808.39,732.33,-0.0001579,-0.0000329,
1790591340.1,1790591100,240.1,59.9,82765.49,chainlink,82755.17,twap60,82765.49,4.189,0.7099,0.810,0.820,413.93,0.180,0.190,5.00,0.07,5,5.00,109.00,1208.50,0.0000012,-0.0000470,
1790591355.2,1790591100,255.2,44.8,82764.42,chainlink,82755.17,twap60,82762.29,4.189,0.7642,0.920,0.930,106.25,0.070,0.100,72.40,0.07,5,38.00,646.00,524.26,-0.0000128,-0.0002964,0.0000795
1790591370.2,1790591100,270.2,29.8,82762.47,chainlink,82755.17,twap60,82763.16,4.189,0.8782,0.960,0.970,36.31,0.030,0.040,193.04,0.07,5,233.00,1026.32,7097.58,-0.0000221,-0.0001924,0.0000502
1790591385.2,1790591100,285.2,14.8,82764.49,chainlink,82755.17,twap60,82763.06,4.189,0.9990,0.990,,,,0.010,22115.40,0.07,5,22115.40,23460.86,,0.0000322,-0.0000108,-0.0000995
1790591415.3,1790591400,15.3,284.7,82781.37,chainlink,82763.71,twap60,,4.049,0.6098,0.580,0.590,690.95,0.410,0.420,238.17,0.07,5,253.17,2703.80,1600.95,0.0000979,0.0002063,-0.0000140
1790591430.3,1790591400,30.3,269.7,82759.66,chainlink,82763.71,twap60,,4.049,0.4736,0.410,0.420,125.19,0.580,0.590,735.10,0.07,5,735.10,3830.27,729.19,-0.0002596,-0.0000263,-0.0004538
1790591445.3,1790591400,45.3,254.7,82760.93,chainlink,82763.71,twap60,,4.049,0.4813,0.410,0.420,1343.69,0.580,0.590,122.57,0.07,5,95.00,1634.60,2239.69,0.0000088,-0.0000444,-0.0004514
1790591460.3,1790591400,60.3,239.7,82738.75,chainlink,82763.71,twap60,,4.049,0.3313,0.290,0.300,150.00,0.700,0.710,1650.49,0.07,5,1655.49,4221.32,1113.00,-0.0002650,-0.0004171,-0.0007186
1790591475.3,1790591400,75.3,224.7,82750.23,chainlink,82763.71,twap60,,4.049,0.4032,0.350,0.360,94.00,0.640,0.650,1685.25,0.07,5,1770.25,2965.25,867.00,0.0001413,-0.0003735,-0.0005761
1790591490.4,1790591400,90.4,209.6,82757.76,chainlink,82763.71,twap60,,4.049,0.4550,0.460,0.470,1045.37,0.530,0.540,63.14,0.07,5,63.14,1037.19,3958.92,0.0000848,-0.0000295,-0.0005399
1790591505.4,1790591400,105.4,194.6,82771.81,chainlink,82763.71,twap60,,4.049,0.5639,0.670,0.680,312.36,0.320,0.330,222.77,0.07,5,316.33,726.33,1341.18,0.0001699,0.0001345,-0.0005029
1790591520.4,1790591400,120.4,179.6,82785.01,chainlink,82763.71,twap60,,4.049,0.6719,0.710,0.720,730.33,0.280,0.290,25.00,0.07,5,25.00,767.01,2767.70,0.0001534,0.0005615,-0.0002695
1790591535.4,1790591400,135.4,164.6,82753.80,chainlink,82763.71,twap60,,4.049,0.4132,0.280,0.290,100.00,0.710,0.720,469.24,0.07,5,469.24,3014.26,253.00,-0.0003756,0.0000369,-0.0004925
1790591550.4,1790591400,150.4,149.6,82760.63,chainlink,82763.71,twap60,,4.049,0.4710,0.560,0.570,611.77,0.430,0.440,104.31,0.07,5,109.31,995.31,1792.21,0.0001664,0.0000349,0.0000365
1790591565.5,1790591400,165.5,134.5,82771.73,chainlink,82763.71,twap60,,4.049,0.5806,0.620,0.630,388.31,0.370,0.380,740.58,0.07,5,745.58,2789.58,999.31,0.0001333,-0.0000071,0.0000444
1790591580.5,1790591400,180.5,119.5,82767.44,chainlink,82763.71,twap60,,4.049,0.5411,0.490,0.500,277.00,0.500,0.510,202.57,0.07,5,139.27,745.27,717.00,-0.0000560,-0.0002108,-0.0000234
1790591595.5,1790591400,195.5,104.5,82775.70,chainlink,82763.71,twap60,,4.049,0.6438,0.770,0.780,556.00,0.220,0.230,158.65,0.07,5,202.32,1042.32,1401.29,0.0000990,0.0003484,-0.0001600
1790591610.5,1790591400,210.5,89.5,82790.81,chainlink,82763.71,twap60,,4.049,0.8293,0.890,0.900,258.00,0.100,0.110,350.29,0.07,5,386.46,1460.45,2127.00,0.0001833,0.0003638,0.0001500
1790591625.5,1790591400,225.5,74.5,82800.47,chainlink,82763.71,twap60,,4.049,0.9390,0.970,0.980,4934.13,0.020,0.030,624.67,0.07,5,664.67,2601.42,13349.74,0.0001167,0.0003430,0.0004238
1790591640.6,1790591400,240.6,59.4,82802.92,chainlink,82763.71,twap60,82802.92,4.049,0.9859,0.970,0.980,353.42,0.020,0.030,1331.76,0.07,5,1331.76,3522.24,3252.42,0.0000249,0.0004278,0.0004522
1790591655.6,1790591400,255.6,44.4,82810.78,chainlink,82763.71,twap60,82804.81,4.049,0.9990,0.990,,,,0.010,29596.16,0.07,5,29596.16,31141.15,,0.0000947,0.0004245,0.0005615
1790591670.6,1790591400,270.6,29.4,82824.82,chainlink,82763.71,twap60,82810.60,4.049,0.9990,0.990,,,,0.010,66087.80,0.07,5,66087.80,68005.24,,0.0001594,0.0004107,0.0007608
1790591685.6,1790591400,285.6,14.4,82832.15,chainlink,82763.71,twap60,82817.95,4.049,0.9990,0.990,,,,0.010,67782.90,0.07,5,67782.90,69629.13,,0.0000464,0.0003778,0.0008158
1790591715.7,1790591700,15.7,284.3,82833.40,chainlink,82820.50,twap60,,4.018,0.5814,0.620,0.630,98.41,0.370,0.380,492.18,0.07,5,492.18,2683.42,2634.88,0.0000270,0.0002630,0.0006310
1790591730.7,1790591700,30.7,269.3,82843.49,chainlink,82820.50,twap60,,4.018,0.6473,0.670,0.680,1567.14,0.320,0.330,39.00,0.07,5,39.00,810.24,4143.46,0.0001220,0.0001834,0.0010059
1790591745.7,1790591700,45.7,254.3,82843.09,chainlink,82820.50,twap60,,4.018,0.6495,0.770,0.780,22.74,0.220,0.230,843.83,0.07,5,846.83,1986.50,774.73,-0.0000035,0.0001409,0.0009952
1790591760.7,1790591700,60.7,239.3,82871.64,chainlink,82820.50,twap60,,4.018,0.8164,0.840,0.850,548.63,0.150,0.160,637.48,0.07,5,637.48,2171.59,2874.22,0.0002545,0.0004885,0.0016074
1790591775.8,1790591700,75.8,224.2,82875.74,chainlink,82820.50,twap60,,4.018,0.8445,0.850,0.860,762.58,0.140,0.150,395.76,0.07,5,395.76,1524.55,2663.49,0.0000311,0.0005112,0.0015094
1790591790.8,1790591700,90.8,209.2,82876.85,chainlink,82820.50,twap60,,4.018,0.8595,0.850,0.860,1016.19,0.140,0.150,168.00,0.07,5,94.00,1211.79,2946.10,0.0000140,0.0004039,0.0014381
1790591805.8,1790591700,105.8,194.2,82868.83,chainlink,82820.50,twap60,,4.018,0.8336,0.850,0.860,36.17,0.140,0.150,1058.68,0.07,5,1078.68,2969.64,1560.08,-0.0001002,0.0002205,0.0011653
1790591820.8,1790591700,120.8,179.2,82867.97,chainlink,82820.50,twap60,,4.018,0.8417,0.900,0.910,2.48,0.090,0.100,672.84,0.07,5,677.84,2516.37,1795.98,-0.0000122,-0.0000627,0.0010031
1790591835.8,1790591700,135.8,164.2,82889.14,chainlink,82820.50,twap60,,4.018,0.9374,0.960,0.970,2303.65,0.030,0.040,638.78,0.07,5,638.78,2356.91,17198.90,0.0002561,0.0001622,0.0017179
1790591850.8,1790591700,150.8,149.2,82889.44,chainlink,82820.50,twap60,,4.018,0.9498,0.960,0.970,1645.89,0.030,0.040,149.42,0.07,5,74.42,1438.77,11509.93,-0.0000513,0.0001485,0.0015545
1790591865.9,1790591700,165.9,134.1,82888.92,chainlink,82820.50,twap60,,4.018,0.9604,0.950,0.960,1118.12,0.040,0.050,192.54,0.07,5,97.54,1434.83,12614.70,-0.0000051,0.0002405,0.0014106
1790591880.9,1790591700,180.9,119.1,82875.67,chainlink,82820.50,twap60,,4.018,0.9387,0.960,0.970,1102.41,0.030,0.040,36.82,0.07,5,36.82,1177.82,11375.98,-0.0001338,0.0000936,0.0013059
1790591895.9,1790591700,195.9,104.1,82873.12,chainlink,82820.50,twap60,,4.018,0.9491,0.970,0.980,5548.50,0.020,0.030,411.97,0.07,5,401.97,1830.16,9194.09,-0.0000094,-0.0002482,0.0011770
1790591910.9,1790591700,210.9,89.1,82871.69,chainlink,82820.50,twap60,,4.018,0.9656,0.970,0.980,2193.84,0.020,0.030,571.96,0.07,5,696.95,2476.45,5359.49,-0.0000558,-0.0002130,0.0009765
1790591926.0,1790591700,226.0,74.0,82866.47,chainlink,82820.50,twap60,,4.018,0.9751,0.970,0.980,1614.68,0.020,0.030,489.00,0.07,5,489.00,2169.19,4826.33,-0.0001055,-0.0002448,0.0007921
1790591941.0,1790591700,241.0,59.0,82873.46,chainlink,82820.50,twap60,82872.33,4.018,0.9987,0.990,,,,0.010,15092.35,0.07,5,18100.36,19869.36,,0.0001006,-0.0000053,0.0008513
1790591955.0,1790591700,255.0,45.0,82888.21,chainlink,82820.50,twap60,82880.63,4.018,0.9990,0.999,,,,0.001,16918.62,0.07,5,16916.96,47668.73,,0.0001915,0.0001435,0.0009244
1790591970.0,1790591700,270.0,30.0,82892.85,chainlink,82820.50,twap60,82885.93,4.018,0.9990,0.999,,,,0.001,16649.67,0.07,5,16649.67,74938.82,,0.0000564,0.0002127,0.0007789
1790591985.1,1790591700,285.1,14.9,82886.62,chainlink,82820.50,twap60,82886.94,4.018,0.9990,0.999,,,,0.001,24630.89,0.07,5,24630.89,83394.14,,-0.0000520,0.0002594,0.0006662
1790592015.1,1790592000,15.1,284.9,82898.23,chainlink,82888.47,twap60,,3.903,0.5635,0.530,0.540,21.60,0.460,0.470,1481.26,0.07,5,1441.26,2904.52,689.60,0.0000235,0.0001213,0.0007825
1790592030.1,1790592000,30.1,269.9,82899.00,chainlink,82888.47,twap60,,3.903,0.5707,0.660,0.670,10.00,0.340,0.350,1064.96,0.07,5,452.00,3768.62,229.24,0.0000154,0.0000974,0.0006712
1790592045.1,1790592000,45.1,254.9,82902.15,chainlink,82888.47,twap60,,3.903,0.5945,0.630,0.640,482.23,0.360,0.370,273.00,0.07,5,273.00,1229.00,3113.60,-0.0000040,0.0001432,0.0006226
1790592060.2,1790592000,60.2,239.8,82892.96,chainlink,82888.47,twap60,,3.903,0.5324,0.520,0.530,55.08,0.470,0.480,1723.52,0.07,5,1723.52,3847.12,722.68,-0.0001101,-0.0000401,0.0002387
1790592075.2,1790592000,75.2,224.8,82896.82,chainlink,82888.47,twap60,,3.903,0.5625,0.770,0.780,35.00,0.220,0.230,418.03,0.07,5,413.03,1681.03,2293.18,0.0000319,-0.0000110,0.0002549
1790592090.2,1790592000,90.2,209.8,82918.97,chainlink,82888.47,twap60,,3.903,0.7257,0.780,0.790,1352.36,0.210,0.220,34.00,0.07,5,39.00,1565.64,4377.42,0.0001810,0.0001989,0.0005047
1790592105.2,1790592000,105.2,194.8,82909.80,chainlink,82888.47,twap60,,3.903,0.6698,0.600,0.610,152.65,0.390,0.400,60.00,0.07,5,146.00,781.00,2624.07,-0.0001057,0.0000931,0.0004924
1790592120.2,1790592000,120.2,179.8,82911.13,chainlink,82888.47,twap60,,3.903,0.6883,0.730,0.740,656.29,0.260,0.270,133.96,0.07,5,133.96,1284.96,2944.47,0.0000423,0.0002045,0.0005213
1790592135.3,1790592000,135.3,164.7,82907.22,chainlink,82888.47,twap60,,3.903,0.6665,0.560,0.570,268.00,0.430,0.440,727.00,0.07,5,737.00,2434.02,1342.00,-0.0000526,0.0000393,0.0001631
1790592150.3,1790592000,150.3,149.7,82910.16,chainlink,82888.47,twap60,,3.903,0.7022,0.820,0.830,1227.66,0.170,0.180,139.60,0.07,5,127.60,437.60,4380.58,0.0001150,-0.0001013,0.0002511
1790592165.3,1790592000,165.3,134.7,82911.64,chainlink,82888.47,twap60,,3.903,0.7291,0.710,0.720,20.00,0.280,0.290,1503.40,0.07,5,580.40,2438.40,413.00,0.0000015,0.0000485,0.0003002
1790592180.3,1790592000,180.3,119.7,82909.40,chainlink,82888.47,twap60,,3.903,0.7260,0.640,0.650,59.42,0.350,0.360,15.00,0.07,5,230.72,1182.80,498.85,0.0000040,-0.0000263,0.0004283
1790592195.3,1790592000,195.3,104.7,82896.72,chainlink,82888.47,twap60,,3.903,0.6036,0.670,0.680,452.51,0.320,0.330,50.00,0.07,5,50.00,467.00,1819.48,-0.0001212,-0.0000473,0.0002461
1790592210.4,1790592000,210.4,89.6,82896.03,chainlink,82888.47,twap60,,3.903,0.6083,0.630,0.640,310.40,0.360,0.370,50.00,0.07,5,40.00,452.39,946.80,-0.0000070,-0.0001868,0.0002511
1790592225.4,1790592000,225.4,74.6,82895.78,chainlink,82888.47,twap60,,3.903,0.6249,0.700,0.710,605.80,0.290,0.300,34.39,0.07,5,34.39,104.39,2010.29,-0.0000016,-0.0001603,0.0003698
1790592240.4,1790592000,240.4,59.6,82896.10,chainlink,82888.47,twap60,82896.91,3.903,0.6707,0.930,0.940,15.00,0.060,0.070,125.10,0.07,5,125.10,631.10,1117.00,0.0000057,-0.0001287,0.0002867
1790592255.4,1790592000,255.4,44.6,82899.70,chainlink,82888.47,twap60,82899.76,3.903,0.8430,0.960,0.970,247.21,0.030,0.040,159.42,0.07,5,159.42,1636.61,7789.59,0.0000098,0.0000373,0.0001391
1790592270.5,1790592000,270.5,29.5,82899.75,chainlink,82888.47,twap60,82899.75,3.903,0.9693,0.990,,,,0.010,2458.89,0.07,5,2458.89,5764.24,,0.0000010,0.0000463,0.0001063
1790592285.5,1790592000,285.5,14.5,82912.83,chainlink,82888.47,twap60,82901.28,3.903,0.9990,0.990,,,,0.010,56509.04,0.07,5,56509.04,58583.56,,0.0001578,0.0002075,0.0002720
1790592315.5,1790592300,15.5,284.5,82908.83,chainlink,82903.59,twap60,,3.890,0.5343,0.510,0.520,679.59,0.480,0.490,42.84,0.07,5,242.84,1937.44,1925.75,-0.0000495,0.0001106,0.0001339
1790592330.6,1790592300,30.6,269.4,82878.13,chainlink,82903.59,twap60,,3.890,0.3328,0.270,0.280,868.08,0.720,0.730,40.00,0.07,5,40.00,1270.00,2755.51,-0.0003704,-0.0002608,-0.0002938
1790592345.6,1790592300,45.6,254.4,82890.23,chainlink,82903.59,twap60,,3.890,0.4073,0.370,0.380,242.36,0.620,0.630,304.57,0.07,5,304.57,2178.15,923.82,0.0001486,-0.0002687,-0.0001430
1790592360.6,1790592300,60.6,239.4,82887.42,chainlink,82903.59,twap60,,3.890,0.3842,0.330,0.340,145.00,0.660,0.670,470.43,0.07,5,470.43,2606.27,1236.10,-0.0000316,-0.0003078,-0.0000815
1790592375.6,1790592300,75.6,224.4,82900.18,chainlink,82903.59,twap60,,3.890,0.4743,0.460,0.470,65.00,0.530,0.540,2032.73,0.07,5,1516.02,2715.38,809.46,0.0001515,-0.0001043,-0.0000456
1790592390.7,1790592300,90.7,209.3,82905.10,chainlink,82903.59,twap60,,3.890,0.5119,0.340,0.350,387.00,0.650,0.660,15.00,0.07,5,15.00,240.00,3071.22,0.0000571,0.0003280,-0.0001624
1790592405.7,1790592300,105.7,194.3,82871.63,chainlink,82903.59,twap60,,3.890,0.2542,0.190,0.200,711.46,0.800,0.810,271.76,0.07,5,271.76,1524.50,3606.36,-0.0003854,-0.0002221,-0.0004342
1790592420.7,1790592300,120.7,179.3,82866.40,chainlink,82903.59,twap60,,3.890,0.2089,0.210,0.220,283.25,0.780,0.790,418.00,0.07,5,418.00,2723.58,2116.05,-0.0000580,-0.0002561,-0.0005451
1790592435.8,1790592300,135.8,164.2,82874.56,chainlink,82903.59,twap60,,3.890,0.2516,0.150,0.160,221.32,0.840,0.850,888.67,0.07,5,888.67,2323.39,1553.41,0.0000356,-0.0003113,-0.0003146
1790592450.8,1790592300,150.8,149.2,82861.91,chainlink,82903.59,twap60,,3.890,0.1526,0.090,0.100,198.00,0.900,0.910,248.49,0.07,5,248.49,2771.18,2440.15,-0.0001259,-0.0005027,-0.0005985
1790592465.8,1790592300,165.8,134.2,82856.89,chainlink,82903.59,twap60,,3.890,0.1081,0.050,0.060,703.05,0.940,0.950,104.73,0.07,5,64.73,9467.61,2950.40,-0.0000556,-0.0001727,-0.0006295
1790592480.8,1790592300,180.8,119.2,82858.61,chainlink,82903.59,twap60,,3.890,0.0969,0.050,0.060,1242.94,0.940,0.950,44.32,0.07,5,44.32,8586.62,3607.59,0.0000222,-0.0001569,-0.0005811
1790592495.8,1790592300,195.8,104.2,82856.71,chainlink,82903.59,twap60,,3.890,0.0662,0.020,0.030,469.56,0.970,0.980,5046.09,0.07,5,5046.09,13567.55,3016.29,-0.0000242,-0.0001886,-0.0004814
1790592510.9,1790592300,210.9,89.1,82857.27,chainlink,82903.59,twap60,,3.890,0.0447,0.020,0.030,194.31,0.970,0.980,3364.34,0.07,5,3364.34,11693.80,3035.56,0.0000140,-0.0000510,-0.0004662
1790592525.9,1790592300,225.9,74.1,82828.61,chainlink,82903.59,twap60,,3.890,0.0010,,0.010,15536.88,0.990,,,0.07,5,,,19371.66,-0.0003504,-0.0003398,-0.0008087
1790592540.9,1790592300,240.9,59.1,82832.21,chainlink,82903.59,twap60,82832.19,3.890,0.0010,,0.010,25020.66,0.990,,,0.07,5,,,28426.70,0.0000479,-0.0003200,-0.0008047
1790592555.9,1790592300,255.9,44.1,82829.48,chainlink,82903.59,twap60,82830.25,3.890,0.0010,,0.010,40085.58,0.990,,,0.07,5,,,43960.95,-0.0000327,-0.0003215,-0.0008470
1790592571.0,1790592300,271.0,29.0,82846.73,chainlink,82903.59,twap60,82831.38,3.890,0.0010,,0.010,41523.40,0.990,,,0.07,5,,,44930.56,0.0002083,-0.0001317,-0.0006398
1790592586.0,1790592300,286.0,14.0,82882.77,chainlink,82903.59,twap60,82842.32,3.890,0.0010,,0.001,20320.64,0.999,,,0.07,5,,,85570.58,0.0004362,0.0006581,-0.0003587
1790592615.0,1790592600,15.0,285.0,82855.56,chainlink,82847.78,twap60,,3.905,0.5506,0.500,0.510,64.21,0.490,0.500,1543.70,0.07,5,1543.70,4126.30,820.37,-0.0000428,0.0003149,-0.0006428
1790592630.0,1790592600,30.0,270.0,82875.97,chainlink,82847.78,twap60,,3.905,0.6830,0.650,0.660,66.76,0.340,0.350,1345.55,0.07,5,1345.55,2961.55,1187.36,0.0002882,0.0003542,-0.0000234
1790592645.1,1790592600,45.1,254.9,82876.58,chainlink,82847.78,twap60,,3.905,0.6926,0.670,0.680,45.00,0.320,0.330,691.40,0.07,5,691.40,2339.00,1283.23,0.0000074,-0.0001011,-0.0001623
1790592660.1,1790592600,60.1,239.9,82885.84,chainlink,82847.78,twap60,,3.905,0.7547,0.710,0.720,10.00,0.280,0.290,1095.00,0.07,5,1085.00,4087.00,417.00,0.0001224,0.0003226,-0.0000215
1790592675.1,1790592600,75.1,224.9,82884.97,chainlink,82847.78,twap60,,3.905,0.7582,0.790,0.800,43.90,0.200,0.210,1729.20,0.07,5,1729.20,3547.20,1516.90,0.0000623,0.0003968,-0.0001857
1790592690.1,1790592600,90.1,209.9,82890.59,chainlink,82847.78,twap60,,3.905,0.7999,0.790,0.800,872.59,0.200,0.210,101.00,0.07,5,101.00,1700.87,3366.05,0.0000619,0.0001764,-0.0001566
1790592705.1,1790592600,105.1,194.9,82889.73,chainlink,82847.78,twap60,,3.905,0.8061,0.640,0.650,107.81,0.350,0.360,836.00,0.07,5,786.00,3000.68,1480.81,-0.0000071,0.0001694,0.0002235
1790592720.2,1790592600,120.2,179.8,82866.00,chainlink,82847.78,twap60,,3.905,0.6534,0.700,0.710,5.00,0.290,0.300,1730.28,0.07,5,1730.28,3112.28,1005.45,-0.0000481,-0.0001666,-0.0000678
1790592735.2,1790592600,135.2,164.8,82873.57,chainlink,82847.78,twap60,,3.905,0.7229,0.800,0.810,173.00,0.190,0.200,663.20,0.07,5,663.20,1882.23,1998.50,0.0000876,-0.0001434,0.0000149
1790592750.2,1790592600,150.2,149.8,82967.97,chainlink,82847.78,twap60,,3.905,0.9983,0.960,0.970,940.30,0.030,0.040,344.49,0.07,5,344.49,2729.19,8470.06,0.0011365,0.0009364,0.0012841
1790592765.2,1790592600,165.2,134.8,82936.80,chainlink,82847.78,twap60,,3.905,0.9904,0.970,0.980,2442.69,0.020,0.030,736.82,0.07,5,741.82,4301.15,5303.69,-0.0003626,0.0008059,0.0009654
1790592780.3,1790592600,180.3,119.7,83002.59,chainlink,82847.78,twap60,,3.905,0.9990,0.990,,,,0.010,4276.10,0.07,5,4276.10,7716.97,,0.0007951,0.0016432,0.0017349
1790592795.3,1790592600,195.3,104.7,82983.67,chainlink,82847.78,twap60,,3.905,0.9990,0.990,,,,0.010,4994.86,0.07,5,4994.86,9032.49,,-0.0002286,0.0013257,0.0015384
1790592810.3,1790592600,210.3,89.7,82983.22,chainlink,82847.78,twap60,,3.905,0.9990,0.990,,,,0.010,6886.69,0.07,5,6886.69,11410.32,,0.0000384,0.0001970,0.0015145
1790592825.3,1790592600,225.3,74.7,82985.69,chainlink,82847.78,twap60,,3.905,0.9990,0.990,,,,0.010,8063.06,0.07,5,8063.06,12794.68,,-0.0000247,0.0005915,0.0018992
1790592840.3,1790592600,240.3,59.7,82967.77,chainlink,82847.78,twap60,82967.77,3.905,0.9990,0.990,,,,0.010,20387.66,0.07,5,20377.61,24531.54,,-0.0002055,-0.0004202,0.0016355
1790592855.4,1790592600,255.4,44.6,82958.60,chainlink,82847.78,twap60,82958.88,3.905,0.9990,0.990,,,,0.010,33280.72,0.07,5,33280.72,37569.15,,-0.0000349,-0.0002584,0.0015577
1790592870.4,1790592600,270.4,29.6,82954.45,chainlink,82847.78,twap60,82956.34,3.905,0.9990,0.990,,,,0.010,48468.60,0.07,5,48468.60,52275.70,,-0.0000152,-0.0004013,0.0013007
1790592885.4,1790592600,285.4,14.6,82936.86,chainlink,82847.78,twap60,82952.32,3.905,0.9990,0.990,,,,0.010,68033.31,0.07,5,68033.31,71699.41,,-0.0002077,-0.0005781,0.0006260
1790592915.5,1790592900,15.5,284.5,82935.61,chainlink,82949.82,twap60,,4.230,0.4150,0.390,0.400,4.87,0.580,0.590,10.00,0.07,5,1302.45,3439.45,564.87,-0.0000598,-0.0002423,0.0010076
1790592930.5,1790592900,30.5,269.5,82929.49,chainlink,82949.82,twap60,,4.230,0.3755,0.330,0.340,216.70,0.660,0.670,152.34,0.07,5,167.34,3232.84,1213.70,-0.0000954,-0.0002966,0.0006455
1790592945.5,1790592900,45.5,254.5,82929.61,chainlink,82949.82,twap60,,4.230,0.3721,0.370,0.380,50.00,0.620,0.630,650.27,0.07,5,650.27,1759.03,702.00,0.0000044,-0.0000799,0.0006504
1790592960.5,1790592900,60.5,239.5,82943.46,chainlink,82949.82,twap60,,4.230,0.4576,0.510,0.520,78.75,0.480,0.490,1040.84,0.07,5,1040.84,3227.84,573.75,0.0001606,0.0000348,0.0007677
1790592975.5,1790592900,75.5,224.5,82937.21,chainlink,82949.82,twap60,,4.230,0.4131,0.400,0.410,1296.97,0.590,0.600,72.00,0.07,5,77.00,1090.00,2558.84,-0.0001339,-0.0000024,0.0006241
1790592990.6,1790592900,90.6,209.4,82933.84,chainlink,82949.82,twap60,,4.230,0.3858,0.300,0.310,704.99,0.690,0.700,76.00,0.07,5,76.00,1051.00,3238.86,-0.0000439,0.0000554,0.0005249
1790593005.6,1790592900,105.6,194.4,82967.76,chainlink,82949.82,twap60,,4.230,0.6335,0.620,0.630,1365.11,0.370,0.380,5.00,0.07,5,5.00,898.59,2801.71,0.0004244,0.0004535,0.0011791
1790593020.6,1790592900,120.6,179.4,82948.60,chainlink,82949.82,twap60,,4.230,0.4903,0.410,0.420,229.88,0.580,0.590,2142.98,0.07,5,2142.98,4066.28,827.88,-0.0002455,0.0000035,0.0009926
1790593035.6,1790592900,135.6,164.4,82944.81,chainlink,82949.82,twap60,,4.230,0.4577,0.390,0.400,1607.69,0.600,0.610,77.00,0.07,5,77.00,1412.00,2670.29,-0.0000437,0.0000883,0.0008572
1790593050.7,1790592900,150.7,149.3,82951.48,chainlink,82949.82,twap60,,4.230,0.5149,0.570,0.580,563.64,0.420,0.430,44.00,0.07,5,44.00,953.02,2956.12,0.0000808,0.0002282,-0.0001856
1790593065.7,1790592900,165.7,134.3,82935.41,chainlink,82949.82,twap60,,4.230,0.3628,0.210,0.220,267.00,0.780,0.790,224.22,0.07,5,224.22,1634.22,2776.42,-0.0002458,-0.0004046,-0.0000147
1790593080.7,1790592900,180.7,119.3,82934.83,chainlink,82949.82,twap60,,4.230,0.3453,0.300,0.310,99.00,0.690,0.700,120.00,0.07,5,1108.42,1951.42,539.72,0.0000338,-0.0001640,-0.0008174
1790593095.7,1790592900,195.7,104.3,82933.71,chainlink,82949.82,twap60,,4.230,0.3174,0.210,0.220,30.00,0.780,0.790,737.84,0.07,5,731.84,2945.84,330.00,-0.0000234,-0.0001334,-0.0005584
1790593110.8,1790592900,210.8,89.3,82928.75,chainlink,82949.82,twap60,,4.230,0.2389,0.080,0.090,139.99,0.910,0.920,1243.47,0.07,5,1233.47,4409.30,928.99,-0.0000495,-0.0003261,-0.0007112
1790593125.8,1790592900,225.8,74.2,82926.20,chainlink,82949.82,twap60,,4.230,0.1699,0.080,0.090,79.40,0.910,0.920,170.00,0.07,5,170.00,3326.72,1275.21,-0.0000213,-0.0000703,-0.0007067
1790593140.8,1790592900,240.8,59.2,82931.30,chainlink,82949.82,twap60,82931.07,4.230,0.1590,0.060,0.070,30.00,0.930,0.940,525.11,0.07,5,525.11,2234.45,341.87,0.0000614,-0.0000524,-0.0003640
1790593155.8,1790592900,255.8,44.2,82927.28,chainlink,82949.82,twap60,82928.81,4.230,0.0321,0.020,0.030,1606.59,0.970,0.980,1964.60,0.07,5,1964.60,4700.77,2685.71,-0.0000456,-0.0000671,-0.0003427
1790593170.8,1790592900,270.8,29.2,82917.49,chainlink,82949.82,twap60,82924.56,4.230,0.0010,,0.010,35150.50,0.990,,,0.07,5,,,37403.47,-0.0001154,-0.0001263,-0.0004414
1790593185.9,1790592900,285.9,14.1,82919.83,chainlink,82949.82,twap60,82923.71,4.230,0.0010,,0.010,66911.54,0.990,,,0.07,5,,,69357.04,0.0000207,-0.0000770,-0.0001979
1790593215.9,1790593200,15.9,284.1,83011.07,chainlink,82923.19,twap60,,4.043,0.9179,0.810,0.820,1268.93,0.180,0.190,114.00,0.07,5,114.00,726.00,3255.93,0.0011223,0.0010125,0.0008878
1790593230.9,1790593200,30.9,269.1,83012.76,chainlink,82923.19,twap60,,4.043,0.9284,0.850,0.860,308.00,0.140,0.150,155.76,0.07,5,170.76,2901.73,2748.20,0.0000980,0.0011408,0.0010065
1790593245.9,1790593200,45.9,254.1,82947.42,chainlink,82923.19,twap60,,4.043,0.6590,0.690,0.700,183.93,0.300,0.310,274.61,0.07,5,274.61,1849.20,1244.93,-0.0007975,0.0003327,0.0002083
1790593260.9,1790593200,60.9,239.1,82989.38,chainlink,82923.19,twap60,,4.043,0.8771,0.790,0.800,551.69,0.180,0.190,40.00,0.07,5,55.00,664.11,3401.76,0.0004925,0.0008609,0.0004949
1790593276.0,1790593200,76.0,224.0,82978.32,chainlink,82923.19,twap60,,4.043,0.8426,0.720,0.730,25.00,0.270,0.280,152.89,0.07,5,152.89,976.89,2063.05,-0.0001624,-0.0003168,0.0004923
1790593291.0,1790593200,91.0,209.0,82992.36,chainlink,82923.19,twap60,,4.043,0.9059,0.840,0.850,1291.02,0.150,0.160,131.18,0.07,5,121.18,1648.86,2954.66,0.0002313,-0.0002558,0.0007208
1790593306.0,1790593200,106.0,194.0,82993.09,chainlink,82923.19,twap60,,4.043,0.9182,0.790,0.800,142.00,0.200,0.210,596.90,0.07,5,646.90,1897.85,1277.44,-0.0000035,0.0005372,0.0002907
1790593320.0,1790593200,120.0,180.0,82968.84,chainlink,82923.19,twap60,,4.043,0.8301,0.720,0.730,602.87,0.270,0.280,7.71,0.07,5,32.02,300.02,1433.88,-0.0000167,-0.0002767,0.0002460
1790593335.0,1790593200,135.0,165.0,82950.86,chainlink,82923.19,twap60,,4.043,0.7298,0.800,0.810,1242.11,0.190,0.200,10.00,0.07,5,10.00,163.00,3919.52,-0.0001038,-0.0002689,0.0000733
1790593350.1,1790593200,150.1,149.9,82954.00,chainlink,82923.19,twap60,,4.043,0.7664,0.630,0.640,1739.43,0.360,0.370,101.00,0.07,5,91.00,2085.00,3225.43,-0.0000716,-0.0004746,-0.0000216
1790593365.1,1790593200,165.1,134.9,82946.20,chainlink,82923.19,twap60,,4.043,0.7205,0.730,0.740,130.00,0.260,0.270,545.00,0.07,5,550.00,2606.00,2197.00,-0.0000056,-0.0002897,0.0001709
1790593380.1,1790593200,180.1,119.9,82975.30,chainlink,82923.19,twap60,,4.043,0.9254,0.880,0.890,50.00,0.100,0.120,133.00,0.07,5,133.00,1614.00,1592.83,0.0003265,0.0001908,0.0004780
1790593395.1,1790593200,195.1,104.9,82979.53,chainlink,82923.19,twap60,,4.043,0.9582,0.970,0.980,5420.51,0.020,0.030,1038.03,0.07,5,1038.03,3022.11,8646.95,-0.0000208,0.0002362,0.0005627
1790593410.1,1790593200,210.1,89.9,82989.59,chainlink,82923.19,twap60,,4.043,0.9900,0.950,0.960,11.75,0.040,0.050,836.77,0.07,5,836.77,2789.36,14449.00,-0.0000706,0.0005173,0.0007428
1790593425.2,1790593200,225.2,74.8,82970.68,chainlink,82923.19,twap60,,4.043,0.9767,0.840,0.850,24.00,0.150,0.160,240.47,0.07,5,232.58,1104.82,724.00,-0.0001828,0.0002709,0.0005361
1790593440.2,1790593200,240.2,59.8,82977.22,chainlink,82923.19,twap60,82978.25,4.043,0.9987,0.980,0.990,2351.25,0.010,0.020,2604.37,0.07,5,2421.37,3951.72,2351.25,0.0002305,-0.0000487,0.0005563
1790593455.2,1790593200,255.2,44.8,82957.87,chainlink,82923.19,twap60,82970.00,4.043,0.9990,0.990,,,,0.010,7251.07,0.07,5,7251.07,9374.88,,-0.0002425,-0.0004528,0.0003714
1790593470.2,1790593200,270.2,29.8,82950.80,chainlink,82923.19,twap60,82960.15,4.043,0.9990,0.990,,,,0.010,29903.73,0.07,5,29903.73,31731.43,,-0.0000844,-0.0004224,0.0003942
1790593485.2,1790593200,285.2,14.8,82975.26,chainlink,82923.19,twap60,82960.09,4.043,0.9990,0.990,,,,0.010,61574.22,0.07,5,61574.22,63595.83,,0.0002971,0.0002069,0.0006683
1790593515.3,1790593500,15.3,284.7,82983.89,chainlink,82963.45,twap60,,4.089,0.6254,0.470,0.480,623.58,0.520,0.530,17.01,0.07,5,17.01,431.06,2558.80,0.0000499,0.0003144,-0.0002497
1790593530.3,1790593500,30.3,269.7,82956.22,chainlink,82963.45,twap60,,4.089,0.4535,0.410,0.420,487.09,0.580,0.590,77.88,0.07,5,77.88,1707.48,3145.09,-0.0002880,0.0000675,-0.0006914
1790593545.3,1790593500,45.3,254.7,82972.89,chainlink,82963.45,twap60,,4.089,0.5626,0.600,0.610,26.80,0.390,0.400,1032.79,0.07,5,803.35,1873.35,877.12,0.0002009,-0.0000153,0.0002938
1790593560.4,1790593500,60.4,239.6,82984.32,chainlink,82963.45,twap60,,4.089,0.6411,0.580,0.590,1595.21,0.410,0.420,80.00,0.07,5,80.00,1348.65,2971.21,0.0001214,0.0000551,-0.0000901
1790593575.4,1790593500,75.4,224.6,82989.04,chainlink,82963.45,twap60,,4.089,0.6775,0.610,0.620,1668.99,0.380,0.390,5.00,0.07,5,5.00,790.00,5013.99,0.0000568,0.0001076,0.0001914
1790593590.4,1790593500,90.4,209.6,82986.38,chainlink,82963.45,twap60,,4.089,0.6666,0.690,0.700,65.34,0.300,0.310,1483.58,0.07,5,1471.58,3522.67,881.34,-0.0000277,0.0003635,-0.0000844
1790593605.4,1790593500,105.4,194.6,83003.13,chainlink,82963.45,twap60,,4.089,0.7825,0.770,0.780,167.22,0.220,0.230,1159.00,0.07,5,1239.00,2537.88,1540.92,0.0001925,0.0003480,0.0003964
1790593620.4,1790593500,120.4,179.6,82986.46,chainlink,82963.45,twap60,,4.089,0.6831,0.640,0.650,857.68,0.350,0.360,71.00,0.07,5,71.00,966.84,3969.44,-0.0002205,0.0000257,0.0003253
1790593635.5,1790593500,135.5,164.5,82997.45,chainlink,82963.45,twap60,,4.089,0.7719,0.770,0.780,123.64,0.220,0.230,315.29,0.07,5,355.29,1926.97,2505.06,0.0001339,0.0001057,0.0004521
1790593650.5,1790593500,150.5,149.5,82992.84,chainlink,82963.45,twap60,,4.089,0.7540,0.560,0.570,45.00,0.430,0.440,523.19,0.07,5,523.19,2264.21,987.00,-0.0000716,0.0000686,0.0005566
1790593665.5,1790593500,165.5,134.5,82964.64,chainlink,82963.45,twap60,,4.089,0.5120,0.520,0.530,339.39,0.470,0.480,256.34,0.07,5,196.48,1613.48,1448.39,-0.0002855,-0.0004835,0.0001981
1790593680.5,1790593500,180.5,119.5,82987.97,chainlink,82963.45,twap60,,4.089,0.7494,0.550,0.560,450.26,0.440,0.450,29.72,0.07,5,29.72,352.72,762.98,0.0001955,0.0000196,0.0000809
1790593695.5,1790593500,195.5,104.5,82986.93,chainlink,82963.45,twap60,,4.089,0.7628,0.730,0.740,678.66,0.260,0.270,5.00,0.07,5,70.00,666.25,2749.66,0.0000504,-0.0001429,-0.0001026
1790593710.6,1790593500,210.6,89.4,82991.17,chainlink,82963.45,twap60,,4.089,0.8326,0.840,0.850,36.00,0.150,0.160,724.10,0.07,5,724.10,2421.90,882.00,0.0000505,0.0000343,0.0000642
1790593725.6,1790593500,225.6,74.4,82976.16,chainlink,82963.45,twap60,,4.089,0.7019,0.710,0.720,20.00,0.280,0.290,445.00,0.07,5,435.00,1443.00,1284.01,-0.0001798,0.0000531,0.0002177
1790593740.6,1790593500,240.6,59.4,82976.82,chainlink,82963.45,twap60,82976.82,4.089,0.7711,0.850,0.860,356.44,0.140,0.150,115.00,0.07,5,115.00,619.00,2013.26,0.0000107,-0.0000713,-0.0000140
1790593755.6,1790593500,255.6,44.4,82980.21,chainlink,82963.45,twap60,82980.70,4.089,0.9268,0.950,0.960,491.03,0.040,0.050,130.93,0.07,5,130.93,1302.80,9958.33,0.0000278,-0.0000816,0.0002701
1790593770.7,1790593500,270.7,29.3,82978.09,chainlink,82963.45,twap60,82979.88,4.089,0.9937,0.980,0.990,2395.54,0.010,0.020,1212.19,0.07,5,1212.19,2963.86,2395.54,-0.0000287,-0.0001565,0.0003311
1790593785.7,1790593500,285.7,14.3,82989.90,chainlink,82963.45,twap60,82982.20,4.089,0.9990,0.990,,,,0.010,51963.09,0.07,5,51963.09,54085.55,,0.0001439,0.0001682,0.0001897
1790593815.8,1790593800,15.8,284.2,82975.42,chainlink,82983.05,twap60,,3.827,0.4492,0.380,0.390,115.20,0.610,0.620,739.92,0.07,5,739.92,2647.09,1233.20,-0.0001042,-0.0000608,-0.0000565
1790593830.8,1790593800,30.8,269.2,82970.34,chainlink,82983.05,twap60,,3.827,0.4132,0.460,0.470,986.20,0.530,0.540,140.00,0.07,5,140.00,536.12,3917.24,-0.0000591,-0.0000918,0.0001702
1790593845.8,1790593800,45.8,254.2,82959.35,chainlink,82983.05,twap60,,3.827,0.3361,0.270,0.280,501.00,0.720,0.730,372.00,0.07,5,372.00,2502.90,2695.20,-0.0001422,-0.0003705,-0.0001796
1790593860.9,1790593800,60.9,239.1,82966.66,chainlink,82983.05,twap60,,3.827,0.3807,0.320,0.330,119.92,0.670,0.680,1739.42,0.07,5,1734.42,3707.87,189.92,0.0000891,-0.0002099,-0.0002130
1790593875.9,1790593800,75.9,224.1,82964.21,chainlink,82983.05,twap60,,3.827,0.3583,0.350,0.360,628.46,0.640,0.650,50.00,0.07,5,50.00,931.42,3118.65,-0.0000277,-0.0001330,-0.0002949
1790593890.9,1790593800,90.9,209.1,82962.27,chainlink,82983.05,twap60,,3.827,0.3382,0.310,0.320,1506.13,0.680,0.690,174.65,0.07,5,174.65,1572.01,2878.13,-0.0000254,-0.0001069,-0.0002998
1790593905.9,1790593800,105.9,194.1,82960.94,chainlink,82983.05,twap60,,3.827,0.3208,0.290,0.300,175.00,0.700,0.710,1164.10,0.07,5,1164.10,2948.73,1196.00,-0.0000161,0.0000202,-0.0005281
1790593920.9,1790593800,120.9,179.1,82950.67,chainlink,82983.05,twap60,,3.827,0.2365,0.150,0.160,651.37,0.840,0.850,464.27,0.07,5,429.27,1977.44,1812.59,-0.0001219,-0.0001909,-0.0004299
1790593936.0,1790593800,136.0,164.0,82947.37,chainlink,82983.05,twap60,,3.827,0.2012,0.140,0.150,944.93,0.850,0.860,15.88,0.07,5,15.88,1775.45,2871.17,-0.0000173,-0.0002051,-0.0006198
1790593951.0,1790593800,151.0,149.0,82945.38,chainlink,82983.05,twap60,,3.827,0.1729,0.110,0.120,282.89,0.880,0.890,154.02,0.07,5,154.02,3020.48,1226.62,-0.0000268,-0.0002036,-0.0005177
1790593965.0,1790593800,165.0,135.0,82945.13,chainlink,82983.05,twap60,,3.827,0.1547,0.080,0.090,220.52,0.910,0.920,220.69,0.07,5,220.69,3104.78,1267.11,-0.0000075,-0.0001887,-0.0003209
1790593980.0,1790593800,180.0,120.0,82944.47,chainlink,82983.05,twap60,,3.827,0.1298,0.060,0.070,1004.80,0.930,0.940,55.97,0.07,5,55.00,2985.93,2343.64,-0.0000045,-0.0000522,-0.0004613
1790593995.0,1790593800,195.0,105.0,82933.88,chainlink,82983.05,twap60,,3.827,0.0555,0.230,0.240,377.68,0.760,0.770,178.52,0.07,5,136.80,931.62,1230.75,-0.0001229,-0.0001655,-0.0006401
1790594010.1,1790593800,210.1,89.9,82952.65,chainlink,82983.05,twap60,,3.827,0.1305,0.070,0.080,355.13,0.920,0.930,385.81,0.07,5,340.81,1990.31,1727.32,0.0000040,0.0000831,-0.0004631
1790594025.1,1790593800,225.1,74.9,82949.83,chainlink,82983.05,twap60,,3.827,0.0709,0.040,0.050,589.49,0.950,0.960,155.91,0.07,5,155.91,9961.24,2106.49,-0.0000379,0.0000601,-0.0003147
1790594040.1,1790593800,240.1,59.9,82949.51,chainlink,82983.05,twap60,82949.35,3.827,0.0247,0.020,0.030,106.90,0.970,0.980,3734.15,0.07,5,3734.15,6647.31,3043.48,-0.0000002,0.0000655,-0.0003423
1790594055.1,1790593800,255.1,44.9,82944.51,chainlink,82983.05,twap60,82944.36,3.827,0.0010,,0.010,15129.89,0.990,,,0.07,5,,,18390.78,-0.0000630,-0.0000941,-0.0004334
1790594070.1,1790593800,270.1,29.9,82953.53,chainlink,82983.05,twap60,82948.89,3.827,0.0010,,0.010,34935.04,0.990,,,0.07,5,,,37599.61,0.0000891,0.0000067,-0.0002944
1790594085.2,1790593800,285.2,14.8,82955.18,chainlink,82983.05,twap60,82951.02,3.827,0.0010,,0.010,62975.58,0.990,,,0.07,5,,,65187.69,0.0000195,0.0000681,-0.0004208
1790594115.2,1790594100,15.2,284.8,82977.40,chainlink,82951.30,twap60,,3.556,0.6805,0.580,0.590,20.00,0.410,0.420,1675.66,0.07,5,1675.66,4044.66,385.40,0.0003027,0.0003768,0.0000260
1790594130.2,1790594100,30.2,269.8,82959.85,chainlink,82951.30,twap60,,3.556,0.5630,0.510,0.520,80.00,0.480,0.490,365.28,0.07,5,365.28,2335.31,975.06,-0.0002007,0.0000758,-0.0001362
1790594145.3,1790594100,45.3,254.7,82970.99,chainlink,82951.30,twap60,,3.556,0.6472,0.640,0.650,711.17,0.350,0.360,200.00,0.07,5,200.00,1361.00,1881.16,0.0001487,0.0001907,0.0001413
1790594160.3,1790594100,60.3,239.7,82974.35,chainlink,82951.30,twap60,,3.556,0.6768,0.650,0.660,133.00,0.340,0.350,1673.89,0.07,5,1673.89,3018.64,1062.72,0.0000222,0.0002659,0.0000945
1790594175.3,1790594100,75.3,224.7,82974.42,chainlink,82951.30,twap60,,3.556,0.6838,0.720,0.730,111.00,0.270,0.280,483.68,0.07,5,543.68,2379.30,1256.75,-0.0000003,-0.0000251,0.0001210
1790594190.3,1790594100,90.3,209.7,82938.74,chainlink,82951.30,twap60,,3.556,0.3931,0.410,0.420,1539.66,0.580,0.590,77.45,0.07,5,77.45,982.00,2715.40,-0.0005045,-0.0002401,-0.0002837
1790594205.4,1790594100,105.4,194.6,83019.01,chainlink,82951.30,twap60,,3.556,0.9372,0.830,0.840,309.09,0.160,0.170,59.82,0.07,5,59.82,640.82,1700.24,0.0009668,0.0005603,0.0007016
1790594220.4,1790594100,120.4,179.6,82994.93,chainlink,82951.30,twap60,,3.556,0.8505,0.750,0.760,10.18,0.240,0.250,1433.82,0.07,5,1433.82,2730.82,226.18,-0.0003007,0.0002469,0.0005559
1790594235.4,1790594100,135.4,164.6,83033.79,chainlink,82951.30,twap60,,3.556,0.9812,0.860,0.870,936.66,0.130,0.140,58.85,0.07,5,58.85,712.85,2215.55,0.0004563,0.0006410,0.0010385
1790594250.4,1790594100,150.4,149.6,83015.62,chainlink,82951.30,twap60,,3.556,0.9580,0.820,0.830,55.20,0.170,0.180,617.80,0.07,5,617.80,2061.80,1232.19,-0.0001609,0.0009261,0.0008420
1790594265.4,1790594100,165.4,134.6,83002.32,chainlink,82951.30,twap60,,3.556,0.9300,0.890,0.900,125.00,0.100,0.110,285.72,0.07,5,234.72,1060.05,1536.89,-0.0000104,-0.0002116,0.0006928
1790594280.5,1790594100,180.5,119.5,83031.07,chainlink,82951.30,twap60,,3.556,0.9941,0.970,0.980,5546.00,0.020,0.030,2990.74,0.07,5,2990.74,4637.72,10379.25,0.0003341,0.0004235,0.0010483
1790594295.5,1790594100,195.5,104.5,83036.02,chainlink,82951.30,twap60,,3.556,0.9985,0.970,0.980,2544.04,0.020,0.030,223.71,0.07,5,223.71,2409.11,7076.97,0.0000314,0.0000848,0.0010086
1790594310.5,1790594100,210.5,89.5,83031.91,chainlink,82951.30,twap60,,3.556,0.9990,0.930,0.960,236.80,0.060,0.070,670.86,0.07,5,670.86,2509.86,7433.81,-0.0000501,0.0003460,0.0009512
1790594325.5,1790594100,225.5,74.5,82990.85,chainlink,82951.30,twap60,,3.556,0.9709,0.950,0.960,94.86,0.040,0.050,487.84,0.07,5,487.84,1205.15,7810.51,-0.0003553,-0.0001504,0.0004980
1790594340.5,1790594100,240.5,59.5,82976.62,chainlink,82951.30,twap60,82976.62,3.556,0.9468,0.900,0.930,55.00,0.070,0.100,5.00,0.07,5,5.00,455.75,535.00,-0.0001763,-0.0006842,0.0003241
1790594355.6,1790594100,255.6,44.4,82947.71,chainlink,82951.30,twap60,82956.42,3.556,0.4479,0.490,0.520,21.88,0.480,0.510,44.00,0.07,5,44.00,98.50,91.91,-0.0003485,-0.0010647,0.0000189
1790594370.6,1790594100,270.6,29.4,82944.34,chainlink,82951.30,twap60,82950.96,3.556,0.2556,0.070,0.080,10.00,0.920,0.930,74.74,0.07,5,49.74,243.74,260.00,-0.0000221,-0.0009159,-0.0001111
1790594385.6,1790594100,285.6,14.4,82953.32,chainlink,82951.30,twap60,82950.05,3.556,0.4010,0.880,0.890,102.37,0.110,0.120,14.32,0.07,5,14.32,35.52,204.26,0.0001035,-0.0004572,-0.0000222
1790594415.7,1790594400,15.7,284.3,82934.94,chainlink,82954.13,twap60,,3.725,0.3708,0.400,0.410,232.00,0.590,0.600,290.31,0.07,5,290.31,1281.51,2447.00,-0.0004455,-0.0001355,-0.0005010
1790594430.7,1790594400,30.7,269.3,82948.72,chainlink,82954.13,twap60,,3.725,0.4618,0.420,0.430,423.00,0.570,0.580,70.00,0.07,5,70.00,601.81,3830.00,0.0001755,0.0000481,-0.0001198
1790594445.7,1790594400,45.7,254.3,82944.21,chainlink,82954.13,twap60,,3.725,0.4278,0.420,0.430,40.00,0.570,0.580,1513.55,0.07,5,1513.55,3346.35,1004.00,-0.0000521,-0.0001201,-0.0003411
1790594460.7,1790594400,60.7,239.3,82950.05,chainlink,82954.13,twap60,,3.725,0.4691,0.470,0.480,457.47,0.520,0.530,180.00,0.07,5,145.00,1879.43,1402.94,0.0000705,-0.0002632,-0.0002939
1790594475.8,1790594400,75.8,224.2,82950.22,chainlink,82954.13,twap60,,3.725,0.4692,0.470,0.480,29.47,0.520,0.530,260.89,0.07,5,317.79,2136.93,680.66,0.0000020,0.0001937,-0.0003660
1790594490.8,1790594400,90.8,209.2,82944.01,chainlink,82954.13,twap60,,3.725,0.4173,0.400,0.410,493.55,0.590,0.600,105.00,0.07,5,105.00,1670.46,2047.55,-0.0000754,-0.0000544,0.0000631
1790594505.8,1790594400,105.8,194.2,82937.74,chainlink,82954.13,twap60,,3.725,0.3615,0.370,0.380,75.00,0.620,0.630,954.06,0.07,5,954.06,3090.35,1017.50,-0.0000752,-0.0000780,-0.0009900
1790594520.8,1790594400,120.8,179.2,82938.63,chainlink,82954.13,twap60,,3.725,0.3621,0.360,0.370,239.00,0.630,0.640,375.00,0.07,5,375.00,1724.64,1256.82,0.0000087,-0.0001379,-0.0006905
1790594535.9,1790594400,135.9,164.1,82973.51,chainlink,82954.13,twap60,,3.725,0.6797,0.660,0.670,90.00,0.330,0.340,798.00,0.07,5,798.00,2435.56,1012.99,0.0004266,0.0002801,-0.0006684
1790594550.9,1790594400,150.9,149.1,82973.63,chainlink,82954.13,twap60,,3.725,0.6918,0.740,0.750,107.58,0.250,0.260,531.60,0.07,5,565.30,2769.10,909.59,-0.0000121,0.0003574,-0.0003562
1790594565.9,1790594400,165.9,134.1,82966.47,chainlink,82954.13,twap60,,3.725,0.6337,0.630,0.660,629.65,0.340,0.370,97.29,0.07,5,97.29,799.29,1728.12,-0.0001371,0.0003444,-0.0004441
1790594580.9,1790594400,180.9,119.1,82968.67,chainlink,82954.13,twap60,,3.725,0.6696,0.650,0.660,179.39,0.340,0.350,492.81,0.07,5,492.81,2169.25,1188.98,0.0000186,0.0003682,-0.0007801
1790594595.9,1790594400,195.9,104.1,82976.21,chainlink,82954.13,twap60,,3.725,0.7706,0.710,0.720,19.01,0.280,0.290,1337.80,0.07,5,1337.80,2086.19,374.01,0.0001044,0.0000191,-0.0007211
1790594611.0,1790594400,211.0,89.0,82985.17,chainlink,82954.13,twap60,,3.725,0.8830,0.900,0.910,293.99,0.090,0.100,39.74,0.07,5,39.74,209.74,2111.06,0.0001067,0.0000881,-0.0004238
1790594626.0,1790594400,226.0,74.0,83024.22,chainlink,82954.13,twap60,,3.725,0.9990,0.970,0.980,2286.40,0.020,0.030,3731.13,0.07,5,3731.13,6517.12,4960.05,0.0004757,0.0006880,0.0003971
1790594640.0,1790594400,240.0,60.0,83023.45,chainlink,82954.13,twap60,83023.45,3.725,0.9990,0.990,,,,0.010,6643.02,0.07,5,6643.02,10203.24,,-0.0000147,0.0006735,0.0005642
1790594655.0,1790594400,255.0,45.0,83012.79,chainlink,82954.13,twap60,83018.86,3.725,0.9990,0.990,,,,0.010,20695.85,0.07,5,20695.85,24524.52,,-0.0001153,0.0004396,0.0008028
1790594670.1,1790594400,270.1,29.9,82985.93,chainlink,82954.13,twap60,83006.70,3.725,0.9990,0.990,,,,0.010,30599.42,0.07,5,30599.42,33461.77,,-0.0002926,0.0000144,0.0004966
1790594685.1,1790594400,285.1,14.9,82984.22,chainlink,82954.13,twap60,82999.74,3.725,0.9990,0.990,,,,0.010,63147.06,0.07,5,63147.06,66155.28,,-0.0000326,-0.0004873,0.0003622
1790594715.1,1790594700,15.1,284.9,82988.14,chainlink,82998.70,twap60,,3.860,0.4306,0.400,0.410,314.77,0.590,0.600,105.00,0.07,5,105.00,1157.33,3132.89,-0.0001664,-0.0002660,0.0006506
1790594730.1,1790594700,30.1,269.9,82977.50,chainlink,82998.70,twap60,,3.860,0.3586,0.300,0.310,705.00,0.690,0.700,167.67,0.07,5,187.67,2124.26,3309.80,-0.0001290,-0.0001137,0.0003492
1790594745.2,1790594700,45.2,254.8,82954.76,chainlink,82998.70,twap60,,3.860,0.2187,0.230,0.240,505.91,0.760,0.770,83.74,0.07,5,83.74,2867.14,2481.91,-0.0002253,-0.0004403,0.0001272
1790594760.2,1790594700,60.2,239.8,82954.01,chainlink,82998.70,twap60,,3.860,0.2064,0.190,0.200,328.75,0.800,0.810,157.76,0.07,5,157.76,2722.76,2960.75,-0.0000102,-0.0005777,0.0000477
1790594775.2,1790594700,75.2,224.8,82959.39,chainlink,82998.70,twap60,,3.860,0.2269,0.290,0.300,276.33,0.700,0.710,266.00,0.07,5,266.00,1624.63,1070.61,0.0000620,-0.0003472,0.0001100
1790594790.2,1790594700,90.2,209.8,82971.56,chainlink,82998.70,twap60,,3.860,0.2948,0.220,0.230,726.21,0.770,0.780,152.88,0.07,5,152.88,2452.88,1869.21,0.0000360,-0.0000228,0.0003325
1790594805.3,1790594700,105.3,194.7,82970.84,chainlink,82998.70,twap60,,3.860,0.2809,0.240,0.250,480.00,0.750,0.760,219.00,0.07,5,219.00,2578.70,2092.96,-0.0000018,0.0001926,0.0003970
1790594820.3,1790594700,120.3,179.7,82970.59,chainlink,82998.70,twap60,,3.860,0.2689,0.330,0.340,108.00,0.660,0.670,190.00,0.07,5,190.00,1868.71,1192.00,0.0000004,0.0001970,0.0003914
1790594835.3,1790594700,135.3,164.7,82965.51,chainlink,82998.70,twap60,,3.860,0.2207,0.220,0.230,707.72,0.770,0.780,310.04,0.07,5,310.04,1648.04,3733.72,-0.0001137,-0.0000370,-0.0001099
1790594850.3,1790594700,150.3,149.7,82967.74,chainlink,82998.70,twap60,,3.860,0.2219,0.320,0.330,10.00,0.670,0.680,541.07,0.07,5,331.07,882.00,223.00,-0.0000020,-0.0000391,-0.0001218
1790594865.3,1790594700,165.3,134.7,82977.71,chainlink,82998.70,twap60,,3.860,0.2881,0.240,0.250,710.32,0.750,0.760,197.36,0.07,5,197.36,1766.36,2498.83,0.0001075,0.0000861,0.0001276
1790594880.4,1790594700,180.4,119.6,82973.50,chainlink,82998.70,twap60,,3.860,0.2322,0.150,0.160,576.60,0.840,0.850,138.95,0.07,5,138.95,2286.55,1081.26,-0.0000566,-0.0000174,0.0000717
1790594895.4,1790594700,195.4,104.6,82975.52,chainlink,82998.70,twap60,,3.860,0.2276,0.140,0.150,143.75,0.850,0.860,390.07,0.07,5,390.07,1904.92,1390.75,0.0000199,0.0000918,-0.0000094
1790594910.4,1790594700,210.4,89.6,82982.87,chainlink,82998.70,twap60,,3.860,0.2802,0.210,0.220,37.00,0.780,0.790,367.28,0.07,5,367.28,1595.28,464.00,0.0001040,0.0001697,-0.0000225
1790594925.4,1790594700,225.4,74.6,82976.99,chainlink,82998.70,twap60,,3.860,0.1694,0.110,0.120,611.37,0.880,0.890,15.00,0.07,5,15.00,1142.73,1692.37,-0.0000716,-0.0000145,-0.0005745
1790594940.4,1790594700,240.4,59.6,82980.59,chainlink,82998.70,twap60,82980.59,3.860,0.1443,0.030,0.040,601.72,0.960,0.970,452.94,0.07,5,452.94,9587.57,1284.03,0.0000332,0.0000808,-0.0005033
1790594955.5,1790594700,255.5,44.5,82979.96,chainlink,82998.70,twap60,82980.36,3.860,0.0457,0.040,0.050,172.53,0.950,0.960,147.97,0.07,5,147.97,7953.90,616.75,-0.0000067,0.0000691,-0.0003646
1790594970.5,1790594700,270.5,29.5,82985.29,chainlink,82998.70,twap60,82983.30,3.860,0.0077,,0.010,8345.36,0.990,,,0.07,5,,,10535.55,0.0000166,0.0000285,-0.0000198
1790594985.5,1790594700,285.5,14.5,82987.35,chainlink,82998.70,twap60,82984.51,3.860,0.0010,,0.010,47427.49,0.990,,,0.07,5,,,49442.25,0.0000082,0.0001147,-0.0000475
1790595015.5,1790595000,15.5,284.5,82992.38,coinbase,82983.93,twap60,,3.866,0.5556,0.520,0.530,207.00,0.470,0.480,1095.82,0.07,5,1095.82,3269.00,1587.00,0.0000434,0.0000175,0.0000782
1790595030.6,1790595000,30.6,269.4,82962.01,coinbase,82983.93,twap60,,3.866,0.3541,0.320,0.330,736.98,0.670,0.680,28.00,0.07,5,28.00,1539.32,2939.40,-0.0003660,-0.0003227,-0.0001421
1790595045.6,1790595000,45.6,254.4,82962.73,chainlink,82983.93,twap60,,3.866,0.3540,0.340,0.350,1953.98,0.650,0.660,37.43,0.07,5,37.43,1063.43,3798.98,,-0.0002870,0.0000949
1790595060.6,1790595000,60.6,239.4,82959.40,chainlink,82983.93,twap60,,3.866,0.3266,0.330,0.340,71.00,0.660,0.670,531.47,0.07,5,531.47,1763.66,1771.00,-0.0000030,-0.0003200,0.0000621
1790595075.6,1790595000,75.6,224.4,82982.01,chainlink,82983.93,twap60,,3.866,0.4854,0.520,0.530,354.35,0.470,0.480,312.16,0.07,5,312.16,1730.16,1714.35,0.0002725,,0.0001619
1790595090.6,1790595000,90.6,209.4,82985.65,chainlink,82983.93,twap60,,3.866,0.5136,0.430,0.440,74.00,0.560,0.570,1466.46,0.07,5,1466.46,3245.46,1344.96,-0.0000201,,0.0001767
1790595105.7,1790595000,105.7,194.3,82987.85,chainlink,82983.93,twap60,,3.866,0.5325,0.550,0.560,547.18,0.440,0.450,144.75,0.07,5,144.75,759.75,2982.16,0.0000405,0.0003399,0.0002084
1790595120.7,1790595000,120.7,179.3,82979.36,chainlink,82983.93,twap60,,3.866,0.4601,0.340,0.350,298.00,0.650,0.660,303.98,0.07,5,303.98,3029.98,1254.86,-0.0001463,0.0002405,0.0000532
1790595135.7,1790595000,135.7,164.3,82973.28,chainlink,82983.93,twap60,,3.866,0.4024,0.370,0.380,61.00,0.620,0.630,571.77,0.07,5,571.77,1889.77,654.00,-0.0000604,-0.0001693,0.0000647
1790595150.7,1790595000,150.7,149.3,82976.14,chainlink,82983.93,twap60,,3.866,0.4235,0.330,0.340,370.60,0.660,0.670,171.15,0.07,5,171.15,831.15,2373.72,0.0000366,-0.0001007,0.0000886
1790595165.8,1790595000,165.8,134.2,82960.77,chainlink,82983.93,twap60,,3.866,0.2686,0.180,0.190,420.68,0.810,0.820,263.00,0.07,5,251.90,1846.25,1549.34,-0.0001876,-0.0003703,-0.0002100
1790595180.8,1790595000,180.8,119.2,82950.43,chainlink,82983.93,twap60,,3.866,0.1651,0.090,0.100,822.64,0.900,0.910,16.20,0.07,5,16.20,1342.17,3322.78,-0.0001230,-0.0003359,-0.0002827
1790595195.8,1790595000,195.8,104.2,82946.19,chainlink,82983.93,twap60,,3.866,0.1115,0.100,0.110,202.00,0.890,0.900,473.60,0.07,5,473.60,1928.49,1849.47,-0.0000508,-0.0003244,-0.0003380
1790595210.8,1790595000,210.8,89.2,82953.23,chainlink,82983.93,twap60,,3.866,0.1287,0.070,0.080,214.12,0.920,0.930,74.57,0.07,5,74.57,1712.11,1634.12,0.0000674,-0.0002785,-0.0003580
1790595225.8,1790595000,225.8,74.2,82951.83,chainlink,82983.93,twap60,,3.866,0.0777,0.030,0.040,219.91,0.960,0.970,464.05,0.07,5,454.05,14884.78,2960.27,-0.0000160,-0.0001061,-0.0003134
1790595240.8,1790595000,240.8,59.2,82959.79,chainlink,82983.93,twap60,82959.79,3.866,0.0769,0.020,0.030,292.29,0.970,0.980,5702.83,0.07,5,5702.83,8685.54,1674.29,0.0000908,0.0001131,-0.0002498
1790595255.9,1790595000,255.9,44.1,82960.60,chainlink,82983.93,twap60,82960.93,3.866,0.0165,,0.010,8023.58,0.990,,,0.07,5,,,10399.87,0.0000085,0.0001563,-0.0002810
1790595270.9,1790595000,270.9,29.1,82970.53,chainlink,82983.93,twap60,82962.73,3.866,0.0014,,0.010,17335.04,0.990,,,0.07,5,,,19737.14,0.0001199,0.0002095,-0.0001945
1790595285.9,1790595000,285.9,14.1,82965.33,chainlink,82983.93,twap60,82963.95,3.866,0.0010,,0.010,49305.86,0.990,,,0.07,5,,,51275.76,-0.0000632,0.0001575,-0.0002557
1790595316.0,1790595300,16.0,284.0,83010.94,chainlink,82967.79,twap60,,3.805,0.7660,0.770,0.780,524.39,0.220,0.230,122.00,0.07,5,159.00,1414.49,3357.80,0.0000221,0.0006068,
1790595331.0,1790595300,31.0,269.0,83013.63,chainlink,82967.79,twap60,,3.805,0.7870,0.780,0.790,569.00,0.210,0.220,203.00,0.07,5,203.00,1666.38,2405.32,0.0000119,0.0005188,
1790595346.0,1790595300,46.0,254.0,83000.58,chainlink,82967.79,twap60,,3.805,0.7221,0.660,0.670,1193.72,0.330,0.340,189.70,0.07,5,189.70,2688.12,2397.36,-0.0001539,0.0004182,0.0004933
1790595360.0,1790595300,60.0,240.0,82993.51,chainlink,82967.79,twap60,,3.805,0.6836,0.690,0.700,95.27,0.300,0.310,352.00,0.07,5,352.00,2375.54,2184.32,-0.0000267,-0.0001879,0.0004111
1790595375.0,1790595300,75.0,225.0,82992.78,chainlink,82967.79,twap60,,3.805,0.6854,0.700,0.710,120.00,0.290,0.300,1670.17,0.07,5,1670.17,3054.15,1539.00,-0.0000117,-0.0002392,0.0000658
1790595390.1,1790595300,90.1,209.9,82992.60,chainlink,82967.79,twap60,,3.805,0.6915,0.700,0.710,160.00,0.290,0.300,371.04,0.07,5,371.04,1603.77,1422.00,-0.0000025,-0.0002502,0.0000977
1790595405.1,1790595300,105.1,194.9,82981.47,chainlink,82967.79,twap60,,3.805,0.6136,0.620,0.630,15.00,0.370,0.380,728.40,0.07,5,758.40,3253.37,2204.00,-0.0001307,-0.0001718,-0.0001209
1790595420.1,1790595300,120.1,179.9,82989.09,chainlink,82967.79,twap60,,3.805,0.6820,0.740,0.750,51.00,0.250,0.260,730.29,0.07,5,730.29,2912.85,2254.99,0.0000857,-0.0000561,0.0001301
1790595435.1,1790595300,135.1,164.9,82996.68,chainlink,82967.79,twap60,,3.805,0.7516,0.820,0.830,255.00,0.170,0.180,524.81,0.07,5,249.00,2449.00,1612.95,0.0000887,0.0000468,0.0002841
1790595450.1,1790595300,150.1,149.9,83005.53,chainlink,82967.79,twap60,,3.805,0.8280,0.860,0.870,660.94,0.130,0.140,274.59,0.07,5,274.59,1552.75,2756.83,-0.0000024,0.0001593,0.0003518
1790595465.2,1790595300,165.2,134.8,83031.66,chainlink,82967.79,twap60,,3.805,0.9576,0.940,0.950,577.77,0.050,0.060,235.52,0.07,5,172.67,2633.67,8118.51,0.0003149,0.0005985,0.0008559
1790595480.2,1790595300,180.2,119.8,83013.62,chainlink,82967.79,twap60,,3.805,0.9112,0.930,0.940,527.10,0.060,0.070,1473.88,0.07,5,1473.88,3011.03,3439.90,-0.0001672,0.0002928,0.0007618
1790595495.2,1790595300,195.2,104.8,83016.44,chainlink,82967.79,twap60,,3.805,0.9439,0.960,0.970,1192.10,0.030,0.040,100.99,0.07,5,100.99,2880.61,16234.57,0.0000377,0.0001290,0.0008291
1790595510.2,1790595300,210.2,89.8,83021.40,chainlink,82967.79,twap60,,3.805,0.9771,0.960,0.970,75.00,0.030,0.040,936.34,0.07,5,936.34,3757.51,9022.94,0.0000594,0.0001913,0.0008224
1790595525.3,1790595300,225.3,74.7,83018.70,chainlink,82967.79,twap60,,3.805,0.9884,0.970,0.980,1644.40,0.020,0.030,3006.45,0.07,5,3006.45,6155.94,4042.82,-0.0000269,-0.0001060,0.0008007
1790595540.3,1790595300,240.3,59.7,83022.61,chainlink,82967.79,twap60,83022.61,3.805,0.9990,0.990,,,,0.010,17617.74,0.07,5,17617.74,22235.61,,0.0000293,0.0001120,0.0007556
1790595555.3,1790595300,255.3,44.7,83024.04,chainlink,82967.79,twap60,83019.88,3.805,0.9990,0.990,,,,0.010,32325.93,0.07,5,32325.93,36999.46,,0.0000151,0.0000912,0.0007647
1790595570.3,1790595300,270.3,29.7,83033.90,chainlink,82967.79,twap60,83025.84,3.805,0.9990,0.990,,,,0.010,69182.55,0.07,5,69182.55,72776.85,,0.0001110,0.0001562,0.0007630
1790595585.4,1790595300,285.4,14.6,83034.21,chainlink,82967.79,twap60,83028.82,3.805,0.9990,0.990,,,,0.010,69717.70,0.07,5,69717.70,72116.00,,-0.0000155,0.0001690,0.0008233
1790595615.4,1790595600,15.4,284.6,83050.40,chainlink,83029.35,twap60,,3.817,0.6378,0.570,0.580,822.00,0.420,0.430,4.99,0.07,5,5.00,233.00,3426.29,0.0002193,0.0003096,0.0004548
1790595630.4,1790595600,30.4,269.6,83019.91,chainlink,83029.35,twap60,,3.817,0.4352,0.450,0.460,489.52,0.540,0.550,162.20,0.07,5,162.20,1008.20,2451.81,-0.0003219,-0.0001878,0.0000789
1790595645.4,1790595600,45.4,254.6,83033.37,chainlink,83029.35,twap60,,3.817,0.5287,0.520,0.530,136.11,0.470,0.480,549.75,0.07,5,554.75,2258.29,1401.11,0.0001638,0.0000116,0.0004534
1790595660.5,1790595600,60.5,239.5,83032.99,chainlink,83029.35,twap60,,3.817,0.5270,0.650,0.660,27.13,0.340,0.350,15.00,0.07,5,25.00,489.00,218.80,0.0000058,0.0000097,0.0004727
1790595675.5,1790595600,75.5,224.5,83041.83,chainlink,83029.35,twap60,,3.817,0.5951,0.630,0.640,188.00,0.360,0.370,149.43,0.07,5,141.87,1006.87,1648.48,0.0001051,-0.0000579,0.0005905
1790595690.5,1790595600,90.5,209.5,83041.57,chainlink,83029.35,twap60,,3.817,0.5972,0.530,0.540,505.00,0.460,0.470,76.94,0.07,5,76.94,670.44,1170.21,0.0000034,0.0002625,0.0005933
1790595705.5,1790595600,105.5,194.5,83042.98,chainlink,83029.35,twap60,,3.817,0.6131,0.700,0.710,1798.24,0.290,0.300,38.66,0.07,5,38.66,615.66,3202.62,0.0000247,0.0001261,0.0007349
1790595720.5,1790595600,120.5,179.5,83043.87,chainlink,83029.35,twap60,,3.817,0.6263,0.710,0.720,7.03,0.280,0.290,256.16,0.07,5,301.16,1392.16,602.03,0.0000033,0.0001297,0.0006571
1790595735.6,1790595600,135.6,164.4,83057.25,chainlink,83029.35,twap60,,3.817,0.7439,0.780,0.790,5.00,0.210,0.220,1258.99,0.07,5,1258.99,3408.86,533.00,0.0001691,0.0001922,0.0006205
1790595750.6,1790595600,150.6,149.4,83056.60,chainlink,83029.35,twap60,,3.817,0.7526,0.640,0.650,40.00,0.350,0.360,278.75,0.07,5,135.75,271.75,395.86,-0.0000166,0.0001887,0.0006152
1790595765.6,1790595600,165.6,134.4,83038.91,chainlink,83029.35,twap60,,3.817,0.6018,0.700,0.710,323.51,0.290,0.300,187.36,0.07,5,187.36,800.40,1927.51,-0.0002072,-0.0000564,0.0001374
1790595780.6,1790595600,180.6,119.4,83038.51,chainlink,83029.35,twap60,,3.817,0.6062,0.570,0.610,539.95,0.400,0.450,5.00,0.07,5,5.00,15.00,2553.36,-0.0000101,-0.0000566,0.0003035
1790595795.6,1790595600,195.6,104.4,83058.02,chainlink,83029.35,twap60,,3.817,0.8254,0.870,0.880,305.53,0.120,0.130,21.49,0.07,5,21.49,101.49,1524.58,0.0002412,0.0000004,0.0005003
1790595810.7,1790595600,210.7,89.3,83072.53,chainlink,83029.35,twap60,,3.817,0.9463,0.950,0.960,357.03,0.040,0.050,50.00,0.07,5,50.00,421.00,11064.74,0.0001765,0.0001975,0.0006213
1790595825.7,1790595600,225.7,74.3,83065.45,chainlink,83029.35,twap60,,3.817,0.9468,0.910,0.920,377.59,0.080,0.090,107.00,0.07,5,107.00,682.35,1640.61,-0.0000866,0.0003143,0.0005451
1790595840.7,1790595600,240.7,59.3,83055.56,chainlink,83029.35,twap60,83055.56,3.817,0.9410,0.890,0.900,14.31,0.100,0.110,95.00,0.07,5,95.00,591.97,14.31,-0.0000902,0.0002117,0.0003947
1790595855.7,1790595600,255.7,44.3,83051.13,chainlink,83029.35,twap60,83049.18,3.817,0.9754,0.970,0.980,4713.70,0.020,0.030,168.55,0.07,5,168.55,2221.66,7141.70,-0.0000464,-0.0000810,0.0003185
1790595870.8,1790595600,270.8,29.2,83039.83,chainlink,83029.35,twap60,83047.64,3.817,0.9937,0.980,0.990,122.85,0.010,0.020,620.83,0.07,5,620.83,2335.80,122.85,-0.0001338,-0.0003951,0.0000521
1790595885.8,1790595600,285.8,14.2,83040.91,chainlink,83029.35,twap60,83045.25,3.817,0.9990,0.990,,,,0.010,41630.98,0.07,5,41630.98,42899.27,,0.0000161,-0.0002665,0.0001024
1790595915.8,1790595900,15.8,284.2,83033.66,chainlink,83044.85,twap60,,3.776,0.4248,0.330,0.340,82.05,0.660,0.670,792.84,0.07,5,792.84,2900.08,1135.05,-0.0000904,-0.0002081,-0.0001563
1790595930.8,1790595900,30.8,269.2,83022.31,chainlink,83044.85,twap60,,3.776,0.3467,0.310,0.320,1836.93,0.680,0.690,91.72,0.07,5,91.72,2313.32,3220.93,-0.0001271,-0.0002079,0.0000306
1790595945.9,1790595900,45.9,254.1,83022.28,chainlink,83044.85,twap60,,3.776,0.3415,0.290,0.300,914.31,0.700,0.710,221.60,0.07,5,221.60,1875.34,3481.69,-0.0000007,-0.0002246,-0.0001232
1790595960.9,1790595900,60.9,239.1,83020.25,chainlink,83044.85,twap60,,3.776,0.3222,0.280,0.290,305.66,0.710,0.720,469.03,0.07,5,469.03,2627.32,1668.66,-0.0000242,-0.0002519,-0.0001547
1790595975.9,1790595900,75.9,224.1,83020.73,chainlink,83044.85,twap60,,3.776,0.3189,0.250,0.260,576.81,0.740,0.750,42.82,0.07,5,42.82,1975.02,2879.38,0.0000077,-0.0001462,-0.0002476
1790595990.9,1790595900,90.9,209.1,83010.60,chainlink,83044.85,twap60,,3.776,0.2428,0.150,0.160,1114.22,0.840,0.850,29.70,0.07,5,29.70,2461.90,2229.22,-0.0001220,-0.0001414,-0.0003653
1790596005.9,1790595900,105.9,194.1,83010.61,chainlink,83044.85,twap60,,3.776,0.2325,0.190,0.200,693.34,0.800,0.810,160.00,0.07,5,185.00,2597.29,2829.60,0.0000001,-0.0001404,-0.0003973
1790596021.0,1790595900,121.0,179.0,83011.82,chainlink,83044.85,twap60,,3.776,0.2291,0.120,0.130,305.76,0.870,0.880,522.50,0.07,5,522.50,3042.05,1463.76,0.0000102,-0.0000996,-0.0003780
1790596036.0,1790595900,136.0,164.0,83010.88,chainlink,83044.85,twap60,,3.776,0.2097,0.110,0.120,132.76,0.880,0.890,855.58,0.07,5,869.23,4182.67,1011.76,-0.0000082,-0.0001186,-0.0005672
1790596050.0,1790595900,150.0,150.0,83009.94,chainlink,83044.85,twap60,,3.776,0.1890,0.090,0.100,662.48,0.900,0.910,464.89,0.07,5,464.89,2936.17,1958.09,-0.0000001,-0.0000080,-0.0005562
1790596065.0,1790595900,165.0,135.0,83009.48,chainlink,83044.85,twap60,,3.776,0.1683,0.060,0.070,1084.19,0.930,0.940,354.01,0.07,5,354.01,3562.66,2186.13,-0.0000000,-0.0000180,-0.0003597
1790596080.1,1790595900,180.1,119.9,83005.16,chainlink,83044.85,twap60,,3.776,0.1199,0.020,0.030,1954.55,0.970,0.980,5681.60,0.07,5,5681.60,8098.77,6475.87,-0.0000521,-0.0000772,-0.0003954
1790596095.1,1790595900,195.1,104.9,82983.91,chainlink,83044.85,twap60,,3.776,0.0226,0.020,0.030,2641.03,0.970,0.980,3867.86,0.07,5,3867.86,6339.03,6844.02,-0.0000961,-0.0003137,-0.0008908
1790596110.1,1790595900,210.1,89.9,82981.01,chainlink,83044.85,twap60,,3.776,0.0084,,0.010,7681.71,0.990,,,0.07,5,,,12248.43,-0.0000325,-0.0003430,-0.0011036
1790596125.1,1790595900,225.1,74.9,82973.91,chainlink,83044.85,twap60,,3.776,0.0010,,0.010,17131.45,0.990,,,0.07,5,,,21549.19,-0.0000536,-0.0004286,-0.0010737
1790596140.1,1790595900,240.1,59.9,82971.79,chainlink,83044.85,twap60,82971.79,3.776,0.0010,,0.010,28955.61,0.990,,,0.07,5,,,32940.58,-0.0000214,-0.0002421,-0.0010023
1790596155.2,1790595900,255.2,44.8,82977.30,chainlink,83044.85,twap60,82975.35,3.776,0.0010,,0.001,15674.64,0.999,,,0.07,5,,,58862.20,0.0000874,-0.0000772,-0.0008870
1790596170.2,1790595900,270.2,29.8,82968.16,chainlink,83044.85,twap60,82972.56,3.776,0.0010,,0.001,15749.54,0.999,,,0.07,5,,,62936.90,-0.0000960,-0.0001229,-0.0008604
1790596185.2,1790595900,285.2,14.8,82967.18,chainlink,83044.85,twap60,82970.95,3.776,0.0010,,0.001,24685.67,0.999,,,0.07,5,,,91587.03,-0.0000063,-0.0000769,-0.0008885
1790596215.3,1790596200,15.3,284.7,82960.61,chainlink,82970.37,twap60,,3.738,0.4337,0.390,0.400,170.60,0.600,0.610,1057.07,0.07,5,1057.07,2331.70,954.91,-0.0000629,-0.0001870,-0.0008706
1790596230.3,1790596200,30.3,269.7,82955.71,chainlink,82970.37,twap60,,3.738,0.3979,0.300,0.310,1245.76,0.690,0.700,34.55,0.07,5,41.70,927.08,2159.76,-0.0000529,-0.0001446,-0.0008029
1790596245.3,1790596200,45.3,254.7,82952.84,chainlink,82970.37,twap60,,3.738,0.3745,0.260,0.270,554.00,0.730,0.740,40.64,0.07,5,40.64,1312.84,1155.00,-0.0000218,-0.0001641,-0.0008365
1790596260.3,1790596200,60.3,239.7,82951.45,chainlink,82970.37,twap60,,3.738,0.3601,0.260,0.270,74.00,0.730,0.740,1452.99,0.07,5,1452.99,2351.10,750.00,-0.0000242,-0.0001733,-0.0008272
1790596275.3,1790596200,75.3,224.7,82968.68,chainlink,82970.37,twap60,,3.738,0.4867,0.490,0.500,575.04,0.500,0.510,15.00,0.07,5,15.00,241.00,1347.14,0.0002070,0.0001034,-0.0006272
1790596290.4,1790596200,90.4,209.6,82968.52,chainlink,82970.37,twap60,,3.738,0.4848,0.460,0.470,100.00,0.530,0.540,361.10,0.07,5,361.10,1419.10,713.00,-0.0000096,0.0001672,-0.0005071
1790596305.4,1790596200,105.4,194.6,82980.36,chainlink,82970.37,twap60,,3.738,0.5850,0.610,0.620,589.96,0.380,0.390,49.00,0.07,5,49.00,339.00,3844.60,0.0001400,0.0003243,-0.0003689
1790596320.4,1790596200,120.4,179.6,82979.20,chainlink,82970.37,twap60,,3.738,0.5792,0.570,0.580,97.57,0.420,0.430,249.00,0.07,5,249.00,1858.60,1145.45,-0.0000056,0.0003339,-0.0003900
1790596335.4,1790596200,135.4,164.6,82968.46,chainlink,82970.37,twap60,,3.738,0.4817,0.600,0.610,195.64,0.390,0.400,179.74,0.07,5,379.74,932.74,563.01,-0.0001293,-0.0000103,-0.0004999
1790596350.4,1790596200,150.4,149.6,82983.17,chainlink,82970.37,twap60,,3.738,0.6282,0.610,0.620,455.38,0.380,0.390,10.94,0.07,5,10.94,245.94,927.61,0.0001566,0.0001740,-0.0003170
1790596365.5,1790596200,165.5,134.5,82959.41,chainlink,82970.37,twap60,,3.738,0.3814,0.350,0.360,85.58,0.640,0.650,427.53,0.07,5,427.53,1356.53,560.58,-0.0002714,-0.0002442,-0.0006034
1790596380.5,1790596200,180.5,119.5,82958.99,chainlink,82970.37,twap60,,3.738,0.3663,0.300,0.310,162.00,0.690,0.700,324.35,0.07,5,364.35,782.99,1488.00,-0.0000051,-0.0002434,-0.0003964
1790596395.5,1790596200,195.5,104.5,82965.75,chainlink,82970.37,twap60,,3.738,0.4388,0.460,0.470,10.00,0.530,0.540,438.00,0.07,5,438.00,1126.00,448.00,0.0000815,-0.0000534,-0.0002164
1790596410.5,1790596200,210.5,89.5,82965.96,chainlink,82970.37,twap60,,3.738,0.4334,0.420,0.430,780.36,0.570,0.580,10.00,0.07,5,10.00,25.00,1533.55,-0.0000141,-0.0001924,-0.0001494
1790596425.5,1790596200,225.5,74.5,82954.30,chainlink,82970.37,twap60,,3.738,0.2319,0.080,0.090,89.99,0.910,0.920,520.59,0.07,5,520.59,1036.59,268.99,-0.0001406,-0.0000616,-0.0002322
1790596440.6,1790596200,240.6,59.4,82946.45,chainlink,82970.37,twap60,82946.58,3.738,0.0733,0.020,0.030,153.93,0.970,0.980,5788.31,0.07,5,5788.31,8276.48,1190.76,-0.0000928,-0.0001511,-0.0002845
1790596455.6,1790596200,255.6,44.4,82946.17,chainlink,82970.37,twap60,82946.30,3.738,0.0116,0.020,0.030,1274.27,0.970,0.980,563.19,0.07,5,563.19,3014.36,3090.27,-0.0000037,-0.0002527,-0.0003611
1790596470.6,1790596200,270.6,29.4,82946.78,chainlink,82970.37,twap60,82946.46,3.738,0.0010,,0.010,26211.85,0.990,,,0.07,5,,,29416.68,0.0000032,-0.0002312,-0.0002522
1790596485.6,1790596200,285.6,14.4,82947.09,chainlink,82970.37,twap60,82946.52,3.738,0.0010,,0.010,52688.04,0.990,,,0.07,5,,,55703.63,0.0000021,-0.0000851,-0.0002335
1790596515.7,1790596500,15.7,284.3,82955.63,chainlink,82946.61,twap60,,3.067,0.5746,0.630,0.640,893.79,0.360,0.370,424.66,0.07,5,424.66,1581.66,2274.29,0.0001045,0.0001099,-0.0000538
1790596530.7,1790596500,30.7,269.3,82961.82,chainlink,82946.61,twap60,,3.067,0.6283,0.620,0.630,65.00,0.370,0.380,861.94,0.07,5,861.94,3160.95,419.15,0.0000739,0.0001797,0.0000864
1790596545.7,1790596500,45.7,254.3,82961.49,chainlink,82946.61,twap60,,3.067,0.6299,0.660,0.670,564.33,0.330,0.340,210.05,0.07,5,210.05,886.05,2104.47,-0.0000045,0.0001739,0.0000969
1790596560.7,1790596500,60.7,239.3,82965.71,chainlink,82946.61,twap60,,3.067,0.6705,0.760,0.770,191.77,0.230,0.240,867.45,0.07,5,867.45,3279.40,1315.88,0.0000495,0.0002259,0.0001713
1790596575.8,1790596500,75.8,224.2,82983.97,chainlink,82946.61,twap60,,3.067,0.8152,0.870,0.880,437.37,0.120,0.130,176.05,0.07,5,174.05,2070.16,3032.68,0.0002201,0.0003409,0.0001766
1790596590.8,1790596500,90.8,209.2,82990.71,chainlink,82946.61,twap60,,3.067,0.8655,0.910,0.920,154.30,0.080,0.090,336.41,0.07,5,336.41,1747.43,2128.71,0.0000344,0.0003477,0.0002648
1790596605.8,1790596500,105.8,194.2,83024.00,chainlink,82946.61,twap60,,3.067,0.9789,0.960,0.970,658.00,0.030,0.040,803.15,0.07,5,803.15,2721.25,11112.91,0.0004001,0.0007518,0.0005341
1790596620.8,1790596500,120.8,179.2,83016.51,chainlink,82946.61,twap60,,3.067,0.9733,0.960,0.970,308.62,0.030,0.040,648.70,0.07,5,643.70,3634.15,10289.25,-0.0000745,0.0006122,0.0004498
1790596635.8,1790596500,135.8,164.2,83024.40,chainlink,82946.61,twap60,,3.067,0.9886,0.970,0.980,5490.50,0.020,0.030,951.37,0.07,5,951.37,4429.79,9013.64,0.0001039,0.0004403,0.0006533
1790596650.9,1790596500,150.9,149.1,83023.85,chainlink,82946.61,twap60,,3.067,0.9920,0.970,0.980,2740.88,0.020,0.030,2940.83,0.07,5,2940.83,6558.25,5400.22,-0.0000069,0.0003983,0.0005050
1790596665.9,1790596500,165.9,134.1,83053.56,chainlink,82946.61,twap60,,3.067,0.9990,0.990,,,,0.010,8576.88,0.07,5,8576.88,13722.40,,0.0003551,0.0003716,0.0011343
1790596680.9,1790596500,180.9,119.1,83046.63,chainlink,82946.61,twap60,,3.067,0.9990,0.990,,,,0.010,12792.65,0.07,5,12792.65,17841.98,,-0.0001194,0.0003716,0.0010559
1790596695.9,1790596500,195.9,104.1,83050.34,chainlink,82946.61,twap60,,3.067,0.9990,0.990,,,,0.010,16113.28,0.07,5,16113.28,21118.61,,0.0000050,0.0003122,0.0010024
1790596711.0,1790596500,211.0,89.0,83051.08,chainlink,82946.61,twap60,,3.067,0.9990,0.990,,,,0.010,21064.93,0.07,5,21064.93,26416.26,,0.0000118,0.0003252,0.0010254
1790596726.0,1790596500,226.0,74.0,83049.02,chainlink,82946.61,twap60,,3.067,0.9990,0.990,,,,0.010,21218.85,0.07,5,21218.85,26706.18,,-0.0000252,-0.0000907,0.0011430
1790596740.0,1790596500,240.0,60.0,83049.26,chainlink,82946.61,twap60,83049.26,3.067,0.9990,0.990,,,,0.010,23463.10,0.07,5,23463.10,28578.93,,0.0000030,-0.0000080,0.0012384
1790596755.0,1790596500,255.0,45.0,83050.67,chainlink,82946.61,twap60,83047.95,3.067,0.9990,0.990,,,,0.010,40873.01,0.07,5,40873.01,46388.81,,0.0000171,0.0000069,0.0012549
1790596770.1,1790596500,270.1,29.9,83045.40,chainlink,82946.61,twap60,83048.82,3.067,0.9990,0.999,,,,0.001,22404.25,0.07,5,22404.25,91362.30,,-0.0000757,-0.0000687,0.0011867
1790596785.1,1790596500,285.1,14.9,83047.48,chainlink,82946.61,twap60,83048.00,3.067,0.9990,0.999,,,,0.001,31376.41,0.07,5,31376.41,101571.36,,0.0000339,-0.0000185,0.0012099
1790596815.1,1790596800,15.1,284.9,83041.16,chainlink,83048.27,twap60,,3.012,0.4401,0.400,0.410,2.31,0.590,0.600,2917.83,0.07,5,2926.17,4782.62,7.31,-0.0001308,-0.0001268,0.0010299
1790596830.1,1790596800,30.1,269.9,83031.75,chainlink,83048.27,twap60,,3.012,0.3588,0.300,0.310,71.00,0.690,0.700,15.00,0.07,5,15.00,292.00,3670.94,-0.0001772,-0.0001555,0.0008421
1790596845.2,1790596800,45.2,254.8,83007.41,chainlink,83048.27,twap60,,3.012,0.1774,0.240,0.250,522.68,0.750,0.760,104.00,0.07,5,104.00,1199.00,1865.32,-0.0002896,-0.0004788,0.0005520
1790596860.2,1790596800,60.2,239.8,83026.69,chainlink,83048.27,twap60,,3.012,0.3062,0.360,0.370,1041.76,0.630,0.640,20.00,0.07,5,20.00,972.00,3262.77,0.0002976,-0.0003050,0.0007348
1790596875.2,1790596800,75.2,224.8,83019.83,chainlink,83048.27,twap60,,3.012,0.2437,0.220,0.230,167.65,0.770,0.780,1010.38,0.07,5,1010.38,3301.34,606.65,-0.0001181,-0.0003208,0.0003852
1790596890.2,1790596800,90.2,209.8,83013.28,chainlink,83048.27,twap60,,3.012,0.1864,0.220,0.230,152.00,0.770,0.780,1360.74,0.07,5,1360.74,4625.02,1048.00,-0.0000394,-0.0002190,0.0002710
1790596905.2,1790596800,105.2,194.8,83031.66,chainlink,83048.27,twap60,,3.012,0.3289,0.260,0.270,597.13,0.730,0.740,72.00,0.07,5,72.00,2624.00,2207.68,0.0002226,0.0003575,0.0001079
1790596920.2,1790596800,120.2,179.8,83020.49,chainlink,83048.27,twap60,,3.012,0.2177,0.250,0.260,30.00,0.740,0.750,966.50,0.07,5,931.50,4277.02,517.00,-0.0000836,-0.0001101,0.0000569
1790596935.3,1790596800,135.3,164.7,82984.46,chainlink,83048.27,twap60,,3.012,0.0290,0.070,0.080,967.94,0.920,0.930,826.36,0.07,5,826.36,4257.14,3165.64,-0.0004378,-0.0003865,-0.0004814
1790596950.3,1790596800,150.3,149.7,82994.87,chainlink,83048.27,twap60,,3.012,0.0453,0.090,0.100,74.54,0.900,0.910,442.00,0.07,5,442.00,4944.71,1428.77,0.0001457,-0.0002206,-0.0003518
1790596965.3,1790596800,165.3,134.7,83017.56,chainlink,83048.27,twap60,,3.012,0.1474,0.180,0.190,666.25,0.810,0.820,198.00,0.07,5,198.00,2635.08,2262.15,0.0002757,-0.0001189,-0.0004695
1790596980.3,1790596800,180.3,119.7,83018.12,chainlink,83048.27,twap60,,3.012,0.1311,0.100,0.110,193.00,0.890,0.900,950.87,0.07,5,874.02,2643.91,2500.84,-0.0000050,-0.0000323,-0.0003830
1790596995.3,1790596800,195.3,104.7,83013.60,chainlink,83048.27,twap60,,3.012,0.0762,0.060,0.070,850.86,0.930,0.940,169.53,0.07,5,169.53,2631.50,2907.78,-0.0000490,0.0003713,-0.0004396
1790597010.3,1790596800,210.3,89.7,83009.42,chainlink,83048.27,twap60,,3.012,0.0336,0.030,0.040,562.15,0.960,0.970,847.69,0.07,5,847.69,20810.49,1355.68,-0.0000586,0.0001776,-0.0005021
1790597025.4,1790596800,225.4,74.6,83020.11,chainlink,83048.27,twap60,,3.012,0.0561,0.050,0.060,149.00,0.940,0.950,1503.42,0.07,5,1503.42,9767.71,986.00,0.0001349,0.0000190,-0.0003481
1790597040.4,1790596800,240.4,59.6,83020.05,chainlink,83048.27,twap60,83020.05,3.012,0.0172,0.040,0.050,425.53,0.950,0.960,83.01,0.07,5,83.01,9522.96,5849.69,-0.0000105,0.0000287,-0.0003517
1790597055.4,1790596800,255.4,44.6,83103.19,chainlink,83048.27,twap60,83055.06,3.012,0.9990,0.990,,,,0.010,8702.58,0.07,5,8702.58,10592.68,,0.0010010,0.0010705,0.0006199
1790597070.4,1790596800,270.4,29.6,83109.94,chainlink,83048.27,twap60,83080.20,3.012,0.9990,0.990,,,,0.010,18049.58,0.07,5,18049.58,18407.91,,0.0001997,0.0012164,0.0007858
1790597085.4,1790596800,285.4,14.6,83137.38,chainlink,83048.27,twap60,83094.16,3.012,0.9990,0.990,,,,0.010,49689.54,0.07,5,49689.54,50683.63,,0.0004269,0.0014018,0.0010857
1790597115.4,1790597100,15.4,284.6,83236.08,chainlink,83102.99,twap60,,4.410,0.9732,0.860,0.870,111.92,0.130,0.140,2107.37,0.07,5,2107.37,4216.61,645.94,0.0005958,0.0017162,0.0022806
1790597130.5,1790597100,30.5,269.5,83266.02,chainlink,83102.99,twap60,,4.410,0.9927,0.920,0.930,250.73,0.070,0.080,662.85,0.07,5,662.85,3110.61,2420.40,0.0003255,0.0019731,0.0028211
1790597145.5,1790597100,45.5,254.5,83306.05,chainlink,83102.99,twap60,,4.410,0.9990,0.950,0.960,94.87,0.040,0.050,852.35,0.07,5,872.35,4028.31,15262.56,0.0004305,0.0021080,0.0036567
1790597160.5,1790597100,60.5,239.5,83339.42,chainlink,83102.99,twap60,,4.410,0.9990,0.970,0.980,7469.03,0.020,0.030,207.89,0.07,5,207.89,2815.44,12797.22,0.0002212,0.0018366,0.0037240
1790597175.5,1790597100,75.5,224.5,83357.73,chainlink,83102.99,twap60,,4.410,0.9990,0.970,0.980,5151.22,0.020,0.030,750.85,0.07,5,750.85,3336.23,8438.42,0.0003298,0.0014263,0.0041014
1790597190.5,1790597100,90.5,209.5,83337.22,chainlink,83102.99,twap60,,4.410,0.9990,0.970,0.980,4076.18,0.020,0.030,614.96,0.07,5,614.96,3008.73,7243.38,-0.0002444,0.0008044,0.0038957
1790597205.5,1790597100,105.5,194.5,83407.16,chainlink,83102.99,twap60,,4.410,0.9990,0.970,0.980,303.84,0.020,0.030,1009.34,0.07,5,1009.34,4381.32,3274.04,0.0008390,0.0010337,0.0045631
1790597220.6,1790597100,120.6,179.4,83379.78,chainlink,83102.99,twap60,,4.410,0.9990,0.990,,,,0.010,3876.05,0.07,5,3876.05,6972.58,,-0.0003245,0.0005942,0.0043146
1790597235.6,1790597100,135.6,164.4,83344.09,chainlink,83102.99,twap60,,4.410,0.9990,0.990,,,,0.010,3517.15,0.07,5,3517.15,6317.72,,-0.0002225,-0.0001619,0.0043446
1790597250.6,1790597100,150.6,149.4,83398.96,chainlink,83102.99,twap60,,4.410,0.9990,0.993,0.998,5.00,0.002,0.007,81.08,0.07,5,81.08,7923.61,3010.00,0.0006655,0.0007406,0.0048593
1790597265.6,1790597100,165.6,134.4,83426.47,chainlink,83102.99,twap60,,4.410,0.9990,0.999,,,,0.001,741.48,0.07,5,741.48,10151.47,,0.0005427,0.0002353,0.0049017
1790597280.6,1790597100,180.6,119.4,83427.28,chainlink,83102.99,twap60,,4.410,0.9990,0.999,,,,0.001,530.00,0.07,5,530.00,15169.91,,0.0001012,0.0007751,0.0049219
1790597295.7,1790597100,195.7,104.3,83394.89,chainlink,83102.99,twap60,,4.410,0.9990,0.999,,,,0.001,427.20,0.07,5,427.20,17997.17,,-0.0002683,0.0006167,0.0045743
1790597310.7,1790597100,210.7,89.3,83364.37,chainlink,83102.99,twap60,,4.410,0.9990,0.999,,,,0.001,1468.81,0.07,5,1468.81,23643.87,,-0.0002491,-0.0002020,0.0042730
1790597325.7,1790597100,225.7,74.3,83329.75,chainlink,83102.99,twap60,,4.410,0.9990,0.999,,,,0.001,1368.81,0.07,5,1368.81,23518.88,,-0.0004489,-0.0010685,0.0037130
1790597340.7,1790597100,240.7,59.3,83369.78,chainlink,83102.99,twap60,83369.78,4.410,0.9990,0.999,,,,0.001,4608.81,0.07,5,4608.81,36078.45,,0.0004787,-0.0005694,0.0042037
1790597355.7,1790597100,255.7,44.3,83415.81,chainlink,83102.99,twap60,83404.89,4.410,0.9990,0.999,,,,0.001,10723.15,0.07,5,10723.15,51390.26,,0.0005626,0.0003677,0.0038732
1790597370.8,1790597100,270.8,29.2,83419.39,chainlink,83102.99,twap60,83405.04,4.410,0.9990,0.999,,,,0.001,10814.15,0.07,5,10814.15,55700.16,,0.0000999,0.0006262,0.0038132
1790597385.8,1790597100,285.8,14.2,83444.02,chainlink,83102.99,twap60,83414.95,4.410,0.9990,0.999,,,,0.001,19793.00,0.07,5,19793.00,84809.01,,0.0003555,0.0013689,0.0037628
1790597415.8,1790597400,15.8,284.2,83472.18,chainlink,83417.79,twap60,,5.103,0.7524,0.690,0.700,28.94,0.300,0.310,2283.43,0.07,5,2283.43,4268.03,1820.13,0.0003809,0.0007325,0.0027983
1790597430.8,1790597400,30.8,269.2,83466.29,chainlink,83417.79,twap60,,5.103,0.7349,0.680,0.690,121.00,0.310,0.320,626.46,0.07,5,626.46,1918.70,2634.24,-0.0000775,0.0006224,0.0023521
1790597445.8,1790597400,45.8,254.2,83428.30,chainlink,83417.79,twap60,,5.103,0.5559,0.470,0.480,393.00,0.520,0.530,341.00,0.07,5,356.00,1842.84,1714.00,-0.0003839,-0.0001443,0.0012872
1790597460.9,1790597400,60.9,239.1,83423.08,chainlink,83417.79,twap60,,5.103,0.5292,0.450,0.460,118.65,0.540,0.550,133.00,0.07,5,329.00,1519.00,1825.84,0.0000443,-0.0002075,0.0011134
1790597475.9,1790597400,75.9,224.1,83423.71,chainlink,83417.79,twap60,,5.103,0.5340,0.450,0.460,294.06,0.540,0.550,263.00,0.07,5,288.00,1064.54,1415.06,0.0000848,-0.0005879,0.0007930
1790597490.9,1790597400,90.9,209.1,83426.07,chainlink,83417.79,twap60,,5.103,0.5496,0.480,0.490,1372.00,0.510,0.520,94.05,0.07,5,89.05,1061.57,2658.24,0.0000225,-0.0004106,0.0010656
1790597505.9,1790597400,105.9,194.1,83440.24,chainlink,83417.79,twap60,,5.103,0.6385,0.540,0.550,756.00,0.450,0.460,26.00,0.07,5,26.00,2281.57,3054.50,0.0001698,0.0002500,0.0004004
1790597521.0,1790597400,121.0,179.0,83403.30,chainlink,83417.79,twap60,,5.103,0.4048,0.330,0.340,66.00,0.660,0.670,596.68,0.07,5,403.56,2067.27,1613.00,-0.0004426,-0.0001599,0.0004877
1790597535.0,1790597400,135.0,165.0,83358.60,chainlink,83417.79,twap60,,5.103,0.1498,0.190,0.200,845.13,0.800,0.810,88.76,0.07,5,88.76,920.76,3830.32,-0.0004361,-0.0007866,0.0001814
1790597550.0,1790597400,150.0,150.0,83360.10,chainlink,83417.79,twap60,,5.103,0.1405,0.160,0.170,55.00,0.830,0.840,475.72,0.07,5,475.72,2480.16,867.00,0.0000536,-0.0007910,-0.0002531
1790597565.1,1790597400,165.1,134.9,83370.14,chainlink,83417.79,twap60,,5.103,0.1690,0.190,0.200,583.00,0.800,0.810,19.60,0.07,5,19.60,673.90,3917.38,0.0001079,-0.0008403,-0.0005839
1790597580.1,1790597400,180.1,119.9,83342.79,chainlink,83417.79,twap60,,5.103,0.0501,0.030,0.040,1816.50,0.960,0.970,320.34,0.07,5,320.34,14009.21,4413.99,-0.0003455,-0.0006258,-0.0008932
1790597595.1,1790597400,195.1,104.9,83322.85,chainlink,83417.79,twap60,,5.103,0.0105,0.020,0.030,166.31,0.970,0.980,558.12,0.07,5,572.00,3769.90,2543.31,-0.0001004,-0.0003934,-0.0007473
1790597610.1,1790597400,210.1,89.9,83288.86,chainlink,83417.79,twap60,,5.103,0.0010,,0.010,13733.01,0.990,,,0.07,5,,,18005.91,-0.0003634,-0.0008675,-0.0009398
1790597625.2,1790597400,225.2,74.8,83277.86,chainlink,83417.79,twap60,,5.103,0.0010,,0.010,20217.05,0.990,,,0.07,5,,,24243.34,-0.0000098,-0.0011248,-0.0006244
1790597640.2,1790597400,240.2,59.8,83279.16,chainlink,83417.79,twap60,83279.16,5.103,0.0010,,0.010,23610.62,0.990,,,0.07,5,,,27231.21,0.0000363,-0.0006249,-0.0010769
1790597655.2,1790597400,255.2,44.8,83310.36,chainlink,83417.79,twap60,83306.95,5.103,0.0010,,0.010,48484.92,0.990,,,0.07,5,,,51403.60,0.0002238,-0.0001053,-0.0012079
1790597670.3,1790597400,270.3,29.7,83286.94,chainlink,83417.79,twap60,83304.06,5.103,0.0010,,0.010,83035.93,0.990,,,0.07,5,,,85840.88,-0.0002795,0.0000992,-0.0015287
1790597685.3,1790597400,285.3,14.7,83321.86,chainlink,83417.79,twap60,83305.93,5.103,0.0010,,0.010,82991.03,0.990,,,0.07,5,,,85830.98,0.0004092,0.0005490,-0.0014210
1790597715.3,1790597700,15.3,284.7,83324.01,chainlink,83309.66,twap60,,5.389,0.5676,0.480,0.490,69.00,0.510,0.520,50.90,0.07,5,50.90,878.59,1127.44,-0.0003576,0.0001655,-0.0017837
1790597730.4,1790597700,30.4,269.6,83280.65,chainlink,83309.66,twap60,,5.389,0.3612,0.370,0.380,821.76,0.620,0.630,50.00,0.07,5,50.00,1769.09,3797.48,-0.0004931,-0.0000856,-0.0021553
1790597745.4,1790597700,45.4,254.6,83279.25,chainlink,83309.66,twap60,,5.389,0.3501,0.350,0.360,150.00,0.640,0.650,409.43,0.07,5,409.43,4421.35,1567.13,-0.0000080,-0.0005120,-0.0016812
1790597760.4,1790597700,60.4,239.6,83271.25,chainlink,83309.66,twap60,,5.389,0.3070,0.270,0.280,117.22,0.720,0.730,1494.02,0.07,5,1494.02,3524.60,1699.44,-0.0001036,-0.0009910,-0.0017444
1790597775.4,1790597700,75.4,224.6,83255.41,chainlink,83309.66,twap60,,5.389,0.2294,0.250,0.260,368.00,0.740,0.750,217.00,0.07,5,161.00,2059.00,3363.65,-0.0001665,-0.0007961,-0.0020252
1790597790.5,1790597700,90.5,209.5,83264.78,chainlink,83309.66,twap60,,5.389,0.2613,0.250,0.260,326.70,0.740,0.750,129.00,0.07,5,129.00,2401.83,3932.70,0.0000279,-0.0001817,-0.0019352
1790597805.5,1790597700,105.5,194.5,83299.87,chainlink,83309.66,twap60,,5.389,0.4419,0.390,0.400,1062.73,0.600,0.610,67.36,0.07,5,67.36,2077.36,2272.73,0.0003659,0.0002400,-0.0016835
1790597820.5,1790597700,120.5,179.5,83293.55,chainlink,83309.66,twap60,,5.389,0.4001,0.410,0.420,1468.43,0.580,0.590,53.54,0.07,5,53.54,1550.54,2857.08,-0.0000834,0.0002914,-0.0012168
1790597835.5,1790597700,135.5,164.5,83316.84,chainlink,83309.66,twap60,,5.389,0.5475,0.430,0.450,100.00,0.550,0.570,20.00,0.07,5,20.00,41.00,955.27,0.0002632,0.0006529,-0.0004655
1790597850.6,1790597700,150.6,149.4,83290.14,chainlink,83309.66,twap60,,5.389,0.3646,0.370,0.380,400.00,0.620,0.630,37.90,0.07,5,37.90,424.90,3988.56,-0.0003303,0.0002490,-0.0008521
1790597865.6,1790597700,165.6,134.4,83297.69,chainlink,83309.66,twap60,,5.389,0.4096,0.400,0.410,547.67,0.590,0.600,173.00,0.07,5,173.00,1506.39,2791.44,0.0000764,-0.0000337,-0.0008867
1790597880.6,1790597700,180.6,119.4,83318.29,chainlink,83309.66,twap60,,5.389,0.5713,0.580,0.590,54.00,0.410,0.420,100.14,0.07,5,100.14,355.14,2989.30,0.0002482,0.0002806,-0.0001551
1790597895.6,1790597700,195.6,104.4,83346.65,chainlink,83309.66,twap60,,5.389,0.8039,0.850,0.860,202.00,0.140,0.150,643.64,0.07,5,643.64,1244.01,2038.30,0.0003404,0.0003480,0.0003302
1790597910.7,1790597700,210.7,89.3,83356.29,chainlink,83309.66,twap60,,5.389,0.8910,0.920,0.930,129.00,0.070,0.080,268.05,0.07,5,268.05,2584.42,4226.74,0.0000706,0.0007797,0.0009315
1790597925.7,1790597700,225.7,74.3,83389.43,chainlink,83309.66,twap60,,5.389,0.9942,0.970,0.980,814.69,0.020,0.030,133.00,0.07,5,133.00,584.33,3219.05,0.0003978,0.0011017,0.0013596
1790597940.7,1790597700,240.7,59.3,83328.97,chainlink,83309.66,twap60,83328.97,5.389,0.7926,0.740,0.750,164.48,0.250,0.260,60.00,0.07,5,60.00,461.65,2616.93,-0.0007191,0.0001281,0.0004470
1790597955.7,1790597700,255.7,44.3,83354.77,chainlink,83309.66,twap60,83339.90,5.389,0.9965,0.990,,,,0.010,14061.86,0.07,5,14061.86,17288.02,,0.0004478,0.0000524,0.0005345
1790597970.7,1790597700,270.7,29.3,83366.33,chainlink,83309.66,twap60,83355.69,5.389,0.9990,0.990,,,,0.010,45753.04,0.07,5,45753.04,49153.07,,0.0000549,0.0001208,0.0009427
1790597985.8,1790597700,285.8,14.2,83374.80,chainlink,83309.66,twap60,83361.31,5.389,0.9990,0.990,,,,0.010,67650.18,0.07,5,67650.18,70018.97,,0.0000840,-0.0001692,0.0006346
1790598015.8,1790598000,15.8,284.2,83409.28,chainlink,83363.24,twap60,,5.576,0.7014,0.690,0.700,458.40,0.300,0.310,38.87,0.07,5,38.87,960.17,1500.36,0.0002686,0.0005700,0.0010503
1790598030.9,1790598000,30.9,269.1,83416.92,chainlink,83363.24,twap60,,5.576,0.7376,0.720,0.730,691.46,0.270,0.280,93.86,0.07,5,93.86,869.46,4144.14,0.0000880,0.0005891,0.0016437
1790598045.9,1790598000,45.9,254.1,83418.66,chainlink,83363.24,twap60,,5.576,0.7515,0.770,0.780,38.07,0.220,0.230,1774.89,0.07,5,1774.89,3872.82,2404.78,0.0000131,0.0005427,0.0016650
1790598060.9,1790598000,60.9,239.1,83432.59,chainlink,83363.24,twap60,,5.576,0.8109,0.810,0.820,920.35,0.180,0.190,280.56,0.07,5,280.56,2334.50,4149.77,0.0001583,0.0005479,0.0019593
1790598075.9,1790598000,75.9,224.1,83411.31,chainlink,83363.24,twap60,,5.576,0.7374,0.540,0.550,372.42,0.450,0.460,241.00,0.07,5,241.00,1093.50,1109.42,-0.0002585,0.0000208,0.0017862
1790598091.0,1790598000,91.0,209.0,83380.58,chainlink,83363.24,twap60,,5.576,0.5945,0.620,0.630,50.00,0.370,0.380,519.40,0.07,5,519.40,2851.45,1853.00,-0.0002511,-0.0004434,0.0013343
1790598106.0,1790598000,106.0,194.0,83387.30,chainlink,83363.24,twap60,,5.576,0.6359,0.700,0.710,364.05,0.290,0.300,38.00,0.07,5,38.00,1936.96,4150.68,0.0000688,-0.0003846,0.0010416
1790598120.0,1790598000,120.0,180.0,83351.68,chainlink,83363.24,twap60,,5.576,0.4304,0.400,0.410,658.08,0.590,0.600,92.99,0.07,5,92.99,1109.35,4129.30,-0.0005240,-0.0009736,0.0006813
1790598135.0,1790598000,135.0,165.0,83331.90,chainlink,83363.24,twap60,,5.576,0.3075,0.370,0.380,1922.81,0.620,0.630,5.00,0.07,5,5.00,344.00,3418.81,-0.0001598,-0.0008351,0.0001709
1790598150.1,1790598000,150.1,149.9,83325.75,chainlink,83363.24,twap60,,5.576,0.2607,0.230,0.240,25.00,0.770,0.780,1904.13,0.07,5,90.00,4022.85,1332.35,-0.0001463,-0.0006696,0.0004132
1790598165.1,1790598000,165.1,134.9,83312.78,chainlink,83363.24,twap60,,5.576,0.1764,0.150,0.160,784.00,0.840,0.850,188.96,0.07,5,188.96,2121.96,2265.11,-0.0001443,-0.0009909,0.0001820
1790598180.1,1790598000,180.1,119.9,83300.14,chainlink,83363.24,twap60,,5.576,0.1028,0.050,0.060,900.14,0.940,0.950,300.28,0.07,5,300.28,7104.30,2719.58,-0.0001423,-0.0005410,-0.0002178
1790598195.1,1790598000,195.1,104.9,83293.35,chainlink,83363.24,twap60,,5.576,0.0598,0.030,0.040,285.58,0.960,0.970,959.18,0.07,5,972.24,13664.55,1578.01,0.0000045,-0.0005351,-0.0006847
1790598210.2,1790598000,210.2,89.8,83299.83,chainlink,83363.24,twap60,,5.576,0.0536,0.030,0.040,681.58,0.960,0.970,150.34,0.07,5,150.34,15536.92,1915.78,0.0001153,-0.0002997,-0.0006773
1790598225.2,1790598000,225.2,74.8,83313.83,chainlink,83363.24,twap60,,5.576,0.0666,0.060,0.070,405.54,0.930,0.940,282.00,0.07,5,282.00,3828.34,1682.09,0.0001517,0.0000220,-0.0009007
1790598240.2,1790598000,240.2,59.8,83334.30,chainlink,83363.24,twap60,83334.30,5.576,0.1216,0.110,0.130,5.00,0.870,0.890,549.29,0.07,5,550.42,4732.24,287.71,0.0001530,0.0004959,0.0002021
1790598255.2,1790598000,255.2,44.8,83363.48,chainlink,83363.24,twap60,83351.69,5.576,0.4318,0.320,0.330,184.00,0.670,0.680,97.50,0.07,5,97.50,538.50,390.55,0.0003372,0.0008791,0.0000207
1790598270.3,1790598000,270.3,29.7,83353.44,chainlink,83363.24,twap60,83353.89,5.576,0.1355,0.050,0.060,405.31,0.940,0.950,20.00,0.07,5,20.00,3335.00,1224.56,-0.0001155,0.0006271,-0.0001721
1790598285.3,1790598000,285.3,14.7,83351.20,chainlink,83363.24,twap60,83355.55,5.576,0.0019,,0.010,12719.64,0.990,,,0.07,5,,,14183.64,-0.0001018,0.0003558,-0.0002663
1790598315.4,1790598300,15.4,284.6,83345.69,chainlink,83354.68,twap60,,5.804,0.4606,0.370,0.380,1318.51,0.620,0.630,571.00,0.07,5,571.00,1372.18,2444.58,-0.0001953,-0.0002084,-0.0007662
1790598330.4,1790598300,30.4,269.6,83307.79,chainlink,83354.68,twap60,,5.804,0.2970,0.240,0.250,926.52,0.750,0.760,38.68,0.07,5,38.68,568.68,4379.43,-0.0004162,-0.0006227,-0.0013169
1790598345.4,1790598300,45.4,254.6,83267.16,chainlink,83354.68,twap60,,5.804,0.1517,0.130,0.140,891.58,0.860,0.870,292.29,0.07,5,292.29,3069.67,4291.67,-0.0004471,-0.0009901,-0.0018264
1790598360.4,1790598300,60.4,239.6,83256.10,chainlink,83354.68,twap60,,5.804,0.1146,0.090,0.100,675.12,0.900,0.910,95.90,0.07,5,95.90,2873.05,3131.45,-0.0001259,-0.0012709,-0.0021210
1790598375.5,1790598300,75.5,224.5,83275.61,chainlink,83354.68,twap60,,5.804,0.1580,0.130,0.140,969.41,0.860,0.870,6.31,0.07,5,6.31,2166.22,2738.98,0.0002336,-0.0008024,-0.0015108
1790598390.5,1790598300,90.5,209.5,83363.63,chainlink,83354.68,twap60,,5.804,0.5471,0.500,0.510,343.00,0.490,0.500,273.55,0.07,5,273.55,1737.84,3478.03,0.0010596,0.0007108,-0.0002151
1790598405.5,1790598300,105.5,194.5,83381.82,chainlink,83354.68,twap60,,5.804,0.6466,0.510,0.520,775.01,0.480,0.490,80.00,0.07,5,80.00,543.37,2182.47,0.0002184,0.0013830,-0.0001625
1790598420.5,1790598300,120.5,179.5,83341.32,chainlink,83354.68,twap60,,5.804,0.4228,0.440,0.450,1089.00,0.550,0.560,15.00,0.07,5,15.00,1654.00,3697.00,-0.0003700,0.0010224,-0.0000467
1790598435.5,1790598300,135.5,164.5,83350.14,chainlink,83354.68,twap60,,5.804,0.4721,0.310,0.320,302.00,0.680,0.690,196.85,0.07,5,141.78,2048.63,1216.00,0.0001113,0.0008978,0.0001464
1790598450.6,1790598300,150.6,149.4,83343.43,chainlink,83354.68,twap60,,5.804,0.4265,0.390,0.400,766.83,0.600,0.610,38.46,0.07,5,38.46,291.46,3164.76,-0.0000799,-0.0002421,0.0002236
1790598465.6,1790598300,165.6,134.4,83356.42,chainlink,83354.68,twap60,,5.804,0.5123,0.530,0.540,99.29,0.460,0.470,909.57,0.07,5,909.57,4277.57,826.88,0.0001561,-0.0001889,0.0005331
1790598480.6,1790598300,180.6,119.4,83355.70,chainlink,83354.68,twap60,,5.804,0.5078,0.410,0.420,808.81,0.580,0.590,61.00,0.07,5,61.00,264.00,2351.44,-0.0000128,0.0001780,0.0007526
1790598495.6,1790598300,195.6,104.4,83368.57,chainlink,83354.68,twap60,,5.804,0.6172,0.650,0.660,104.98,0.340,0.350,158.77,0.07,5,158.77,2652.77,607.98,0.0001608,0.0002216,0.0009402
1790598510.7,1790598300,210.7,89.3,83366.15,chainlink,83354.68,twap60,,5.804,0.6107,0.650,0.660,56.00,0.340,0.350,568.75,0.07,5,568.75,1401.13,996.57,-0.0000463,0.0002727,0.0007795
1790598525.7,1790598300,225.7,74.3,83364.43,chainlink,83354.68,twap60,,5.804,0.6129,0.550,0.560,674.00,0.440,0.450,61.00,0.07,5,61.00,309.00,1242.98,-0.0000169,0.0000920,0.0005146
1790598540.7,1790598300,240.7,59.3,83340.83,chainlink,83354.68,twap60,83340.83,5.804,0.2935,0.150,0.160,15.00,0.840,0.850,989.75,0.07,5,989.75,3708.74,596.00,-0.0002839,-0.0001720,0.0000655
1790598555.7,1790598300,255.7,44.3,83335.37,chainlink,83354.68,twap60,83333.55,5.804,0.1145,0.160,0.170,2.64,0.790,0.830,47.36,0.07,5,2541.89,4363.69,2.64,-0.0000455,-0.0004156,-0.0003323
1790598570.7,1790598300,270.7,29.3,83346.85,chainlink,83354.68,twap60,83340.50,5.804,0.1048,0.030,0.040,584.10,0.960,0.970,47.00,0.07,5,47.00,3137.31,684.10,0.0001048,-0.0002279,-0.0001539
1790598585.8,1790598300,285.8,14.2,83347.57,chainlink,83354.68,twap60,83342.89,5.804,0.0010,,0.010,36678.94,0.990,,,0.07,5,,,38874.75,0.0000088,-0.0002031,-0.0000250
1790598615.8,1790598600,15.8,284.2,83334.58,chainlink,83343.62,twap60,,6.274,0.4633,0.460,0.470,170.34,0.530,0.540,564.27,0.07,5,564.27,2916.33,2064.34,-0.0001008,-0.0000425,-0.0000947
1790598630.8,1790598600,30.8,269.2,83321.68,chainlink,83343.62,twap60,,6.274,0.4087,0.400,0.410,244.00,0.590,0.600,869.84,0.07,5,869.84,5132.98,1790.15,-0.0001367,-0.0003018,0.0002074
1790598645.8,1790598600,45.8,254.2,83314.88,chainlink,83343.62,twap60,,6.274,0.3771,0.320,0.330,623.02,0.670,0.680,1412.10,0.07,5,1412.10,3536.80,2550.16,-0.0000896,-0.0003934,0.0005798
1790598660.9,1790598600,60.9,239.1,83308.10,chainlink,83343.62,twap60,,6.274,0.3441,0.270,0.280,538.63,0.720,0.730,68.00,0.07,5,68.00,2849.47,3636.73,-0.0000797,-0.0004186,0.0006236
1790598675.9,1790598600,75.9,224.1,83297.13,chainlink,83343.62,twap60,,6.274,0.2925,0.230,0.240,5.00,0.760,0.770,2545.12,0.07,5,2545.12,5705.72,1175.13,-0.0001354,-0.0004314,0.0002616
1790598690.9,1790598600,90.9,209.1,83295.46,chainlink,83343.62,twap60,,6.274,0.2775,0.200,0.210,465.38,0.790,0.800,452.39,0.07,5,452.39,3300.77,2315.38,-0.0000142,-0.0003227,-0.0008178
1790598705.9,1790598600,105.9,194.1,83288.59,chainlink,83343.62,twap60,,6.274,0.2399,0.150,0.160,375.80,0.840,0.850,31.66,0.07,5,31.66,1818.63,2312.21,-0.0000536,-0.0003139,-0.0010029
1790598721.0,1790598600,121.0,179.0,83280.74,chainlink,83343.62,twap60,,6.274,0.1977,0.120,0.130,1445.54,0.870,0.880,3.74,0.07,5,3.74,2479.77,4651.53,-0.0001003,-0.0003321,-0.0007217
1790598736.0,1790598600,136.0,164.0,83279.10,chainlink,83343.62,twap60,,6.274,0.1779,0.100,0.110,979.93,0.890,0.900,106.00,0.07,5,106.00,2367.82,5157.74,-0.0000117,-0.0002107,-0.0008521
1790598751.0,1790598600,151.0,149.0,83272.60,chainlink,83343.62,twap60,,6.274,0.1391,0.080,0.090,1324.06,0.910,0.920,225.24,0.07,5,225.24,2835.98,3697.71,-0.0000826,-0.0002388,-0.0008492
1790598765.0,1790598600,165.0,135.0,83274.22,chainlink,83343.62,twap60,,6.274,0.1282,0.050,0.060,68.64,0.940,0.950,1116.04,0.07,5,1121.04,6866.29,2421.46,-0.0000008,-0.0001786,-0.0009907
1790598780.1,1790598600,180.1,119.9,83287.67,chainlink,83343.62,twap60,,6.274,0.1593,0.130,0.140,1040.27,0.860,0.870,66.01,0.07,5,66.01,2019.01,3856.85,0.0001696,0.0000912,-0.0008100
1790598795.1,1790598600,195.1,104.9,83294.18,chainlink,83343.62,twap60,,6.274,0.1640,0.070,0.080,664.51,0.920,0.930,9.19,0.07,5,9.19,3305.17,3295.71,-0.0000053,0.0001817,-0.0009100
1790598810.1,1790598600,210.1,89.9,83295.44,chainlink,83343.62,twap60,,6.274,0.1385,0.050,0.060,750.55,0.940,0.950,104.92,0.07,5,104.92,4218.80,3378.93,0.0000153,0.0002539,-0.0008449
1790598825.1,1790598600,225.1,74.9,83307.92,chainlink,83343.62,twap60,,6.274,0.1676,0.180,0.190,169.38,0.810,0.820,33.59,0.07,5,33.59,527.58,1290.92,0.0001573,0.0004126,-0.0006789
1790598840.1,1790598600,240.1,59.9,83327.07,chainlink,83343.62,twap60,83327.07,6.274,0.2770,0.210,0.220,160.00,0.780,0.790,5.00,0.07,5,5.00,461.00,1112.43,0.0001864,0.0003895,-0.0001451
1790598855.2,1790598600,255.2,44.8,83331.82,chainlink,83343.62,twap60,83330.45,6.274,0.2514,0.090,0.100,77.00,0.900,0.910,7.00,0.07,5,7.00,1088.76,342.00,0.0000350,0.0004519,-0.0000756
1790598870.2,1790598600,270.2,29.8,83331.50,chainlink,83343.62,twap60,83331.76,6.274,0.1113,0.020,0.030,490.76,0.970,0.980,878.94,0.07,5,878.94,3285.99,3650.01,-0.0000035,0.0004404,-0.0001839
1790598885.2,1790598600,285.2,14.8,83336.57,chainlink,83343.62,twap60,83333.09,6.274,0.0024,,0.010,17550.31,0.990,,,0.07,5,,,18776.75,0.0000466,0.0003004,-0.0001330
1790598915.3,1790598900,15.3,284.7,83398.26,chainlink,83336.56,twap60,,6.322,0.7336,0.740,0.750,278.00,0.250,0.260,634.31,0.07,5,349.31,3525.39,3571.42,0.0003443,0.0007973,0.0007820
1790598930.3,1790598900,30.3,269.7,83385.33,chainlink,83336.56,twap60,,6.322,0.6946,0.800,0.810,487.00,0.190,0.200,331.25,0.07,5,331.25,3191.96,3773.87,-0.0000912,0.0006314,0.0007556
1790598945.3,1790598900,45.3,254.7,83385.70,chainlink,83336.56,twap60,,6.322,0.7021,0.740,0.750,468.00,0.250,0.260,40.00,0.07,5,40.00,1864.10,3341.42,-0.0000813,0.0005620,0.0008513
1790598960.3,1790598900,60.3,239.7,83395.60,chainlink,83336.56,twap60,,6.322,0.7457,0.790,0.800,1958.37,0.200,0.210,20.00,0.07,5,20.00,1561.00,5413.51,0.0001178,0.0003125,0.0010462
1790598975.3,1790598900,75.3,224.7,83379.65,chainlink,83336.56,twap60,,6.322,0.6920,0.720,0.730,856.76,0.270,0.280,70.00,0.07,5,70.00,873.00,3947.40,-0.0002140,-0.0001593,0.0009960
1790598990.4,1790598900,90.4,209.6,83378.77,chainlink,83336.56,twap60,,6.322,0.6959,0.650,0.670,43.42,0.330,0.350,7.47,0.07,5,7.47,694.91,418.42,-0.0000148,-0.0001643,0.0010285
1790599005.4,1790598900,105.4,194.6,83364.48,chainlink,83336.56,twap60,,6.322,0.6388,0.680,0.690,35.76,0.310,0.320,796.14,0.07,5,796.14,3633.09,1384.59,-0.0001820,-0.0002555,0.0009048
1790599020.4,1790598900,120.4,179.6,83384.78,chainlink,83336.56,twap60,,6.322,0.7407,0.770,0.780,213.00,0.220,0.230,356.14,0.07,5,332.86,2388.80,1623.58,0.0002394,-0.0001524,0.0012565
1790599035.4,1790598900,135.4,164.6,83367.15,chainlink,83336.56,twap60,,6.322,0.6677,0.680,0.690,499.00,0.310,0.320,365.22,0.07,5,365.22,2014.32,1569.34,-0.0001984,-0.0001542,0.0010575
1790599050.5,1790598900,150.5,149.5,83359.88,chainlink,83336.56,twap60,,6.322,0.6378,0.650,0.660,5.00,0.340,0.350,2232.24,0.07,5,2232.24,5207.52,740.75,-0.0000273,-0.0002372,0.0010273
1790599065.5,1790598900,165.5,134.5,83346.22,chainlink,83336.56,twap60,,6.322,0.5624,0.500,0.510,45.00,0.490,0.500,1554.67,0.07,5,1554.67,4542.12,436.64,-0.0001521,-0.0002232,0.0008722
1790599080.5,1790598900,180.5,119.5,83335.08,chainlink,83336.56,twap60,,6.322,0.4895,0.330,0.340,1828.72,0.660,0.670,80.00,0.07,5,40.00,172.00,3017.95,-0.0001157,-0.0005832,0.0004856
1790599095.5,1790598900,195.5,104.5,83299.36,chainlink,83336.56,twap60,,6.322,0.2319,0.070,0.080,1148.10,0.920,0.930,125.00,0.07,5,125.00,3622.33,4628.53,-0.0003799,-0.0007535,0.0000624
1790599110.5,1790598900,210.5,89.5,83291.68,chainlink,83336.56,twap60,,6.322,0.1564,0.100,0.110,112.53,0.890,0.900,407.85,0.07,5,427.85,2615.55,1336.62,-0.0000133,-0.0008066,-0.0000375
1790599125.6,1790598900,225.6,74.4,83307.71,chainlink,83336.56,twap60,,6.322,0.2184,0.070,0.080,9.00,0.920,0.930,798.73,0.07,5,798.73,4017.32,566.27,0.0001729,-0.0004442,-0.0000460
1790599140.6,1790598900,240.6,59.4,83290.80,chainlink,83336.56,twap60,83290.80,6.322,0.0503,,0.010,6889.97,0.990,,,0.07,5,,,9475.70,-0.0001878,-0.0004827,-0.0004573
1790599155.6,1790598900,255.6,44.4,83292.55,chainlink,83336.56,twap60,83293.04,6.322,0.0074,,0.010,21995.51,0.990,,,0.07,5,,,25837.93,0.0000187,-0.0000029,-0.0004710
1790599170.6,1790598900,270.6,29.4,83309.75,chainlink,83336.56,twap60,83296.22,6.322,0.0010,,0.010,30908.92,0.990,,,0.07,5,,,34266.59,0.0002036,0.0001973,-0.0002754
1790599185.7,1790598900,285.7,14.3,83308.62,chainlink,83336.56,twap60,83300.49,6.322,0.0010,,0.010,60924.81,0.990,,,0.07,5,,,64246.93,-0.0000173,0.0000262,-0.0003627
1790599215.7,1790599200,15.7,284.3,83299.07,chainlink,83299.64,twap60,,6.442,0.4978,0.460,0.470,678.91,0.530,0.540,36.00,0.07,5,36.00,2197.01,3428.00,0.0000056,0.0000755,-0.0011262
1790599230.7,1790599200,30.7,269.3,83281.27,chainlink,83299.64,twap60,,6.442,0.4253,0.390,0.400,174.67,0.600,0.610,1097.07,0.07,5,1097.07,3533.80,1252.97,-0.0002107,-0.0003457,-0.0013344
1790599245.7,1790599200,45.7,254.3,83251.23,chainlink,83299.64,twap60,,6.442,0.3038,0.270,0.280,146.00,0.720,0.730,455.20,0.07,5,455.20,1772.01,1162.70,-0.0003536,-0.0006800,-0.0016149
1790599260.8,1790599200,60.8,239.2,83243.33,chainlink,83299.64,twap60,,6.442,0.2679,0.250,0.260,151.16,0.740,0.750,1361.97,0.07,5,1361.97,2411.59,1092.86,-0.0000932,-0.0006638,-0.0018503
1790599275.8,1790599200,75.8,224.2,83263.22,chainlink,83299.64,twap60,,6.442,0.3385,0.340,0.350,816.00,0.650,0.660,208.00,0.07,5,208.00,1016.62,3815.28,0.0002178,-0.0004274,-0.0014016
1790599290.8,1790599200,90.8,209.2,83268.86,chainlink,83299.64,twap60,,6.442,0.3567,0.240,0.250,819.00,0.750,0.760,70.00,0.07,5,88.00,2923.86,2507.95,0.0000639,-0.0001419,-0.0013297
1790599305.8,1790599200,105.8,194.2,83268.91,chainlink,83299.64,twap60,,6.442,0.3504,0.280,0.290,255.00,0.710,0.720,160.50,0.07,5,160.50,2948.37,3291.45,0.0000001,0.0002140,-0.0011512
1790599320.9,1790599200,120.9,179.1,83267.28,chainlink,83299.64,twap60,,6.442,0.3351,0.190,0.200,511.64,0.800,0.810,116.52,0.07,5,116.52,2746.33,3007.59,-0.0000205,0.0002666,-0.0013971
1790599335.9,1790599200,135.9,164.1,83258.15,chainlink,83299.64,twap60,,6.442,0.2816,0.140,0.150,179.00,0.850,0.860,503.11,0.07,5,503.11,3795.62,1227.76,-0.0001130,-0.0000647,-0.0012484
1790599350.9,1790599200,150.9,149.1,83261.32,chainlink,83299.64,twap60,,6.442,0.2846,0.120,0.140,293.00,0.860,0.880,10.00,0.07,5,10.00,1106.27,4732.36,0.0000383,-0.0000910,-0.0011712
1790599365.9,1790599200,165.9,134.1,83251.96,chainlink,83299.64,twap60,,6.442,0.2228,0.060,0.070,626.60,0.930,0.940,50.00,0.07,5,50.00,4343.23,3500.04,-0.0001207,-0.0002046,-0.0011136
1790599380.9,1790599200,180.9,119.1,83246.79,chainlink,83299.64,twap60,,6.442,0.1781,0.070,0.080,316.81,0.920,0.930,366.74,0.07,5,366.74,3917.48,2919.90,0.0000344,-0.0002495,-0.0010113
1790599395.9,1790599200,195.9,104.1,83266.82,chainlink,83299.64,twap60,,6.442,0.2623,0.100,0.110,118.00,0.890,0.900,105.00,0.07,5,105.00,3186.92,972.49,0.0002508,0.0001043,-0.0003119
1790599410.9,1790599200,210.9,89.1,83258.99,chainlink,83299.64,twap60,,6.442,0.1838,0.040,0.050,143.20,0.950,0.960,533.70,0.07,5,538.70,18646.50,1273.20,-0.0001203,-0.0000363,-0.0004122
1790599426.0,1790599200,226.0,74.0,83262.09,chainlink,83299.64,twap60,,6.442,0.1589,0.030,0.040,962.73,0.960,0.970,1934.09,0.07,5,1934.09,12078.61,4293.96,0.0000325,0.0002183,-0.0005325
1790599441.0,1790599200,241.0,59.0,83261.49,chainlink,83299.64,twap60,83261.49,6.442,0.0873,0.030,0.040,439.68,0.960,0.970,386.83,0.07,5,386.83,5181.74,2991.68,0.0000032,0.0001867,-0.0003544
1790599455.0,1790599200,255.0,45.0,83261.21,chainlink,83299.64,twap60,83261.10,6.442,0.0199,,0.010,16077.12,0.990,,,0.07,5,,,18129.58,0.0000080,-0.0000936,-0.0003791
1790599470.0,1790599200,270.0,30.0,83271.41,chainlink,83299.64,twap60,83265.91,6.442,0.0012,,0.010,35348.56,0.990,,,0.07,5,,,38847.71,0.0000777,0.0001444,-0.0004641
1790599485.0,1790599200,285.0,15.0,83273.46,chainlink,83299.64,twap60,83268.09,6.442,0.0010,,0.010,65100.84,0.990,,,0.07,5,,,68850.78,0.0000387,0.0001470,-0.0004130
1790599515.1,1790599500,15.1,284.9,83345.65,chainlink,83272.54,twap60,,6.582,0.7611,0.850,0.860,213.11,0.140,0.150,1392.95,0.07,5,1392.95,3913.58,1880.11,0.0003648,0.0009688,0.0005620
1790599530.1,1790599500,30.1,269.9,83363.23,chainlink,83272.54,twap60,,6.582,0.8182,0.890,0.900,462.39,0.100,0.110,271.02,0.07,5,271.02,3881.10,3482.07,0.0001744,0.0011161,0.0009908
1790599545.1,1790599500,45.1,254.9,83384.61,chainlink,83272.54,twap60,,6.582,0.8773,0.930,0.940,888.48,0.060,0.070,274.89,0.07,5,274.89,3064.10,6801.91,0.0002623,0.0012692,0.0016025
1790599560.2,1790599500,60.2,239.8,83383.65,chainlink,83272.54,twap60,,6.582,0.8838,0.940,0.950,426.66,0.050,0.060,782.95,0.07,5,805.51,3672.50,6734.41,-0.0000057,0.0008206,0.0016631
1790599575.2,1790599500,75.2,224.8,83421.54,chainlink,83272.54,twap60,,6.582,0.9521,0.970,0.980,79.94,0.020,0.030,2688.44,0.07,5,2688.44,5274.22,3431.14,0.0004567,0.0008736,0.0018958
1790599590.2,1790599500,90.2,209.8,83440.10,chainlink,83272.54,twap60,,6.582,0.9746,0.980,0.990,1429.08,0.010,0.020,471.67,0.07,5,471.67,3761.15,1429.08,0.0001350,0.0009275,0.0020539
1790599605.2,1790599500,105.2,194.8,83438.53,chainlink,83272.54,twap60,,6.582,0.9787,0.980,0.990,1110.13,0.010,0.020,136.00,0.07,5,176.00,3060.79,1110.13,-0.0000079,0.0006523,0.0020340
1790599620.3,1790599500,120.3,179.7,83427.59,chainlink,83272.54,twap60,,6.582,0.9768,0.980,0.990,332.59,0.010,0.020,862.19,0.07,5,862.19,5203.30,332.59,-0.0000383,0.0005292,0.0019200
1790599635.3,1790599500,135.3,164.7,83389.79,chainlink,83272.54,twap60,,6.582,0.9447,0.980,0.990,2039.60,0.010,0.020,1146.00,0.07,5,1146.00,3298.41,2039.60,-0.0004314,-0.0004681,0.0015801
1790599650.3,1790599500,150.3,149.7,83377.13,chainlink,83272.54,twap60,,6.582,0.9354,0.970,0.980,146.00,0.020,0.030,539.75,0.07,5,539.75,2595.05,752.60,-0.0000929,-0.0007441,0.0013817
1790599665.3,1790599500,165.3,134.7,83387.88,chainlink,83272.54,twap60,,6.582,0.9641,0.979,0.980,55.68,0.020,0.021,133.00,0.07,5,133.00,2812.81,4095.27,0.0001605,-0.0005143,0.0017279
1790599680.3,1790599500,180.3,119.7,83377.06,chainlink,83272.54,twap60,,6.582,0.9624,0.969,0.970,60.00,0.030,0.031,137.79,0.07,5,137.79,3096.64,5066.00,-0.0001336,-0.0005841,0.0015739
1790599695.4,1790599500,195.4,104.6,83359.83,chainlink,83272.54,twap60,,6.582,0.9505,0.989,0.990,288.00,0.010,0.011,11.72,0.07,5,11.72,1115.10,2638.10,-0.0001896,-0.0003005,0.0010901
1790599710.4,1790599500,210.4,89.6,83405.78,chainlink,83272.54,twap60,,6.582,0.9980,0.994,0.999,1968.71,0.001,0.006,70.00,0.07,5,70.00,16603.44,1968.71,0.0005486,0.0003751,0.0017567
1790599725.4,1790599500,225.4,74.6,83416.00,chainlink,83272.54,twap60,,6.582,0.9990,0.999,,,,0.001,2096.80,0.07,5,2096.80,26603.36,,0.0001200,0.0003333,0.0018572
1790599740.4,1790599500,240.4,59.6,83389.80,chainlink,83272.54,twap60,83389.80,6.582,0.9990,0.999,,,,0.001,6322.80,0.07,5,6322.80,38108.33,,-0.0003248,0.0001699,0.0015512
1790599755.4,1790599500,255.4,44.6,83391.50,chainlink,83272.54,twap60,83398.23,6.582,0.9990,0.999,,,,0.001,5919.68,0.07,5,5919.68,47044.78,,-0.0000576,0.0003775,0.0015189
1790599770.5,1790599500,270.5,29.5,83386.79,chainlink,83272.54,twap60,83391.73,6.582,0.9990,0.999,,,,0.001,5999.68,0.07,5,5999.68,71245.59,,-0.0000020,-0.0002303,0.0013987
1790599785.5,1790599500,285.5,14.5,83384.47,chainlink,83272.54,twap60,83390.04,6.582,0.9990,0.999,,,,0.001,12670.29,0.07,5,12670.29,78923.24,,-0.0000928,-0.0003888,0.0012675
1790599815.5,1790599800,15.5,284.5,83378.02,chainlink,83388.84,twap60,,6.729,0.4591,0.570,0.580,135.00,0.420,0.430,1062.50,0.07,5,1062.50,5305.01,945.53,-0.0000592,-0.0001072,0.0003518
1790599830.5,1790599800,30.5,269.5,83406.73,chainlink,83388.84,twap60,,6.729,0.5697,0.570,0.580,1749.54,0.420,0.430,5.00,0.07,5,5.00,694.00,4035.94,0.0001513,0.0001742,0.0005276
1790599845.6,1790599800,45.6,254.4,83399.91,chainlink,83388.84,twap60,,6.729,0.5447,0.640,0.650,482.96,0.350,0.360,151.62,0.07,5,151.62,1423.62,1956.81,-0.0000962,0.0001857,0.0001893
1790599860.6,1790599800,60.6,239.4,83395.58,chainlink,83388.84,twap60,,6.729,0.5283,0.510,0.520,482.01,0.480,0.490,239.00,0.07,5,239.00,2893.09,2962.87,-0.0001052,0.0001514,0.0001454
1790599875.6,1790599800,75.6,224.4,83408.61,chainlink,83388.84,twap60,,6.729,0.5857,0.640,0.650,573.00,0.350,0.360,114.00,0.07,5,114.00,2712.08,2882.00,0.0001516,0.0001738,-0.0002424
1790599890.6,1790599800,90.6,209.4,83409.53,chainlink,83388.84,twap60,,6.729,0.5934,0.680,0.690,602.57,0.310,0.320,39.00,0.07,5,39.00,2117.09,3178.24,0.0000240,0.0000191,-0.0003556
1790599905.6,1790599800,105.6,194.4,83393.25,chainlink,83388.84,twap60,,6.729,0.5211,0.570,0.580,1127.22,0.420,0.430,10.00,0.07,5,17.37,825.91,3182.22,-0.0001947,-0.0001332,-0.0004499
1790599920.7,1790599800,120.7,179.3,83397.77,chainlink,83388.84,twap60,,6.729,0.5448,0.450,0.500,208.34,0.510,0.550,21.00,0.07,5,21.00,595.00,3974.40,0.0000301,0.0000216,-0.0003357
1790599935.7,1790599800,135.7,164.3,83428.89,chainlink,83388.84,twap60,,6.729,0.7033,0.750,0.760,600.39,0.240,0.250,155.00,0.07,5,155.00,966.21,3122.68,0.0003740,0.0002560,0.0005276
1790599950.7,1790599800,150.7,149.3,83445.42,chainlink,83388.84,twap60,,6.729,0.7894,0.920,0.940,230.00,0.060,0.070,33.00,0.07,5,88.00,2606.01,4631.71,0.0002344,0.0004307,0.0008503
1790599965.7,1790599800,165.7,134.3,83468.85,chainlink,83388.84,twap60,,6.729,0.8897,0.940,0.950,778.08,0.050,0.060,264.00,0.07,5,264.00,3043.04,5908.11,0.0002769,0.0008819,0.0009666
1790599980.8,1790599800,180.8,119.2,83460.76,chainlink,83388.84,twap60,,6.729,0.8851,0.920,0.930,939.07,0.070,0.080,688.57,0.07,5,688.57,1137.57,3984.64,-0.0001094,0.0007560,0.0010205
1790599995.8,1790599800,195.8,104.2,83443.37,chainlink,83388.84,twap60,,6.729,0.8441,0.850,0.860,1251.00,0.140,0.150,169.74,0.07,5,169.74,401.74,2483.65,-0.0001975,0.0002099,0.0009992
1790600010.8,1790599800,210.8,89.2,83441.72,chainlink,83388.84,twap60,,6.729,0.8687,0.970,0.980,720.91,0.020,0.030,1477.62,0.07,5,1477.62,3983.42,8948.31,0.0000634,-0.0000482,0.0004282
1790600025.8,1790599800,225.8,74.2,83484.35,chainlink,83388.84,twap60,,6.729,0.9924,0.990,,,,0.010,8733.58,0.07,5,8763.58,13486.39,,0.0005183,0.0001732,0.0008084
1790600040.8,1790599800,240.8,59.2,83510.42,chainlink,83388.84,twap60,83510.31,6.729,0.9990,0.990,,,,0.010,23772.86,0.07,5,23772.86,28115.27,,0.0003486,0.0006057,0.0013674
1790600055.9,1790599800,255.9,44.1,83505.65,chainlink,83388.84,twap60,83506.49,6.729,0.9990,0.990,,,,0.010,37565.90,0.07,5,37565.90,42173.12,,-0.0000558,0.0008293,0.0014223
1790600070.9,1790599800,270.9,29.1,83513.49,chainlink,83388.84,twap60,83505.60,6.729,0.9990,0.990,,,,0.010,47812.87,0.07,5,47812.87,51878.09,,0.0000960,0.0008673,0.0014533
1790600085.9,1790599800,285.9,14.1,83517.94,chainlink,83388.84,twap60,83509.71,6.729,0.9990,0.990,,,,0.010,67857.34,0.07,5,67857.34,71867.56,,0.0000119,0.0004386,0.0016000
1790600116.0,1790600100,16.0,284.0,83557.14,chainlink,83511.37,twap60,,6.826,0.6661,0.690,0.700,505.94,0.300,0.310,5.00,0.07,5,5.00,463.60,1354.66,0.0001802,0.0006185,0.0019529
1790600131.0,1790600100,31.0,269.0,83603.71,chainlink,83511.37,twap60,,6.826,0.8143,0.740,0.760,1292.02,0.240,0.260,229.00,0.07,5,229.00,2200.49,3628.76,0.0005387,0.0010384,0.0023444
1790600145.0,1790600100,45.0,255.0,83562.29,chainlink,83511.37,twap60,,6.826,0.6945,0.550,0.560,10.01,0.430,0.440,309.00,0.07,5,672.95,3211.23,3239.27,-0.0004945,0.0005354,0.0018918
1790600160.0,1790600100,60.0,240.0,83506.85,chainlink,83511.37,twap60,,6.826,0.4813,0.480,0.490,1954.18,0.510,0.520,14.00,0.07,5,14.00,1137.20,3159.08,-0.0006637,-0.0004218,0.0013287
1790600175.0,1790600100,75.0,225.0,83504.11,chainlink,83511.37,twap60,,6.826,0.4688,0.390,0.400,1569.72,0.600,0.620,188.00,0.07,5,5.00,1300.00,2500.98,-0.0000891,-0.0006534,0.0011572
1790600190.1,1790600100,90.1,209.9,83514.69,chainlink,83511.37,twap60,,6.826,0.5149,0.450,0.460,86.93,0.540,0.550,217.38,0.07,5,217.38,2197.38,1205.75,0.0002008,-0.0010643,0.0012605
1790600205.1,1790600100,105.1,194.9,83517.62,chainlink,83511.37,twap60,,6.826,0.5293,0.490,0.500,125.00,0.500,0.510,10.00,0.07,5,10.00,10.00,3336.26,0.0000978,-0.0005347,0.0014661
1790600220.1,1790600100,120.1,179.9,83516.42,chainlink,83511.37,twap60,,6.826,0.5249,0.480,0.490,340.00,0.510,0.520,710.00,0.07,5,710.00,2679.00,2216.00,-0.0000092,0.0000583,0.0014227
1790600235.1,1790600100,135.1,164.9,83512.98,chainlink,83511.37,twap60,,6.826,0.5084,0.380,0.390,21.00,0.610,0.620,308.27,0.07,5,308.27,1536.73,601.20,-0.0000414,0.0001803,0.0010438
1790600250.2,1790600100,150.2,149.8,83508.61,chainlink,83511.37,twap60,,6.826,0.4846,0.460,0.470,452.57,0.530,0.540,107.00,0.07,5,107.00,1909.00,1231.58,0.0001531,-0.0000101,0.0007531
1790600265.2,1790600100,165.2,134.8,83550.15,chainlink,83511.37,twap60,,6.826,0.7202,0.850,0.870,1543.43,0.130,0.150,45.00,0.07,5,45.00,656.94,3175.36,0.0004995,0.0003945,0.0009610
1790600280.2,1790600100,180.2,119.8,83586.90,chainlink,83511.37,twap60,,6.826,0.8923,0.850,0.860,1080.54,0.140,0.150,5.00,0.07,5,5.00,256.95,2983.19,0.0002712,0.0008433,0.0015212
1790600295.2,1790600100,195.2,104.8,83564.82,chainlink,83511.37,twap60,,6.826,0.8347,0.850,0.860,392.48,0.140,0.150,197.00,0.07,5,197.00,857.00,1920.95,-0.0001569,0.0008261,0.0015377
1790600310.3,1790600100,210.3,89.7,83570.04,chainlink,83511.37,twap60,,6.826,0.8885,0.940,0.950,50.00,0.050,0.060,837.24,0.07,5,832.24,2275.23,4253.28,0.0001393,0.0007376,0.0015442
1790600325.3,1790600100,225.3,74.7,83573.43,chainlink,83511.37,twap60,,6.826,0.9386,0.970,0.980,652.63,0.020,0.030,208.30,0.07,5,208.30,1530.05,10030.20,0.0000405,0.0001099,0.0011028
1790600340.3,1790600100,240.3,59.7,83567.13,chainlink,83511.37,twap60,83567.31,6.826,0.9672,0.990,,,,0.010,6497.20,0.07,5,6497.20,7979.00,,-0.0000447,-0.0001293,0.0006802
1790600355.3,1790600100,255.3,44.7,83543.05,chainlink,83511.37,twap60,83556.22,6.826,0.9630,0.990,,,,0.010,1898.35,0.07,5,1898.35,3388.13,,-0.0002834,-0.0001838,0.0004500
1790600370.4,1790600100,270.4,29.6,83519.23,chainlink,83511.37,twap60,83541.69,6.826,0.9651,0.990,,,,0.010,9342.91,0.07,5,9342.91,10148.69,,-0.0002711,-0.0006082,0.0000274
1790600385.4,1790600100,285.4,14.6,83529.10,chainlink,83511.37,twap60,83538.56,6.826,0.9990,0.990,,,,0.010,55614.51,0.07,5,55614.51,56873.08,,-0.0000133,-0.0005000,0.0001380
1790600415.4,1790600400,15.4,284.6,83453.19,chainlink,83538.00,twap60,,6.867,0.2149,0.180,0.190,233.82,0.810,0.820,1074.81,0.07,5,1074.81,4585.38,2617.10,-0.0010817,-0.0010621,-0.0012633
1790600430.4,1790600400,30.4,269.6,83461.98,chainlink,83538.00,twap60,,6.867,0.2325,0.230,0.240,762.66,0.760,0.770,50.00,0.07,5,50.00,2018.00,3862.70,0.0001179,-0.0008172,-0.0016957
1790600445.5,1790600400,45.5,254.5,83451.17,chainlink,83538.00,twap60,,6.867,0.1940,0.160,0.170,193.00,0.830,0.840,378.96,0.07,5,378.96,3487.77,2138.29,-0.0001643,-0.0009400,-0.0013307
1790600460.5,1790600400,60.5,239.5,83450.67,chainlink,83538.00,twap60,,6.867,0.1840,0.120,0.130,643.26,0.870,0.880,92.65,0.07,5,92.65,3227.02,3562.64,0.0000002,-0.0011120,-0.0007293
1790600475.5,1790600400,75.5,224.5,83451.19,chainlink,83538.00,twap60,,6.867,0.1760,0.090,0.100,20.00,0.900,0.910,903.83,0.07,5,903.83,4158.20,929.79,0.0000016,-0.0000113,-0.0005598
1790600490.5,1790600400,90.5,209.5,83446.30,coinbase,83538.00,twap60,,6.867,0.1525,0.090,0.100,255.64,0.900,0.910,171.00,0.07,5,171.00,2606.90,2439.25,-0.0000606,-0.0002932,-0.0007343
1790600505.5,1790600400,105.5,194.5,83415.79,coinbase,83538.00,twap60,,6.867,0.0761,0.050,0.060,79.00,0.940,0.950,2231.59,0.07,5,2231.59,7539.15,779.37,-0.0003657,-0.0004064,-0.0013014
1790600520.6,1790600400,120.6,179.4,83420.58,chainlink,83538.00,twap60,,6.867,0.0738,0.040,0.050,2229.12,0.950,0.960,383.22,0.07,5,383.22,13373.64,6716.35,,-0.0003654,-0.0011485
1790600535.6,1790600400,135.6,164.4,83416.14,chainlink,83538.00,twap60,,6.867,0.0558,0.020,0.030,2337.34,0.970,0.980,2383.27,0.07,5,2383.27,10809.25,6875.81,-0.0000518,-0.0004201,-0.0009548
1790600550.6,1790600400,150.6,149.4,83411.02,chainlink,83538.00,twap60,,6.867,0.0385,0.020,0.030,1447.46,0.970,0.980,1378.93,0.07,5,1378.93,9227.11,6029.04,-0.0000285,,-0.0011671
1790600565.6,1790600400,165.6,134.4,83416.36,chainlink,83538.00,twap60,,6.867,0.0341,0.020,0.030,1497.79,0.970,0.980,791.54,0.07,5,791.54,3625.06,7750.37,0.0000640,,-0.0017713
1790600580.7,1790600400,180.7,119.3,83404.26,chainlink,83538.00,twap60,,6.867,0.0144,,0.010,3725.89,0.990,,,0.07,5,,,10695.51,-0.0001406,-0.0001942,-0.0020802
1790600595.7,1790600400,195.7,104.3,83399.44,chainlink,83538.00,twap60,,6.867,0.0059,,0.010,4733.82,0.990,,,0.07,5,,,11665.48,-0.0000218,-0.0001673,-0.0019043
1790600610.7,1790600400,210.7,89.3,83401.08,chainlink,83538.00,twap60,,6.867,0.0023,,0.010,9343.81,0.990,,,0.07,5,,,16775.46,0.0000217,-0.0001191,-0.0020238
1790600625.7,1790600400,225.7,74.3,83386.74,chainlink,83538.00,twap60,,6.867,0.0010,,0.001,9822.00,0.999,,,0.07,5,,,34183.82,-0.0001726,-0.0003506,-0.0022057
1790600640.8,1790600400,240.8,59.2,83388.27,chainlink,83538.00,twap60,83388.27,6.867,0.0010,,0.001,10972.02,0.999,,,0.07,5,,,44121.61,0.0000876,-0.0001557,-0.0021378
1790600655.8,1790600400,255.8,44.2,83376.80,chainlink,83538.00,twap60,83379.69,6.867,0.0010,,0.001,11031.02,0.999,,,0.07,5,,,59533.49,-0.0001350,-0.0002696,-0.0019779
1790600670.8,1790600400,270.8,29.2,83376.04,chainlink,83538.00,twap60,83377.38,6.867,0.0010,,0.001,11101.02,0.999,,,0.07,5,,,83913.00,0.0000661,-0.0003009,-0.0018474
1790600685.8,1790600400,285.8,14.2,83378.27,chainlink,83538.00,twap60,83377.15,6.867,0.0010,,0.001,18864.50,0.999,,,0.07,5,,,91975.48,0.0000199,-0.0000324,-0.0018139
1790600715.9,1790600700,15.9,284.1,83368.97,chainlink,83377.66,twap60,,6.136,0.4639,0.410,0.420,51.19,0.580,0.590,753.77,0.07,5,753.77,2638.17,2256.19,0.0000099,-0.0000188,-0.0009971
1790600730.9,1790600700,30.9,269.1,83364.86,chainlink,83377.66,twap60,,6.136,0.4452,0.410,0.420,658.11,0.580,0.590,97.00,0.07,5,97.00,1006.20,3146.99,-0.0000374,-0.0001409,-0.0011991
1790600745.9,1790600700,45.9,254.1,83365.56,chainlink,83377.66,twap60,,6.136,0.4464,0.380,0.390,235.00,0.610,0.620,2158.25,0.07,5,2158.25,3659.99,1037.00,0.0000135,-0.0001370,-0.0010201
1790600760.9,1790600700,60.9,239.1,83361.99,chainlink,83377.66,twap60,,6.136,0.4282,0.360,0.370,210.00,0.630,0.640,527.00,0.07,5,527.00,4166.48,1234.00,-0.0000457,-0.0000738,-0.0010680
1790600776.0,1790600700,76.0,224.0,83340.99,chainlink,83377.66,twap60,,6.136,0.3298,0.280,0.290,55.82,0.710,0.720,679.87,0.07,5,609.87,3732.04,1373.46,-0.0002580,-0.0003237,-0.0013215
1790600791.0,1790600700,91.0,209.0,83358.60,chainlink,83377.66,twap60,,6.136,0.4056,0.310,0.320,212.88,0.680,0.690,412.17,0.07,5,412.17,3201.54,1052.88,0.0002059,-0.0000700,
1790600806.0,1790600700,106.0,194.0,83362.24,chainlink,83377.66,twap60,,6.136,0.4198,0.400,0.410,1419.85,0.590,0.600,45.00,0.07,5,45.00,492.11,3078.30,0.0000738,-0.0000427,
1790600820.0,1790600700,120.0,180.0,83355.93,chainlink,83377.66,twap60,,6.136,0.3824,0.260,0.270,1066.41,0.730,0.740,250.00,0.07,5,250.00,1217.72,4169.30,-0.0000637,-0.0000787,-0.0007738
1790600835.0,1790600700,135.0,165.0,83362.48,chainlink,83377.66,twap60,,6.136,0.4125,0.500,0.540,15.46,0.460,0.480,100.00,0.07,5,50.00,3584.90,502.51,0.0000965,0.0002525,-0.0006105
1790600850.1,1790600700,150.1,149.9,83373.01,chainlink,83377.66,twap60,,6.136,0.4712,0.400,0.410,586.66,0.590,0.600,4.33,0.07,5,4.33,1120.33,2937.74,0.0000242,0.0002030,-0.0004558
1790600865.1,1790600700,165.1,134.9,83375.88,chainlink,83377.66,twap60,,6.136,0.4881,0.420,0.430,234.37,0.570,0.580,113.27,0.07,5,113.27,2349.31,1447.37,0.0000451,0.0001755,-0.0004810
1790600880.1,1790600700,180.1,119.9,83375.26,chainlink,83377.66,twap60,,6.136,0.4825,0.370,0.380,306.30,0.620,0.630,81.48,0.07,5,81.48,1406.21,1001.97,-0.0000074,0.0002497,-0.0003118
1790600895.1,1790600700,195.1,104.9,83373.76,chainlink,83377.66,twap60,,6.136,0.4686,0.330,0.340,807.22,0.660,0.670,0.07,0.07,5,0.07,508.07,2779.06,-0.0000197,0.0000333,-0.0003059
1790600910.1,1790600700,210.1,89.9,83321.54,chainlink,83377.66,twap60,,6.136,0.0976,0.030,0.040,1098.00,0.960,0.970,728.15,0.07,5,708.15,7754.04,4513.21,-0.0005376,-0.0006068,-0.0009548
1790600925.2,1790600700,225.2,74.8,83313.58,chainlink,83377.66,twap60,,6.136,0.0384,,0.010,5697.85,0.990,,,0.07,5,,,9608.99,-0.0000594,-0.0007474,-0.0008085
1790600940.2,1790600700,240.2,59.8,83309.27,chainlink,83377.66,twap60,83310.97,6.136,0.0062,,0.010,10359.97,0.990,,,0.07,5,,,14582.36,-0.0000381,-0.0007935,-0.0009453
1790600955.2,1790600700,255.2,44.8,83311.41,chainlink,83377.66,twap60,83311.98,6.136,0.0010,,0.001,17250.37,0.999,,,0.07,5,,,62327.13,-0.0000183,-0.0006592,-0.0007094
1790600970.2,1790600700,270.2,29.8,83313.03,chainlink,83377.66,twap60,83311.90,6.136,0.0010,,0.001,17510.37,0.999,,,0.07,5,,,83541.35,0.0000279,-0.0000660,-0.0007629
1790600985.3,1790600700,285.3,14.7,83309.88,chainlink,83377.66,twap60,83312.11,6.136,0.0010,,0.001,25287.48,0.999,,,0.07,5,,,94996.28,-0.0000478,-0.0000308,-0.0008052
1790601015.3,1790601000,15.3,284.7,83314.47,chainlink,83311.62,twap60,,5.917,0.5123,0.500,0.510,27.97,0.490,0.500,571.65,0.07,5,571.65,5335.43,718.57,0.0000192,0.0000453,-0.0006419
1790601030.3,1790601000,30.3,269.7,83284.93,chainlink,83311.62,twap60,,5.917,0.3830,0.350,0.360,1406.64,0.640,0.650,263.44,0.07,5,263.44,2265.44,3407.00,-0.0003548,-0.0003473,-0.0009542
1790601045.3,1790601000,45.3,254.7,83282.99,chainlink,83311.62,twap60,,5.917,0.3706,0.290,0.300,85.00,0.700,0.710,904.19,0.07,5,904.19,3232.80,761.00,-0.0000279,-0.0003211,-0.0009937
1790601060.4,1790601000,60.4,239.6,83291.00,chainlink,83311.62,twap60,,5.917,0.4026,0.400,0.410,1578.00,0.590,0.600,42.21,0.07,5,42.21,670.21,3262.00,0.0001196,-0.0002626,-0.0008579
1790601075.4,1790601000,75.4,224.6,83326.68,chainlink,83311.62,twap60,,5.917,0.5743,0.690,0.700,2104.42,0.300,0.310,30.00,0.07,5,30.00,688.00,4658.90,0.0003909,0.0001464,-0.0001770
1790601090.4,1790601000,90.4,209.6,83326.76,chainlink,83311.62,twap60,,5.917,0.5779,0.510,0.520,1735.08,0.480,0.490,95.00,0.07,5,95.00,2184.32,3028.64,-0.0000259,0.0004975,-0.0003518
1790601105.4,1790601000,105.4,194.6,83331.31,chainlink,83311.62,twap60,,5.917,0.6055,0.690,0.700,1712.69,0.300,0.310,153.00,0.07,5,153.00,1806.44,3864.28,0.0000987,0.0006033,-0.0003592
1790601120.4,1790601000,120.4,179.6,83336.01,chainlink,83311.62,twap60,,5.917,0.6364,0.670,0.680,298.00,0.320,0.330,527.88,0.07,5,527.88,2857.72,1098.60,0.0000586,0.0005028,-0.0002212
1790601135.5,1790601000,135.5,164.5,83356.53,chainlink,83311.62,twap60,,5.917,0.7518,0.830,0.840,143.46,0.160,0.170,546.77,0.07,5,546.77,3436.91,2442.57,0.0002581,0.0003312,-0.0001735
1790601150.5,1790601000,150.5,149.5,83336.39,chainlink,83311.62,twap60,,5.917,0.6554,0.780,0.790,342.06,0.210,0.220,110.00,0.07,5,140.00,1844.00,2311.66,-0.0002370,0.0001597,-0.0004285
1790601165.5,1790601000,165.5,134.5,83341.00,chainlink,83311.62,twap60,,5.917,0.6953,0.660,0.670,74.53,0.330,0.340,442.44,0.07,5,442.44,2078.75,669.09,0.0000722,0.0001185,-0.0004184
1790601180.5,1790601000,180.5,119.5,83333.19,chainlink,83311.62,twap60,,5.917,0.6587,0.760,0.770,784.02,0.230,0.240,101.27,0.07,5,101.27,873.27,3464.31,-0.0000285,-0.0000219,-0.0005065
1790601195.5,1790601000,195.5,104.5,83339.85,chainlink,83311.62,twap60,,5.917,0.7238,0.830,0.840,273.00,0.160,0.170,265.16,0.07,5,265.16,2539.16,1749.25,0.0000799,-0.0001955,-0.0003179
1790601210.6,1790601000,210.6,89.4,83342.44,chainlink,83311.62,twap60,,5.917,0.7706,0.920,0.930,503.30,0.070,0.080,104.87,0.07,5,104.87,1067.42,3142.71,0.0000072,0.0000895,0.0002869
1790601225.6,1790601000,225.6,74.4,83344.78,chainlink,83311.62,twap60,,5.917,0.8303,0.940,0.950,42.13,0.050,0.060,543.31,0.07,5,543.31,2188.97,5833.83,-0.0000088,0.0001106,0.0003880
1790601240.6,1790601000,240.6,59.4,83344.73,chainlink,83311.62,twap60,83344.73,5.917,0.8980,0.980,0.990,1963.90,0.010,0.020,1701.19,0.07,5,1701.19,3264.24,1963.90,-0.0000006,0.0001385,0.0003815
1790601255.6,1790601000,255.6,44.4,83366.10,chainlink,83311.62,twap60,83356.33,5.917,0.9990,0.990,,,,0.010,40863.29,0.07,5,40863.29,44796.98,,0.0002684,0.0002911,0.0006648
1790601270.7,1790601000,270.7,29.3,83374.60,chainlink,83311.62,twap60,83365.21,5.917,0.9990,0.990,,,,0.010,51151.87,0.07,5,51151.87,53985.98,,0.0000926,0.0003490,0.0007288
1790601285.7,1790601000,285.7,14.3,83372.17,chainlink,83311.62,twap60,83367.52,5.917,0.9990,0.990,,,,0.010,72396.04,0.07,5,72396.04,75607.19,,-0.0000292,0.0003286,0.0007491
1790601315.7,1790601300,15.7,284.3,83377.50,chainlink,83367.67,twap60,,5.609,0.5446,0.600,0.610,390.00,0.390,0.400,20.60,0.07,5,20.60,1265.60,3486.74,-0.0000024,0.0001273,0.0007560
1790601330.7,1790601300,30.7,269.3,83378.47,chainlink,83367.67,twap60,,5.609,0.5506,0.580,0.590,639.82,0.420,0.440,214.00,0.07,5,12.00,477.05,2802.90,0.0000008,0.0000464,0.0011179
1790601345.8,1790601300,45.8,254.2,83377.18,chainlink,83367.67,twap60,,5.609,0.5461,0.600,0.610,781.85,0.390,0.400,467.82,0.07,5,467.82,1652.02,2631.72,-0.0000010,0.0000499,0.0011536
1790601360.8,1790601300,60.8,239.2,83379.37,chainlink,83367.67,twap60,,5.609,0.5587,0.650,0.660,521.63,0.340,0.350,666.89,0.07,5,666.89,1394.89,1792.73,0.0000263,0.0000200,0.0010230
1790601375.8,1790601300,75.8,224.2,83411.18,chainlink,83367.67,twap60,,5.609,0.7162,0.770,0.780,338.50,0.220,0.230,759.18,0.07,5,764.18,2539.29,2762.79,0.0003806,0.0003930,0.0009867
1790601390.8,1790601300,90.8,209.2,83408.05,chainlink,83367.67,twap60,,5.609,0.7100,0.760,0.770,161.34,0.230,0.240,1578.17,0.07,5,1578.17,4341.85,913.74,-0.0000376,0.0003692,0.0010192
1790601405.9,1790601300,105.9,194.1,83399.07,chainlink,83367.67,twap60,,5.609,0.6740,0.730,0.740,1228.91,0.260,0.270,455.83,0.07,5,296.83,840.83,2852.81,-0.0001072,0.0002627,0.0008150
1790601420.9,1790601300,120.9,179.1,83379.27,chainlink,83367.67,twap60,,5.609,0.5696,0.620,0.630,216.42,0.370,0.380,25.18,0.07,5,25.18,798.18,2614.64,-0.0002359,-0.0000020,0.0005310
1790601435.9,1790601300,135.9,164.1,83407.84,chainlink,83367.67,twap60,,5.609,0.7398,0.870,0.880,613.46,0.120,0.130,132.53,0.07,5,132.53,1098.66,3388.90,0.0003463,-0.0000400,0.0006200
1790601450.9,1790601300,150.9,149.1,83414.00,chainlink,83367.67,twap60,,5.609,0.7855,0.800,0.810,85.37,0.200,0.210,724.18,0.07,5,491.23,2723.14,2637.68,0.0000674,0.0000718,0.0009478
1790601465.9,1790601300,165.9,134.1,83374.92,chainlink,83367.67,twap60,,5.609,0.5530,0.640,0.650,435.20,0.350,0.360,80.00,0.07,5,80.00,762.46,1271.37,-0.0003332,-0.0002881,0.0004722
1790601481.0,1790601300,181.0,119.0,83377.31,chainlink,83367.67,twap60,,5.609,0.5766,0.600,0.610,270.56,0.390,0.400,15.00,0.07,5,15.00,340.00,652.56,0.0000057,-0.0000198,0.0005293
1790601496.0,1790601300,196.0,104.0,83335.63,chainlink,83367.67,twap60,,5.609,0.2376,0.350,0.430,156.93,0.590,0.620,73.53,0.07,5,1000.00,1010.00,752.40,-0.0004997,-0.0008726,-0.0000745
1790601510.0,1790601300,210.0,90.0,83370.58,chainlink,83367.67,twap60,,5.609,0.5293,0.570,0.580,357.79,0.420,0.430,77.00,0.07,5,97.00,465.08,637.79,0.0002591,-0.0003852,0.0003008
1790601525.0,1790601300,225.0,75.0,83372.73,chainlink,83367.67,twap60,,5.609,0.5606,0.520,0.530,47.26,0.470,0.480,1019.49,0.07,5,1019.49,1782.49,680.26,-0.0000350,-0.0000492,0.0003353
1790601540.0,1790601300,240.0,60.0,83344.67,chainlink,83367.67,twap60,83344.67,5.609,0.1792,0.100,0.110,239.24,0.890,0.900,64.50,0.07,5,64.50,1979.50,548.10,-0.0003454,-0.0003912,0.0000112
1790601555.1,1790601300,255.1,44.9,83336.63,chainlink,83367.67,twap60,83344.36,5.609,0.0367,,0.010,323.85,0.990,,,0.07,5,,,1338.72,-0.0001218,-0.0001482,-0.0003629
1790601570.1,1790601300,270.1,29.9,83349.09,chainlink,83367.67,twap60,83346.50,5.609,0.0122,,0.010,21294.26,0.990,,,0.07,5,,,22383.84,0.0000932,-0.0003185,-0.0003060
1790601585.1,1790601300,285.1,14.9,83349.42,chainlink,83367.67,twap60,83346.29,5.609,0.0010,,0.010,61159.80,0.990,,,0.07,5,,,62791.05,0.0000845,-0.0002884,-0.0002831
1790601615.2,1790601600,15.2,284.8,83369.24,chainlink,83347.29,twap60,,5.412,0.6023,0.640,0.650,1759.58,0.350,0.360,35.00,0.07,5,35.00,1078.03,3856.89,0.0000843,0.0003348,-0.0001100
1790601630.2,1790601600,30.2,269.8,83355.03,chainlink,83347.29,twap60,,5.412,0.5376,0.550,0.560,897.16,0.440,0.450,14.77,0.07,5,14.77,748.07,4863.14,-0.0001694,0.0001518,-0.0002666
1790601645.2,1790601600,45.2,254.8,83358.43,chainlink,83347.29,twap60,,5.412,0.5559,0.670,0.680,1633.99,0.320,0.330,11.00,0.07,5,11.00,946.00,4769.38,0.0000428,0.0001075,-0.0002248
1790601660.2,1790601600,60.2,239.8,83376.04,chainlink,83347.29,twap60,,5.412,0.6465,0.630,0.640,525.72,0.360,0.370,108.00,0.07,5,108.00,1326.46,1433.72,0.0001384,0.0001659,-0.0000407
1790601675.2,1790601600,75.2,224.8,83370.47,chainlink,83347.29,twap60,,5.412,0.6237,0.690,0.700,1557.36,0.300,0.310,90.00,0.07,5,90.00,1080.66,3924.36,-0.0000411,0.0000158,-0.0004882
1790601690.3,1790601600,90.3,209.7,83382.14,chainlink,83347.29,twap60,,5.412,0.6894,0.780,0.790,134.36,0.210,0.220,913.46,0.07,5,913.46,3159.91,1627.22,0.0001202,0.0003272,-0.0003103
1790601705.3,1790601600,105.3,194.7,83377.80,chainlink,83347.29,twap60,,5.412,0.6748,0.680,0.690,596.55,0.310,0.320,94.00,0.07,5,94.00,940.00,3636.77,-0.0000918,0.0001594,-0.0002536
1790601720.3,1790601600,120.3,179.7,83379.33,chainlink,83347.29,twap60,,5.412,0.6918,0.620,0.650,104.00,0.360,0.380,10.00,0.07,5,10.00,279.05,2226.36,0.0000190,0.0000652,0.0000044
1790601735.3,1790601600,135.3,164.7,83368.66,chainlink,83347.29,twap60,,5.412,0.6382,0.730,0.740,1571.25,0.260,0.270,10.00,0.07,5,10.00,159.75,4867.73,-0.0001168,-0.0000415,-0.0004763
1790601750.3,1790601600,150.3,149.7,83367.16,chainlink,83347.29,twap60,,5.412,0.6371,0.680,0.690,383.43,0.310,0.320,448.00,0.07,5,448.00,2743.29,2400.43,-0.0000168,-0.0002194,-0.0004263
1790601765.4,1790601600,165.4,134.6,83385.41,chainlink,83347.29,twap60,,5.412,0.7655,0.810,0.820,166.50,0.180,0.190,288.37,0.07,5,288.37,2876.42,1747.32,0.0002195,0.0000919,0.0001029
1790601780.4,1790601600,180.4,119.6,83386.19,chainlink,83347.29,twap60,,5.412,0.7898,0.810,0.820,178.36,0.180,0.190,433.00,0.07,5,433.00,1637.61,1487.32,0.0000143,0.0000935,0.0001069
1790601795.4,1790601600,195.4,104.6,83378.65,chainlink,83347.29,twap60,,5.412,0.7646,0.880,0.890,1514.28,0.110,0.120,80.00,0.07,5,80.00,1337.61,4297.92,-0.0000110,0.0001211,0.0003559
1790601810.4,1790601600,210.4,89.6,83382.83,chainlink,83347.29,twap60,,5.412,0.8246,0.950,0.960,769.81,0.040,0.050,394.31,0.07,5,388.00,2082.15,17811.11,0.0000503,0.0001885,0.0000862
1790601825.4,1790601600,225.4,74.6,83387.54,chainlink,83347.29,twap60,,5.412,0.8971,0.970,0.980,268.15,0.020,0.030,1214.71,0.07,5,1214.71,3408.58,3458.75,0.0000084,0.0000305,0.0001690
1790601840.5,1790601600,240.5,59.5,83388.50,chainlink,83347.29,twap60,83388.50,5.412,0.9575,0.990,,,,0.010,6394.81,0.07,5,6394.81,10602.67,,0.0000142,0.0001071,0.0005004
1790601855.5,1790601600,255.5,44.5,83384.19,chainlink,83347.29,twap60,83382.98,5.412,0.9910,0.990,,,,0.010,21664.11,0.07,5,21664.11,27965.97,,-0.0000499,0.0000667,0.0005142
1790601870.5,1790601600,270.5,29.5,83388.61,chainlink,83347.29,twap60,83386.09,5.412,0.9990,0.990,,,,0.010,47057.43,0.07,5,47057.43,53026.33,,0.0000438,0.0000212,0.0005546
1790601885.5,1790601600,285.5,14.5,83388.84,chainlink,83347.29,twap60,83386.94,5.412,0.9990,0.990,,,,0.010,68090.21,0.07,5,68090.21,74050.15,,0.0000142,0.0000183,0.0004722
1790601915.6,1790601900,15.6,284.4,83383.71,chainlink,83386.55,twap60,,4.614,0.4843,0.550,0.560,40.00,0.440,0.450,1515.89,0.07,5,1515.89,3148.11,1050.11,0.0000327,-0.0000150,0.0001746
1790601930.6,1790601900,30.6,269.4,83406.19,chainlink,83386.55,twap60,,4.614,0.6107,0.660,0.670,5.00,0.330,0.340,778.58,0.07,5,778.58,3434.34,2157.65,0.0002274,0.0002224,0.0006156
1790601945.6,1790601900,45.6,254.4,83412.21,chainlink,83386.55,twap60,,4.614,0.6480,0.690,0.700,131.49,0.300,0.310,752.72,0.07,5,752.72,2865.64,2771.04,0.0000777,0.0002835,0.0005721
1790601960.6,1790601900,60.6,239.4,83426.56,chainlink,83386.55,twap60,,4.614,0.7305,0.790,0.800,200.86,0.200,0.210,1020.51,0.07,5,1020.51,4478.32,2661.44,0.0001719,0.0005465,0.0006315
1790601975.7,1790601900,75.7,224.3,83469.76,chainlink,83386.55,twap60,,4.614,0.9080,0.910,0.920,12.50,0.080,0.090,508.58,0.07,5,424.00,3446.35,2710.86,0.0004954,0.0009893,0.0011705
1790601990.7,1790601900,90.7,209.3,83471.72,chainlink,83386.55,twap60,,4.614,0.9220,0.910,0.920,632.00,0.080,0.090,119.00,0.07,5,119.00,2377.16,4973.61,0.0000168,0.0007909,0.0010341
1790602005.7,1790601900,105.7,194.3,83471.53,chainlink,83386.55,twap60,,4.614,0.9309,0.920,0.930,936.09,0.070,0.080,353.87,0.07,5,353.87,3152.04,4669.75,-0.0000044,0.0007107,0.0011241
1790602020.7,1790601900,120.7,179.3,83464.84,chainlink,83386.55,twap60,,4.614,0.9248,0.930,0.940,2092.56,0.060,0.070,143.85,0.07,5,143.85,1918.28,6262.87,-0.0000721,0.0004364,0.0010362
1790602035.8,1790601900,135.8,164.2,83467.21,chainlink,83386.55,twap60,,4.614,0.9416,0.960,0.970,2070.90,0.030,0.040,282.44,0.07,5,282.44,3508.03,13769.74,0.0000303,-0.0000372,0.0011826
1790602050.8,1790601900,150.8,149.2,83466.38,chainlink,83386.55,twap60,,4.614,0.9511,0.970,0.980,190.34,0.020,0.030,1416.41,0.07,5,1416.41,6264.12,3284.18,-0.0000075,-0.0000661,0.0011900
1790602065.8,1790601900,165.8,134.2,83488.19,chainlink,83386.55,twap60,,4.614,0.9884,0.990,,,,0.010,5414.53,0.07,5,5414.53,7421.50,,0.0002603,0.0002076,0.0012367
1790602080.8,1790601900,180.8,119.2,83488.13,chainlink,83386.55,twap60,,4.614,0.9933,0.990,,,,0.010,8202.42,0.07,5,8042.42,11582.31,,-0.0000051,0.0002809,0.0013011
1790602095.9,1790601900,195.9,104.1,83494.01,chainlink,83386.55,twap60,,4.614,0.9982,0.990,,,,0.010,13200.01,0.07,5,13200.01,18359.20,,0.0000766,0.0003234,0.0013827
1790602110.9,1790601900,210.9,89.1,83491.89,chainlink,83386.55,twap60,,4.614,0.9990,0.990,,,,0.010,20821.85,0.07,5,20821.85,27217.14,,-0.0000253,0.0003047,0.0012590
1790602125.9,1790601900,225.9,74.1,83497.55,chainlink,83386.55,twap60,,4.614,0.9990,0.990,,,,0.010,21234.46,0.07,5,21234.46,27720.21,,0.0000678,0.0001078,0.0013211
1790602140.9,1790601900,240.9,59.1,83497.82,chainlink,83386.55,twap60,83497.82,4.614,0.9990,0.990,,,,0.010,29862.64,0.07,5,29862.64,35969.37,,0.0000130,0.0001223,0.0013118
1790602155.9,1790601900,255.9,44.1,83514.87,chainlink,83386.55,twap60,83508.94,4.614,0.9990,0.990,,,,0.010,45326.98,0.07,5,45326.98,51556.73,,0.0001758,0.0002499,0.0015568
1790602171.0,1790601900,271.0,29.0,83511.27,chainlink,83386.55,twap60,83510.84,4.614,0.9990,0.990,,,,0.010,56817.68,0.07,5,56817.68,61644.07,,-0.0000431,0.0002321,0.0014814
1790602186.0,1790601900,286.0,14.0,83524.85,chainlink,83386.55,twap60,83513.52,4.614,0.9990,0.999,,,,0.001,29797.21,0.07,5,29797.21,109824.45,,0.0001642,0.0003367,0.0016330
1790602215.0,1790602200,15.0,285.0,83547.09,chainlink,83515.24,twap60,,4.486,0.6749,0.690,0.710,471.15,0.290,0.300,10.00,0.07,5,198.47,877.58,1297.12,0.0001870,0.0003857,0.0019152
1790602230.1,1790602200,30.1,269.9,83624.71,chainlink,83515.24,twap60,,4.486,0.9462,0.840,0.850,2211.71,0.150,0.160,478.75,0.07,5,478.75,1335.75,3990.60,0.0009423,0.0013591,0.0026221
1790602245.1,1790602200,45.1,254.9,83669.63,chainlink,83515.24,twap60,,4.486,0.9906,0.800,0.810,488.99,0.190,0.200,297.40,0.07,5,302.40,1228.40,3250.60,0.0004816,0.0017325,0.0030812
1790602260.1,1790602200,60.1,239.9,83516.85,chainlink,83515.24,twap60,,4.486,0.5101,0.350,0.360,397.59,0.640,0.650,83.25,0.07,5,83.25,571.68,1317.59,-0.0015388,-0.0001751,0.0010593
1790602275.2,1790602200,75.2,224.8,83481.03,chainlink,83515.24,twap60,,4.486,0.2874,0.420,0.490,1567.67,0.510,0.580,4.00,0.07,5,4.00,1024.40,4160.55,-0.0002031,-0.0007774,0.0001283
1790602290.2,1790602200,90.2,209.8,83522.98,chainlink,83515.24,twap60,,4.486,0.5526,0.480,0.490,1630.00,0.510,0.520,35.00,0.07,5,35.00,91.65,2855.81,0.0002346,-0.0012727,0.0006117
1790602305.2,1790602200,105.2,194.8,83493.51,chainlink,83515.24,twap60,,4.486,0.3485,0.440,0.450,733.00,0.550,0.560,131.68,0.07,5,131.68,1482.32,3283.22,-0.0002859,-0.0018183,0.0002713
1790602320.2,1790602200,120.2,179.8,83456.09,chainlink,83515.24,twap60,,4.486,0.1323,0.290,0.300,1229.45,0.700,0.710,11.47,0.07,5,11.47,2220.08,3269.35,-0.0006168,-0.0005019,-0.0001030
1790602335.2,1790602200,135.2,164.8,83407.34,chainlink,83515.24,twap60,,4.486,0.0156,0.180,0.200,358.00,0.800,0.820,45.00,0.07,5,45.00,717.68,3788.86,-0.0005330,-0.0011508,-0.0007151
1790602350.3,1790602200,150.3,149.7,83422.80,chainlink,83515.24,twap60,,4.486,0.0246,0.200,0.210,302.99,0.790,0.800,234.00,0.07,5,234.00,2920.44,1684.29,0.0001339,-0.0011331,-0.0005231
1790602365.3,1790602200,165.3,134.7,83444.02,chainlink,83515.24,twap60,,4.486,0.0514,0.230,0.240,100.00,0.760,0.770,390.40,0.07,5,390.40,2026.70,1465.00,0.0002429,-0.0007613,-0.0005335
1790602380.3,1790602200,180.3,119.7,83450.96,chainlink,83515.24,twap60,,4.486,0.0542,0.100,0.110,45.00,0.890,0.900,827.60,0.07,5,827.60,3231.89,1130.00,0.0000062,-0.0000102,-0.0004391
1790602395.3,1790602200,195.3,104.7,83426.13,chainlink,83515.24,twap60,,4.486,0.0068,0.070,0.080,80.00,0.920,0.930,615.52,0.07,5,615.52,3859.31,2003.81,0.0000174,0.0001737,-0.0008132
1790602410.3,1790602200,210.3,89.7,83408.73,chainlink,83515.24,twap60,,4.486,0.0010,0.020,0.030,177.21,0.970,0.980,969.49,0.07,5,969.49,9242.24,2390.31,-0.0002068,-0.0001801,-0.0009965
1790602425.4,1790602200,225.4,74.6,83429.71,chainlink,83515.24,twap60,,4.486,0.0010,0.190,0.200,20.01,0.800,0.810,176.64,0.07,5,176.64,410.83,427.01,0.0002754,-0.0002485,-0.0008030
1790602440.4,1790602200,240.4,59.6,83494.79,chainlink,83515.24,twap60,83494.79,4.486,0.1517,0.090,0.100,328.02,0.900,0.910,601.34,0.07,5,39.34,1324.42,1911.87,0.0007781,0.0008400,-0.0000647
1790602455.4,1790602200,255.4,44.6,83475.17,chainlink,83515.24,twap60,83485.68,4.486,0.0018,,0.010,2238.55,0.990,,,0.07,5,,,2590.86,-0.0000681,0.0005895,-0.0004754
1790602470.4,1790602200,270.4,29.6,83497.25,chainlink,83515.24,twap60,83485.93,4.486,0.0010,,0.010,377.51,0.990,,,0.07,5,,,1929.17,0.0003389,0.0010846,-0.0001663
1790602485.4,1790602200,285.4,14.6,83553.55,chainlink,83515.24,twap60,83495.63,4.486,0.0103,0.400,0.420,10.00,0.580,0.600,53.32,0.07,5,53.32,4411.13,25.00,0.0006745,0.0014817,0.0003442
1790602515.5,1790602500,15.5,284.5,83578.15,chainlink,83511.51,twap60,,4.833,0.8111,0.690,0.700,5.00,0.300,0.310,1549.46,0.07,5,1708.10,4351.76,1102.60,0.0003824,0.0013074,0.0003854
1790602530.5,1790602500,30.5,269.5,83631.87,chainlink,83511.51,twap60,,4.833,0.9499,0.760,0.770,65.00,0.230,0.240,1297.85,0.07,5,1192.85,3589.94,1224.46,0.0006748,0.0016114,0.0000302
1790602545.5,1790602500,45.5,254.5,83563.06,chainlink,83511.51,twap60,,4.833,0.7668,0.480,0.490,141.05,0.510,0.520,220.19,0.07,5,320.19,2507.72,539.20,-0.0008193,0.0001180,-0.0009856
1790602560.5,1790602500,60.5,239.5,83438.68,chainlink,83511.51,twap60,,4.833,0.1430,0.270,0.280,483.79,0.720,0.730,20.00,0.07,5,20.00,1589.59,2221.94,-0.0015566,-0.0012878,-0.0007105
1790602575.6,1790602500,75.6,224.4,83451.81,chainlink,83511.51,twap60,,4.833,0.1815,0.270,0.280,50.00,0.720,0.730,856.61,0.07,5,881.61,4429.80,1222.00,0.0001664,-0.0014806,-0.0006179
1790602590.6,1790602500,90.6,209.4,83382.64,chainlink,83511.51,twap60,,4.833,0.0203,0.100,0.110,130.00,0.890,0.900,1457.57,0.07,5,1457.57,4556.72,2321.25,-0.0006858,-0.0029807,-0.0016147
1790602605.6,1790602500,105.6,194.4,83408.59,chainlink,83511.51,twap60,,4.833,0.0433,0.190,0.200,659.36,0.800,0.810,147.78,0.07,5,147.78,3317.43,3094.44,0.0005125,-0.0019172,-0.0011860
1790602620.6,1790602500,120.6,179.4,83437.86,chainlink,83511.51,twap60,,4.833,0.0984,0.220,0.230,766.28,0.770,0.780,15.00,0.07,5,15.00,2767.39,2830.43,0.0003003,-0.0000007,-0.0001672
1790602635.6,1790602500,135.6,164.4,83483.55,chainlink,83511.51,twap60,,4.833,0.3020,0.530,0.540,127.36,0.460,0.470,1647.89,0.07,5,1647.89,3499.59,1317.51,0.0005636,0.0005237,0.0008618
1790602650.7,1790602500,150.7,149.3,83541.58,chainlink,83511.51,twap60,,4.833,0.7241,0.700,0.710,537.34,0.290,0.300,202.56,0.07,5,202.56,1417.86,5185.35,0.0004284,0.0021056,0.0014114
1790602665.7,1790602500,165.7,134.3,83585.58,chainlink,83511.51,twap60,,4.833,0.9427,0.770,0.780,349.58,0.220,0.230,132.00,0.07,5,132.00,1620.40,4369.24,0.0005466,0.0020691,0.0016181
1790602680.7,1790602500,180.7,119.3,83558.91,chainlink,83511.51,twap60,,4.833,0.8646,0.540,0.560,58.00,0.440,0.460,26.00,0.07,5,176.00,1191.82,969.05,-0.0003439,0.0014659,0.0016077
1790602695.7,1790602500,195.7,104.3,83556.57,chainlink,83511.51,twap60,,4.833,0.8776,0.710,0.720,373.00,0.280,0.290,521.08,0.07,5,521.08,1390.07,2693.71,0.0004779,0.0006079,0.0015641
1790602710.7,1790602500,210.7,89.3,83585.10,chainlink,83511.51,twap60,,4.833,0.9850,0.760,0.770,112.80,0.230,0.240,111.00,0.07,5,94.00,1170.52,1795.83,0.0002923,0.0005409,0.0021362
1790602725.8,1790602500,225.8,74.2,83584.00,chainlink,83511.51,twap60,,4.833,0.9948,0.920,0.930,40.00,0.070,0.080,507.14,0.07,5,507.14,2796.71,2838.31,0.0001340,-0.0000437,0.0018460
1790602740.8,1790602500,240.8,59.2,83641.55,chainlink,83511.51,twap60,83641.55,4.833,0.9990,0.990,,,,0.010,21142.37,0.07,5,21142.37,23642.36,,0.0006169,0.0014944,0.0019230
1790602755.8,1790602500,255.8,44.2,83728.00,chainlink,83511.51,twap60,83707.71,4.833,0.9990,0.990,,,,0.010,48829.21,0.07,5,48829.21,51736.41,,0.0008928,0.0020004,0.0030987
1790602770.8,1790602500,270.8,29.2,83766.18,chainlink,83511.51,twap60,83728.29,4.833,0.9990,0.990,,,,0.010,47798.13,0.07,5,47798.13,50800.97,,0.0004141,0.0023113,0.0032161
1790602785.9,1790602500,285.9,14.1,83753.64,chainlink,83511.51,twap60,83740.50,4.833,0.9990,0.990,,,,0.010,65814.00,0.07,5,65814.00,68841.84,,-0.0001182,0.0019561,0.0023961
1790602815.9,1790602800,15.9,284.1,83666.86,chainlink,83738.95,twap60,,5.921,0.2179,0.290,0.300,542.74,0.700,0.710,40.00,0.07,5,40.00,2766.15,2802.74,-0.0004269,-0.0007722,0.0010931
1790602830.9,1790602800,30.9,269.1,83646.56,chainlink,83738.95,twap60,,5.921,0.1513,0.290,0.300,16.00,0.700,0.710,211.65,0.07,5,194.65,5653.07,735.00,-0.0001536,-0.0013975,0.0001795
1790602845.9,1790602800,45.9,254.1,83687.11,chainlink,83738.95,twap60,,5.921,0.2748,0.310,0.320,382.99,0.680,0.690,543.02,0.07,5,538.02,3705.68,2389.66,0.0004837,-0.0006944,0.0014164
1790602860.9,1790602800,60.9,239.1,83711.09,chainlink,83738.95,twap60,,5.921,0.3694,0.410,0.420,840.99,0.580,0.590,25.00,0.07,5,25.00,687.60,4959.28,0.0003446,0.0001015,0.0032686
1790602876.0,1790602800,76.0,224.0,83733.78,chainlink,83738.95,twap60,,5.921,0.4743,0.460,0.470,108.00,0.530,0.540,762.20,0.07,5,762.20,3907.27,2599.00,0.0002848,0.0008886,0.0035166
1790602891.0,1790602800,91.0,209.0,83753.82,chainlink,83738.95,twap60,,5.921,0.5766,0.590,0.600,131.00,0.400,0.410,402.59,0.07,5,402.59,1675.82,2397.10,0.0003206,0.0012805,0.0046430
1790602905.0,1790602800,105.0,195.0,83717.81,chainlink,83738.95,twap60,,5.921,0.3871,0.350,0.360,1724.80,0.640,0.650,544.51,0.07,5,89.79,1021.33,3896.96,-0.0004117,0.0004249,0.0036499
1790602920.0,1790602800,120.0,180.0,83679.97,chainlink,83738.95,twap60,,5.921,0.1999,0.330,0.340,537.00,0.660,0.670,85.00,0.07,5,85.00,2205.17,2944.81,-0.0002983,-0.0003581,0.0029136
1790602935.1,1790602800,135.1,164.9,83726.43,chainlink,83738.95,twap60,,5.921,0.4250,0.430,0.440,10.26,0.560,0.570,1659.39,0.07,5,1659.39,3448.39,835.62,0.0005139,-0.0000065,0.0026387
1790602950.1,1790602800,150.1,149.9,83732.87,chainlink,83738.95,twap60,,5.921,0.4610,0.500,0.510,10.00,0.490,0.500,1803.63,0.07,5,1803.63,4430.63,90.00,0.0000877,-0.0002318,0.0023073
1790602965.1,1790602800,165.1,134.9,83728.37,chainlink,83738.95,twap60,,5.921,0.4272,0.590,0.600,525.82,0.400,0.410,358.00,0.07,5,373.00,3015.12,2222.55,-0.0000975,0.0002799,0.0016821
1790602980.1,1790602800,180.1,119.9,83787.37,chainlink,83738.95,twap60,,5.921,0.8199,0.670,0.690,250.00,0.310,0.330,45.00,0.07,5,45.00,1269.00,4599.33,0.0004942,0.0012414,0.0032362
1790602995.1,1790602800,195.1,104.9,83723.23,chainlink,83738.95,twap60,,5.921,0.3709,0.450,0.470,203.40,0.530,0.550,45.00,0.07,5,45.00,2515.65,1331.60,-0.0007371,-0.0000275,0.0019435
1790603010.2,1790602800,210.2,89.8,83734.34,chainlink,83738.95,twap60,,5.921,0.4561,0.570,0.580,80.00,0.420,0.430,606.99,0.07,5,606.99,1605.50,2570.00,0.0001211,-0.0000261,0.0019312
1790603025.2,1790602800,225.2,74.8,83765.40,chainlink,83738.95,twap60,,5.921,0.7754,0.790,0.800,229.72,0.200,0.210,948.60,0.07,5,948.60,2511.00,692.72,0.0003161,0.0002320,0.0020965
1790603040.2,1790602800,240.2,59.8,83744.11,chainlink,83738.95,twap60,83744.11,5.921,0.5776,0.660,0.670,142.00,0.330,0.340,46.78,0.07,5,46.78,464.78,741.01,-0.0003020,-0.0004877,0.0010852
1790603055.2,1790602800,255.2,44.8,83718.60,chainlink,83738.95,twap60,83729.33,5.921,0.1509,0.160,0.170,125.66,0.830,0.840,196.88,0.07,5,196.88,728.06,1016.65,-0.0003318,-0.0000669,-0.0001541
1790603070.2,1790602800,270.2,29.8,83678.69,chainlink,83738.95,twap60,83715.01,5.921,0.0010,,0.010,15737.46,0.990,,,0.07,5,,,17106.58,-0.0004269,-0.0007195,-0.0010135
1790603085.2,1790602800,285.2,14.8,83703.89,chainlink,83738.95,twap60,83705.05,5.921,0.0010,,0.010,60453.78,0.990,,,0.07,5,,,61781.10,0.0005085,-0.0007824,-0.0004939
1790603115.3,1790603100,15.3,284.7,83715.36,chainlink,83703.19,twap60,,6.044,0.5512,0.510,0.520,18.88,0.480,0.490,533.66,0.07,5,533.66,3160.19,1240.85,0.0000260,0.0000112,0.0006686
1790603130.3,1790603100,30.3,269.7,83720.98,chainlink,83703.19,twap60,,6.044,0.5769,0.580,0.590,54.09,0.410,0.420,374.79,0.07,5,379.79,1783.42,1496.57,0.0003143,0.0007126,0.0008882
1790603145.3,1790603100,45.3,254.7,83741.63,chainlink,83703.19,twap60,,6.044,0.6678,0.560,0.570,618.56,0.430,0.440,105.60,0.07,5,105.60,1549.35,2715.98,0.0002679,0.0004821,0.0007094
1790603160.3,1790603100,60.3,239.7,83733.22,chainlink,83703.19,twap60,,6.044,0.6374,0.510,0.520,970.28,0.480,0.490,71.00,0.07,5,71.00,2441.60,4078.20,0.0000295,0.0002393,0.0002780
1790603175.4,1790603100,75.4,224.6,83678.31,chainlink,83703.19,twap60,,6.044,0.3810,0.420,0.430,345.98,0.570,0.580,307.46,0.07,5,307.46,2842.46,2289.66,-0.0005997,-0.0001954,-0.0005814
1790603190.4,1790603100,90.4,209.6,83672.24,chainlink,83703.19,twap60,,6.044,0.3471,0.380,0.390,157.88,0.610,0.620,533.48,0.07,5,533.48,3637.21,2012.65,-0.0000539,-0.0005611,-0.0009562
1790603205.4,1790603100,105.4,194.6,83719.13,chainlink,83703.19,twap60,,6.044,0.5840,0.570,0.580,178.00,0.420,0.430,252.18,0.07,5,252.18,3063.77,3206.38,0.0005646,-0.0001387,0.0001696
1790603220.4,1790603100,120.4,179.6,83750.89,chainlink,83703.19,twap60,,6.044,0.7479,0.610,0.620,330.00,0.380,0.390,680.74,0.07,5,680.74,3002.34,2786.28,0.0003233,0.0002673,0.0008060
1790603235.4,1790603100,135.4,164.6,83779.78,chainlink,83703.19,twap60,,6.044,0.8719,0.760,0.770,478.18,0.230,0.240,349.00,0.07,5,159.00,2556.70,3928.98,0.0003270,0.0012306,0.0006477
1790603250.5,1790603100,150.5,149.5,83746.82,chainlink,83703.19,twap60,,6.044,0.7548,0.430,0.440,49.60,0.560,0.570,28.43,0.07,5,28.43,282.43,1182.90,-0.0004770,0.0008952,0.0001228
1790603265.5,1790603100,165.5,134.5,83762.19,chainlink,83703.19,twap60,,6.044,0.8423,0.730,0.740,31.00,0.260,0.270,353.00,0.07,5,343.00,2073.00,467.00,0.0003691,0.0004582,0.0001937
1790603280.5,1790603100,180.5,119.5,83774.13,chainlink,83703.19,twap60,,6.044,0.9060,0.790,0.800,9.00,0.200,0.210,118.98,0.07,5,20.98,201.24,1123.00,0.0004434,0.0002596,-0.0001293
1790603295.5,1790603100,195.5,104.5,83762.50,chainlink,83703.19,twap60,,6.044,0.8891,0.710,0.720,200.00,0.280,0.290,118.79,0.07,5,118.79,1308.78,1081.77,-0.0000010,-0.0002897,0.0004574
1790603310.5,1790603100,210.5,89.5,83746.69,chainlink,83703.19,twap60,,6.044,0.8469,0.840,0.880,277.49,0.120,0.160,282.05,0.07,5,282.05,1305.04,2000.10,-0.0001989,0.0001840,0.0000927
1790603325.6,1790603100,225.6,74.4,83767.54,chainlink,83703.19,twap60,,6.044,0.9651,0.920,0.930,317.51,0.070,0.080,5.86,0.07,5,5.86,1231.72,5084.49,0.0002559,0.0003646,-0.0000223
1790603340.6,1790603100,240.6,59.4,83746.03,chainlink,83703.19,twap60,83746.03,6.044,0.9461,0.740,0.750,5.00,0.250,0.260,101.41,0.07,5,179.41,549.41,902.84,-0.0002747,-0.0001977,-0.0000042
1790603355.6,1790603100,255.6,44.4,83695.84,chainlink,83703.19,twap60,83708.63,6.044,0.4073,0.020,0.030,1165.86,0.970,0.980,1975.27,0.07,5,1975.27,3876.86,5695.87,-0.0004159,-0.0008063,-0.0002221
1790603370.6,1790603100,270.6,29.4,83649.29,chainlink,83703.19,twap60,83680.01,6.044,0.0010,,0.010,5672.41,0.990,,,0.07,5,,,6412.74,-0.0001546,-0.0011567,-0.0001440
1790603385.6,1790603100,285.6,14.4,83594.42,chainlink,83703.19,twap60,83656.69,6.044,0.0010,,0.010,60110.08,0.990,,,0.07,5,,,61363.20,-0.0006639,-0.0020867,-0.0012773
1790603415.7,1790603400,15.7,284.3,83573.33,chainlink,83647.44,twap60,,6.497,0.2328,0.300,0.310,1204.34,0.690,0.700,102.47,0.07,5,191.47,1863.60,3214.34,-0.0001420,-0.0010631,-0.0014508
1790603430.7,1790603400,30.7,269.3,83504.14,chainlink,83647.44,twap60,,6.497,0.0726,0.170,0.180,177.87,0.820,0.830,843.13,0.07,5,843.13,3388.39,1589.60,-0.0008971,-0.0017445,-0.0025721
1790603445.7,1790603400,45.7,254.3,83483.04,chainlink,83647.44,twap60,,6.497,0.0419,0.190,0.200,195.18,0.800,0.810,108.63,0.07,5,108.63,1211.60,682.99,-0.0002438,-0.0013193,-0.0029627
1790603460.7,1790603400,60.7,239.3,83511.44,chainlink,83647.44,twap60,,6.497,0.0690,0.200,0.210,546.00,0.790,0.800,50.00,0.07,5,50.00,602.22,2303.95,0.0001030,-0.0008828,-0.0025958
1790603475.8,1790603400,75.8,224.3,83464.22,chainlink,83647.44,twap60,,6.497,0.0189,0.120,0.130,65.00,0.870,0.880,2624.00,0.07,5,2624.00,4390.16,626.00,-0.0005573,-0.0013752,-0.0025431
1790603490.8,1790603400,90.8,209.2,83486.99,chainlink,83647.44,twap60,,6.497,0.0288,0.100,0.110,484.19,0.890,0.900,92.77,0.07,5,92.77,3335.36,2279.79,0.0002699,-0.0001966,-0.0022121
1790603505.8,1790603400,105.8,194.2,83460.01,chainlink,83647.44,twap60,,6.497,0.0101,0.070,0.080,4.87,0.920,0.930,395.37,0.07,5,400.37,4644.28,1829.87,-0.0002039,-0.0005130,-0.0031559
1790603520.8,1790603400,120.8,179.2,83474.86,chainlink,83647.44,twap60,,6.497,0.0122,0.050,0.060,104.00,0.940,0.950,1585.64,0.07,5,1585.64,6604.07,1483.75,0.0001213,-0.0004298,-0.0033193
1790603535.8,1790603400,135.8,164.2,83483.45,chainlink,83647.44,twap60,,6.497,0.0117,0.080,0.090,88.23,0.910,0.920,298.34,0.07,5,313.34,4012.11,1562.09,0.0001311,0.0002275,-0.0036268
1790603550.9,1790603400,150.9,149.1,83514.93,chainlink,83647.44,twap60,,6.497,0.0254,0.100,0.110,246.00,0.890,0.900,191.28,0.07,5,191.28,3331.57,1019.42,0.0003784,0.0004539,-0.0025872
1790603565.9,1790603400,165.9,134.1,83551.97,chainlink,83647.44,twap60,,6.497,0.0649,0.150,0.160,30.00,0.840,0.850,200.00,0.07,5,195.00,4430.03,579.46,0.0004365,0.0010446,-0.0022121
1790603580.9,1790603400,180.9,119.1,83546.49,chainlink,83647.44,twap60,,6.497,0.0403,0.100,0.110,189.55,0.890,0.900,58.46,0.07,5,58.46,3530.52,1912.77,-0.0000652,0.0008860,-0.0025832
1790603595.9,1790603400,195.9,104.1,83613.37,chainlink,83647.44,twap60,,6.497,0.2562,0.350,0.360,70.00,0.640,0.650,187.20,0.07,5,187.20,2789.76,324.37,0.0008028,0.0015564,-0.0017920
1790603610.9,1790603400,210.9,89.1,83625.79,chainlink,83647.44,twap60,,6.497,0.3171,0.390,0.410,85.00,0.590,0.610,267.69,0.07,5,267.69,507.69,1079.67,0.0000889,0.0013196,-0.0014376
1790603626.0,1790603400,226.0,74.0,83658.50,chainlink,83647.44,twap60,,6.497,0.6148,0.310,0.350,22.50,0.650,0.690,118.00,0.07,5,173.00,637.33,232.87,0.0003873,0.0012746,-0.0013204
1790603641.0,1790603400,241.0,59.0,83653.13,chainlink,83647.44,twap60,83652.65,6.497,0.5794,0.730,0.740,60.00,0.260,0.270,21.00,0.07,5,21.00,41.00,678.00,-0.0000060,0.0012782,-0.0009263
1790603656.0,1790603400,256.0,44.0,83674.23,chainlink,83647.44,twap60,83663.04,6.497,0.9039,0.950,0.960,67.69,0.040,0.050,26.00,0.07,5,26.00,66.00,4260.01,0.0002579,0.0006679,0.0001435
1790603670.0,1790603400,270.0,30.0,83662.63,chainlink,83647.44,twap60,83666.94,6.497,0.9544,0.990,,,,0.010,1209.87,0.07,5,1209.87,3023.94,,-0.0001651,0.0004367,0.0001518
1790603685.0,1790603400,285.0,15.0,83723.66,chainlink,83647.44,twap60,83679.51,6.497,0.9990,0.990,,,,0.010,34988.66,0.07,5,34988.66,37256.80,,0.0006210,0.0008367,0.0015588
1790603715.1,1790603700,15.1,284.9,83738.87,chainlink,83690.71,twap60,,6.968,0.6706,0.680,0.690,1840.72,0.310,0.320,225.19,0.07,5,225.19,924.19,5602.42,-0.0000568,0.0007458,0.0019101
1790603730.1,1790603700,30.1,269.9,83727.99,chainlink,83690.71,twap60,,6.968,0.6379,0.710,0.720,224.01,0.280,0.290,271.13,0.07,5,271.13,1284.96,2597.88,-0.0001958,0.0006727,0.0026859
1790603745.1,1790603700,45.1,254.9,83717.36,chainlink,83690.71,twap60,,6.968,0.6029,0.570,0.580,279.23,0.420,0.430,1333.42,0.07,5,1333.59,2847.30,2307.43,-0.0005441,-0.0000300,0.0025657
1790603760.1,1790603700,60.1,239.9,83687.32,chainlink,83690.71,twap60,,6.968,0.4863,0.410,0.420,43.25,0.580,0.590,42.00,0.07,5,42.00,822.39,3258.34,-0.0003929,-0.0006725,0.0021122
1790603775.1,1790603700,75.1,224.9,83640.49,chainlink,83690.71,twap60,,6.968,0.2981,0.280,0.290,670.15,0.710,0.720,498.86,0.07,5,498.86,1659.97,4363.64,-0.0005368,-0.0012413,0.0021069
1790603790.1,1790603700,90.1,209.9,83634.39,chainlink,83690.71,twap60,,6.968,0.2676,0.210,0.220,291.20,0.780,0.790,543.00,0.07,5,543.00,4222.93,2235.59,-0.0000336,-0.0015357,0.0018832
1790603805.1,1790603700,105.1,194.9,83627.05,chainlink,83690.71,twap60,,6.968,0.2314,0.230,0.240,831.00,0.760,0.770,14.00,0.07,5,14.00,1867.02,3177.70,0.0002060,-0.0011134,0.0019428
1790603820.1,1790603700,120.1,179.9,83618.70,chainlink,83690.71,twap60,,6.968,0.1911,0.270,0.290,149.00,0.710,0.730,67.29,0.07,5,67.29,2597.84,3386.75,-0.0000709,-0.0007973,0.0017499
1790603835.1,1790603700,135.1,164.9,83652.48,chainlink,83690.71,twap60,,6.968,0.3117,0.250,0.260,50.00,0.740,0.750,1682.40,0.07,5,1682.40,3838.27,1496.00,0.0002080,0.0001827,0.0020239
1790603850.1,1790603700,150.1,149.9,83653.82,chainlink,83690.71,twap60,,6.968,0.3067,0.270,0.280,801.52,0.720,0.730,98.13,0.07,5,98.13,1515.75,3081.72,0.0000722,0.0005261,0.0016547
1790603865.2,1790603700,165.2,134.8,83636.63,chainlink,83690.71,twap60,,6.968,0.2127,0.210,0.220,1596.97,0.780,0.790,15.00,0.07,5,15.00,2141.81,3917.08,-0.0001997,0.0001434,0.0010131
1790603880.2,1790603700,180.2,119.8,83638.38,chainlink,83690.71,twap60,,6.968,0.2003,0.180,0.190,66.89,0.810,0.820,1116.61,0.07,5,1146.94,5143.49,832.09,0.0000299,0.0000395,0.0011018
1790603895.2,1790603700,195.2,104.8,83636.12,chainlink,83690.71,twap60,,6.968,0.1653,0.150,0.160,1060.30,0.840,0.850,10.00,0.07,5,10.00,1544.52,3453.34,-0.0000122,-0.0001393,0.0002124
1790603910.2,1790603700,210.2,89.8,83649.18,chainlink,83690.71,twap60,,6.968,0.1991,0.130,0.140,358.63,0.860,0.870,189.75,0.07,5,189.75,2747.96,1219.25,0.0001681,-0.0000496,0.0002758
1790603925.2,1790603700,225.2,74.8,83610.42,chainlink,83690.71,twap60,,6.968,0.0254,0.020,0.030,732.92,0.970,0.980,872.92,0.07,5,872.92,8380.86,3022.62,-0.0004315,-0.0003044,-0.0005166
1790603940.2,1790603700,240.2,59.8,83611.42,chainlink,83690.71,twap60,83611.42,6.968,0.0052,,0.010,10152.47,0.990,,,0.07,5,,,13247.94,-0.0000061,-0.0003077,-0.0004930
1790603955.3,1790603700,255.3,44.7,83624.75,chainlink,83690.71,twap60,83612.64,6.968,0.0010,,0.010,27134.83,0.990,,,0.07,5,,,32759.75,0.0001598,-0.0001240,-0.0006180
1790603970.3,1790603700,270.3,29.7,83631.69,chainlink,83690.71,twap60,83624.07,6.968,0.0010,,0.010,72288.57,0.990,,,0.07,5,,,77810.83,0.0000635,-0.0001772,-0.0004780
1790603985.3,1790603700,285.3,14.7,83611.63,chainlink,83690.71,twap60,83623.89,6.968,0.0010,,0.001,28793.50,0.999,,,0.07,5,,,104206.65,-0.0002268,-0.0000034,-0.0012937
1790604015.4,1790604000,15.4,284.6,83561.51,chainlink,83622.47,twap60,,6.748,0.2818,0.310,0.320,104.00,0.680,0.690,1178.16,0.07,5,1178.16,4080.36,2486.27,-0.0007001,-0.0007759,-0.0021861
1790604030.4,1790604000,30.4,269.6,83532.91,chainlink,83622.47,twap60,,6.748,0.1905,0.290,0.300,189.00,0.700,0.710,816.13,0.07,5,816.13,2699.13,1431.22,-0.0003194,-0.0011689,-0.0027499
1790604045.4,1790604000,45.4,254.6,83514.67,chainlink,83622.47,twap60,,6.748,0.1377,0.160,0.170,1262.83,0.830,0.840,72.03,0.07,5,72.03,3502.42,3857.81,-0.0003286,-0.0012392,-0.0024581
1790604060.4,1790604000,60.4,239.6,83491.81,chainlink,83622.47,twap60,,6.748,0.0853,0.120,0.130,886.60,0.870,0.880,548.44,0.07,5,548.44,4148.56,3103.03,-0.0002412,-0.0015345,-0.0023160
1790604075.5,1790604000,75.5,224.5,83491.34,chainlink,83622.47,twap60,,6.748,0.0763,0.100,0.110,1290.32,0.890,0.900,47.90,0.07,5,47.90,5522.93,5880.83,0.0000007,-0.0008171,-0.0017454
1790604090.5,1790604000,90.5,209.5,83483.91,chainlink,83622.47,twap60,,6.748,0.0574,0.070,0.080,282.87,0.920,0.930,5216.29,0.07,5,5216.29,9460.96,3046.18,-0.0000670,-0.0006970,-0.0015070
1790604105.5,1790604000,105.5,194.5,83458.88,chainlink,83622.47,twap60,,6.748,0.0256,0.070,0.080,1366.00,0.920,0.930,3721.63,0.07,5,3736.63,5547.69,5370.22,-0.0001912,-0.0006357,-0.0019841
1790604120.5,1790604000,120.5,179.5,83419.29,chainlink,83622.47,twap60,,6.748,0.0054,0.030,0.040,2884.83,0.960,0.970,115.61,0.07,5,115.61,4076.68,7173.61,-0.0004675,-0.0008627,-0.0025834
1790604135.5,1790604000,135.5,164.5,83420.74,chainlink,83622.47,twap60,,6.748,0.0037,0.010,0.020,2018.73,0.980,0.990,2942.91,0.07,5,2942.91,2942.91,5192.14,0.0000042,-0.0008241,-0.0027179
1790604150.6,1790604000,150.6,149.4,83452.17,chainlink,83622.47,twap60,,6.748,0.0079,0.040,0.050,1062.63,0.950,0.960,145.58,0.07,5,145.58,7761.90,6407.53,0.0003540,-0.0002716,-0.0024076
1790604165.6,1790604000,165.6,134.4,83482.27,chainlink,83622.47,twap60,,6.748,0.0162,0.050,0.060,380.44,0.940,0.950,819.35,0.07,5,819.35,3456.85,3294.97,0.0002380,0.0002873,-0.0018383
1790604180.6,1790604000,180.6,119.4,83505.91,chainlink,83622.47,twap60,,6.748,0.0263,0.030,0.040,555.43,0.960,0.970,325.11,0.07,5,325.11,6721.43,2888.40,0.0002132,0.0010247,-0.0015704
1790604195.6,1790604000,195.6,104.4,83495.28,chainlink,83622.47,twap60,,6.748,0.0094,0.010,0.020,1201.47,0.980,0.990,2305.66,0.07,5,2305.66,2305.66,6650.32,0.0000187,0.0008704,-0.0016734
1790604210.7,1790604000,210.7,89.3,83440.86,chainlink,83622.47,twap60,,6.748,0.0010,,0.010,17258.57,0.990,,,0.07,5,,,22855.59,-0.0006357,-0.0002582,-0.0024616
1790604225.7,1790604000,225.7,74.3,83429.95,chainlink,83622.47,twap60,,6.748,0.0010,,0.010,27316.21,0.990,,,0.07,5,,,32732.23,-0.0000833,-0.0006968,-0.0021788
1790604240.7,1790604000,240.7,59.3,83430.64,chainlink,83622.47,twap60,83430.64,6.748,0.0010,,0.010,37180.42,0.990,,,0.07,5,,,41781.13,0.0000139,-0.0007557,-0.0021641
1790604255.7,1790604000,255.7,44.3,83404.19,chainlink,83622.47,twap60,83413.08,6.748,0.0010,,0.010,53648.18,0.990,,,0.07,5,,,58777.95,-0.0003211,-0.0010752,-0.0026604
1790604270.8,1790604000,270.8,29.2,83393.23,chainlink,83622.47,twap60,83402.63,6.748,0.0010,,0.010,84880.69,0.990,,,0.07,5,,,89171.85,-0.0001275,-0.0005235,-0.0028424
1790604285.8,1790604000,285.8,14.2,83393.12,chainlink,83622.47,twap60,83398.63,6.748,0.0010,,0.010,85227.73,0.990,,,0.07,5,,,89483.89,-0.0000025,-0.0004359,-0.0026957
1790604315.8,1790604300,15.8,284.2,83383.42,chainlink,83396.04,twap60,,7.431,0.4567,0.440,0.450,1574.17,0.550,0.560,101.00,0.07,5,101.00,1509.71,3696.49,0.0000513,-0.0002451,-0.0021106
1790604330.9,1790604300,30.9,269.1,83396.41,chainlink,83396.04,twap60,,7.431,0.5013,0.600,0.610,75.00,0.390,0.400,1789.91,0.07,5,1789.91,3638.92,2389.01,0.0002051,0.0000368,-0.0017457
1790604345.9,1790604300,45.9,254.1,83399.44,chainlink,83396.04,twap60,,7.431,0.5124,0.510,0.520,1741.07,0.480,0.490,10.00,0.07,5,45.00,414.62,3935.64,-0.0000048,0.0001055,-0.0013482
1790604360.9,1790604300,60.9,239.1,83358.04,chainlink,83396.04,twap60,,7.431,0.3585,0.370,0.380,475.27,0.620,0.630,29.72,0.07,5,29.72,821.47,2676.48,-0.0005703,-0.0002530,-0.0015972
1790604375.9,1790604300,75.9,224.1,83305.73,chainlink,83396.04,twap60,,7.431,0.1852,0.210,0.220,5.60,0.780,0.790,1855.01,0.07,5,1855.01,5276.70,227.88,-0.0005043,-0.0008829,-0.0022037
1790604391.0,1790604300,91.0,209.0,83348.76,chainlink,83396.04,twap60,,7.431,0.3123,0.390,0.400,466.04,0.600,0.610,222.00,0.07,5,222.00,1015.71,3594.04,0.0005416,-0.0006126,-0.0015116
1790604406.0,1790604300,106.0,194.0,83394.30,chainlink,83396.04,twap60,,7.431,0.4925,0.610,0.620,1899.05,0.380,0.390,251.56,0.07,5,233.00,1312.41,3372.12,0.0004748,-0.0001354,-0.0007670
1790604420.0,1790604300,120.0,180.0,83458.03,chainlink,83396.04,twap60,,7.431,0.7596,0.820,0.830,872.00,0.170,0.180,463.26,0.07,5,463.26,2088.49,3298.68,0.0007685,0.0013223,0.0004511
1790604435.0,1790604300,135.0,165.0,83493.14,chainlink,83396.04,twap60,,7.431,0.8788,0.870,0.880,65.00,0.120,0.130,326.33,0.07,5,326.33,2638.89,3543.08,0.0004062,0.0022724,0.0008448
1790604450.1,1790604300,150.1,149.9,83466.76,chainlink,83396.04,twap60,,7.431,0.8180,0.820,0.830,567.25,0.170,0.180,193.00,0.07,5,193.00,1513.56,3782.25,-0.0003343,0.0013433,0.0000522
1790604465.1,1790604300,165.1,134.9,83437.92,chainlink,83396.04,twap60,,7.431,0.7185,0.870,0.880,115.00,0.120,0.130,125.00,0.07,5,120.00,2491.63,3802.47,-0.0002962,0.0005276,-0.0006013
1790604480.1,1790604300,180.1,119.9,83494.07,chainlink,83396.04,twap60,,7.431,0.9300,0.950,0.960,958.95,0.040,0.050,1844.53,0.07,5,1844.53,4109.75,13957.26,0.0004053,0.0004174,0.0000042
1790604495.1,1790604300,195.1,104.9,83513.49,chainlink,83396.04,twap60,,7.431,0.9751,0.970,0.980,339.81,0.020,0.030,2290.17,0.07,5,2290.17,8903.75,8145.83,0.0001826,0.0002254,0.0002344
1790604510.1,1790604300,210.1,89.9,83524.12,chainlink,83396.04,twap60,,7.431,0.9927,0.990,,,,0.010,2716.86,0.07,5,2716.86,3473.75,,0.0000974,0.0007363,0.0010448
1790604525.2,1790604300,225.2,74.8,83496.38,chainlink,83396.04,twap60,,7.431,0.9889,0.990,,,,0.010,4848.78,0.07,5,4848.78,8925.70,,-0.0002220,0.0004330,0.0008015
1790604540.2,1790604300,240.2,59.8,83478.85,chainlink,83396.04,twap60,83478.85,7.431,0.9939,0.999,,,,0.001,6668.50,0.07,5,6668.50,22438.34,,-0.0002340,-0.0002323,0.0005737
1790604555.2,1790604300,255.2,44.8,83490.11,chainlink,83396.04,twap60,83484.37,7.431,0.9990,0.999,,,,0.001,6996.52,0.07,5,6996.52,46032.55,,0.0001737,-0.0003098,0.0010336
1790604570.2,1790604300,270.2,29.8,83476.28,chainlink,83396.04,twap60,83483.14,7.431,0.9990,0.999,,,,0.001,20245.56,0.07,5,20245.56,71958.08,,-0.0001973,-0.0004626,0.0009942
1790604585.3,1790604300,285.3,14.7,83441.89,chainlink,83396.04,twap60,83472.48,7.431,0.9990,0.999,,,,0.001,28480.16,0.07,5,28480.16,99702.48,,-0.0004129,-0.0006769,0.0006144
1790604615.3,1790604600,15.3,284.7,83445.30,chainlink,83464.78,twap60,,7.673,0.4355,0.380,0.400,909.61,0.610,0.620,140.53,0.07,5,140.53,1884.52,5842.49,0.0000084,-0.0005686,0.0007911
1790604630.3,1790604600,30.3,269.7,83440.05,chainlink,83464.78,twap60,,7.673,0.4158,0.440,0.450,1196.61,0.550,0.560,100.53,0.07,5,100.53,1204.49,5536.38,-0.0000251,-0.0004349,0.0004821
1790604645.4,1790604600,45.4,254.6,83443.71,chainlink,83464.78,twap60,,7.673,0.4257,0.320,0.330,748.29,0.670,0.680,406.62,0.07,5,406.62,2233.02,3305.18,-0.0000506,0.0001149,0.0004569
1790604660.4,1790604600,60.4,239.6,83417.92,chainlink,83464.78,twap60,,7.673,0.3328,0.280,0.290,198.00,0.710,0.720,1589.19,0.07,5,1589.19,5311.62,1703.55,-0.0001489,-0.0003198,0.0008416
1790604675.4,1790604600,75.4,224.6,83407.49,chainlink,83464.78,twap60,,7.673,0.2913,0.240,0.250,288.71,0.750,0.760,1064.39,0.07,5,1064.39,3588.85,1970.90,-0.0001111,-0.0004154,0.0012460
1790604690.4,1790604600,90.4,209.6,83424.61,chainlink,83464.78,twap60,,7.673,0.3438,0.430,0.450,29.63,0.550,0.570,668.29,0.07,5,618.29,1617.04,361.63,0.0002832,-0.0002796,0.0008382
1790604705.5,1790604600,105.5,194.5,83476.27,chainlink,83464.78,twap60,,7.673,0.5479,0.570,0.580,885.18,0.420,0.430,187.00,0.07,5,187.00,1812.43,4449.50,0.0005726,0.0005503,0.0009870
1790604720.5,1790604600,120.5,179.5,83498.55,chainlink,83464.78,twap60,,7.673,0.6453,0.630,0.640,1747.16,0.360,0.370,7.00,0.07,5,7.00,1369.90,3360.72,0.0002773,0.0009800,0.0004710
1790604735.5,1790604600,135.5,164.5,83480.91,chainlink,83464.78,twap60,,7.673,0.5747,0.630,0.640,39.40,0.370,0.380,458.12,0.07,5,1891.32,3309.31,863.09,-0.0000892,0.0009578,-0.0001648
1790604750.5,1790604600,150.5,149.5,83484.06,chainlink,83464.78,twap60,,7.673,0.5949,0.740,0.750,77.97,0.250,0.260,263.18,0.07,5,263.18,516.48,578.71,0.0000701,0.0006659,0.0002566
1790604765.5,1790604600,165.5,134.5,83514.04,chainlink,83464.78,twap60,,7.673,0.7456,0.800,0.810,888.89,0.190,0.200,10.00,0.07,5,10.00,1550.38,2938.98,0.0004101,0.0004628,0.0006444
1790604780.6,1790604600,180.6,119.4,83518.19,chainlink,83464.78,twap60,,7.673,0.7826,0.770,0.790,614.18,0.210,0.230,5.00,0.07,5,5.00,697.00,3612.76,0.0000324,0.0003572,0.0002389
1790604795.6,1790604600,195.6,104.4,83484.17,chainlink,83464.78,twap60,,7.673,0.6236,0.760,0.770,77.00,0.230,0.240,875.58,0.07,5,875.58,2344.58,1158.00,-0.0003227,0.0000714,-0.0003810
1790604810.6,1790604600,210.6,89.4,83485.13,chainlink,83464.78,twap60,,7.673,0.6471,0.690,0.700,293.58,0.300,0.310,168.83,0.07,5,168.83,596.83,910.14,0.0000089,0.0000639,-0.0003567
1790604825.7,1790604600,225.7,74.3,83445.82,chainlink,83464.78,twap60,,7.673,0.3366,0.200,0.210,374.60,0.790,0.800,48.20,0.07,5,48.20,1222.20,1470.65,-0.0004637,-0.0008346,-0.0006298
1790604840.7,1790604600,240.7,59.3,83450.24,chainlink,83464.78,twap60,83450.24,7.673,0.3333,0.220,0.230,37.82,0.770,0.780,196.27,0.07,5,196.27,1410.44,466.82,0.0000705,-0.0007291,-0.0003039
1790604855.7,1790604600,255.7,44.3,83406.34,chainlink,83464.78,twap60,83424.71,7.673,0.0069,,0.010,14405.24,0.990,,,0.07,5,,,19386.67,-0.0005241,-0.0009353,-0.0010356
1790604870.7,1790604600,270.7,29.3,83371.96,chainlink,83464.78,twap60,83408.57,7.673,0.0010,,0.010,81927.50,0.990,,,0.07,5,,,86590.03,-0.0003979,-0.0013491,-0.0012513
1790604885.7,1790604600,285.7,14.3,83382.91,chainlink,83464.78,twap60,83394.98,7.673,0.0010,,0.010,82395.26,0.990,,,0.07,5,,,87082.89,0.0002801,-0.0007367,-0.0006140
1790604915.8,1790604900,15.8,284.2,83394.00,chainlink,83391.17,twap60,,7.890,0.5091,0.470,0.480,1568.33,0.520,0.530,64.00,0.07,5,40.00,1080.22,5394.87,0.0002141,-0.0001336,-0.0005772
1790604930.8,1790604900,30.8,269.2,83361.42,chainlink,83391.17,twap60,,7.890,0.4017,0.400,0.410,10.00,0.590,0.600,1821.59,0.07,5,1781.59,5544.88,1062.94,-0.0004036,0.0000223,-0.0010373
1790604945.8,1790604900,45.8,254.2,83352.67,chainlink,83391.17,twap60,,7.890,0.3694,0.330,0.340,44.40,0.640,0.660,5.60,0.07,5,7.00,1647.65,2493.24,-0.0002139,-0.0003591,-0.0009315
1790604960.8,1790604900,60.8,239.2,83302.91,chainlink,83391.17,twap60,,7.890,0.2140,0.220,0.230,86.00,0.770,0.780,1113.18,0.07,5,1113.18,5870.59,1454.71,-0.0006001,-0.0008788,-0.0013658
1790604975.9,1790604900,75.9,224.1,83275.79,chainlink,83391.17,twap60,,7.890,0.1406,0.130,0.140,87.00,0.860,0.870,1554.93,0.07,5,1583.66,6484.86,1528.93,-0.0003186,-0.0014314,-0.0015023
1790604990.9,1790604900,90.9,209.1,83249.35,chainlink,83391.17,twap60,,7.890,0.0835,0.100,0.110,387.28,0.890,0.900,665.51,0.07,5,645.51,4716.32,2433.83,-0.0003216,-0.0014542,-0.0021494
1790605005.9,1790604900,105.9,194.1,83272.52,chainlink,83391.17,twap60,,7.890,0.1129,0.090,0.100,1032.86,0.900,0.910,45.00,0.07,5,25.00,3741.89,2941.23,0.0002781,-0.0009649,-0.0024333
1790605020.9,1790604900,120.9,179.1,83326.55,chainlink,83391.17,twap60,,7.890,0.2437,0.270,0.280,625.80,0.720,0.730,192.63,0.07,5,192.63,3045.32,2408.66,0.0007839,0.0002909,-0.0019400
1790605035.9,1790604900,135.9,164.1,83347.40,chainlink,83391.17,twap60,,7.890,0.3092,0.430,0.440,60.02,0.560,0.570,1633.37,0.07,5,1633.37,3698.58,369.98,0.0002539,0.0008556,-0.0015681
1790605051.0,1790604900,151.0,149.0,83406.05,chainlink,83391.17,twap60,,7.890,0.5717,0.710,0.720,1906.00,0.300,0.310,186.66,0.07,5,35.00,437.00,5409.84,0.0005021,0.0018803,-0.0008837
1790605066.0,1790604900,166.0,134.0,83386.79,chainlink,83391.17,twap60,,7.890,0.4771,0.410,0.420,129.42,0.580,0.590,895.70,0.07,5,895.70,4465.09,1536.42,-0.0003075,0.0015065,-0.0015422
1790605080.0,1790604900,180.0,120.0,83383.40,chainlink,83391.17,twap60,,7.890,0.4561,0.270,0.280,124.96,0.720,0.730,687.00,0.07,5,687.00,3381.76,1619.00,0.0000572,0.0006857,-0.0015305
1790605095.0,1790604900,195.0,105.0,83308.00,chainlink,83391.17,twap60,,7.890,0.0955,0.070,0.080,1371.11,0.920,0.930,96.25,0.07,5,96.25,4050.16,3738.35,-0.0006787,-0.0006741,-0.0021149
1790605110.0,1790604900,210.0,90.0,83306.94,chainlink,83391.17,twap60,,7.890,0.0655,0.060,0.070,460.85,0.930,0.940,1411.80,0.07,5,1411.80,5788.58,2062.78,-0.0000217,-0.0012655,-0.0021293
1790605125.1,1790604900,225.1,74.9,83277.56,chainlink,83391.17,twap60,,7.890,0.0074,,0.010,14644.59,0.990,,,0.07,5,,,17541.97,-0.0002522,-0.0012129,-0.0020010
1790605140.1,1790604900,240.1,59.9,83249.98,chainlink,83391.17,twap60,83249.98,7.890,0.0010,,0.010,29480.78,0.990,,,0.07,5,,,31631.19,-0.0001633,-0.0013754,-0.0024005
1790605155.1,1790604900,255.1,44.9,83275.97,chainlink,83391.17,twap60,83258.71,7.890,0.0010,,0.010,36675.71,0.990,,,0.07,5,,,38788.69,0.0003914,-0.0003935,-0.0015499
1790605170.1,1790604900,270.1,29.9,83280.50,chainlink,83391.17,twap60,83268.87,7.890,0.0010,,0.010,68628.62,0.990,,,0.07,5,,,72127.09,0.0000253,-0.0002169,-0.0009489
1790605185.1,1790604900,285.1,14.9,83363.66,chainlink,83391.17,twap60,83292.51,7.890,0.0010,,0.010,68816.77,0.990,,,0.07,5,,,72300.24,0.0008241,0.0012014,-0.0002272
1790605215.2,1790605200,15.2,284.8,83322.59,chainlink,83305.28,twap60,,8.449,0.5521,0.500,0.510,1844.14,0.490,0.500,49.16,0.07,5,49.16,1147.56,5203.14,-0.0004176,0.0005305,-0.0008696
1790605230.2,1790605200,30.2,269.8,83323.90,chainlink,83305.28,twap60,,8.449,0.5578,0.640,0.650,679.08,0.350,0.360,359.05,0.07,5,359.05,1683.08,3688.42,0.0001241,0.0003470,-0.0005590
1790605245.2,1790605200,45.2,254.8,83377.63,chainlink,83305.28,twap60,,8.449,0.7205,0.680,0.690,20.00,0.310,0.320,1007.89,0.07,5,1007.89,4170.72,3211.65,0.0004773,0.0001551,0.0002965
1790605260.2,1790605200,60.2,239.8,83387.40,chainlink,83305.28,twap60,,8.449,0.7542,0.800,0.810,2613.29,0.190,0.200,68.00,0.07,5,68.00,1034.00,5833.12,0.0002542,0.0003600,0.0010209
1790605275.3,1790605200,75.3,224.7,83384.47,chainlink,83305.28,twap60,,8.449,0.7548,0.800,0.810,87.00,0.190,0.200,819.00,0.07,5,875.63,3934.78,1669.69,-0.0000800,0.0008507,0.0013002
1790605290.3,1790605200,90.3,209.7,83409.20,chainlink,83305.28,twap60,,8.449,0.8274,0.860,0.870,755.00,0.130,0.140,197.65,0.07,5,197.65,2850.67,5481.60,0.0002832,0.0008558,0.0019180
1790605305.3,1790605200,105.3,194.7,83452.60,chainlink,83305.28,twap60,,8.449,0.9195,0.940,0.950,1611.16,0.050,0.060,224.64,0.07,5,89.64,2351.95,9067.68,0.0005249,0.0010357,0.0022954
1790605320.3,1790605200,120.3,179.7,83444.26,chainlink,83305.28,twap60,,8.449,0.9180,0.940,0.950,27.47,0.050,0.060,1133.11,0.07,5,1133.11,5278.06,4962.33,-0.0001169,0.0006368,0.0014153
1790605335.3,1790605200,135.3,164.7,83492.48,chainlink,83305.28,twap60,,8.449,0.9764,0.970,0.980,843.42,0.020,0.030,528.01,0.07,5,511.01,4336.49,8247.41,0.0005201,0.0012812,0.0015378
1790605350.4,1790605200,150.4,149.6,83494.99,chainlink,83305.28,twap60,,8.449,0.9840,0.980,0.990,1423.57,0.010,0.020,150.48,0.07,5,150.48,2982.68,1423.57,0.0000312,0.0010327,0.0009893
1790605365.4,1790605200,165.4,134.6,83508.19,chainlink,83305.28,twap60,,8.449,0.9932,0.990,,,,0.010,5031.68,0.07,5,5031.68,8931.40,,0.0001423,0.0006490,0.0015527
1790605380.4,1790605200,180.4,119.6,83543.17,chainlink,83305.28,twap60,,8.449,0.9990,0.990,,,,0.010,15400.96,0.07,5,15400.96,20589.77,,0.0004450,0.0011271,0.0021402
1790605395.4,1790605200,195.4,104.6,83533.47,chainlink,83305.28,twap60,,8.449,0.9990,0.990,,,,0.010,15979.82,0.07,5,15979.82,20360.65,,-0.0001644,0.0004920,0.0026938
1790605410.4,1790605200,210.4,89.6,83537.58,chainlink,83305.28,twap60,,8.449,0.9990,0.990,,,,0.010,26402.20,0.07,5,26402.20,30804.27,,0.0000457,0.0004942,0.0028653
1790605425.4,1790605200,225.4,74.6,83515.32,chainlink,83305.28,twap60,,8.449,0.9990,0.990,,,,0.010,28903.59,0.07,5,28903.59,33424.66,,-0.0001256,0.0001115,0.0030189
1790605440.5,1790605200,240.5,59.5,83513.86,chainlink,83305.28,twap60,83508.05,8.449,0.9990,0.999,,,,0.001,15843.01,0.07,5,15843.01,51319.98,,-0.0000798,-0.0003992,0.0032439
1790605455.5,1790605200,255.5,44.5,83488.81,chainlink,83305.28,twap60,83488.32,8.449,0.9990,0.999,,,,0.001,15981.51,0.07,5,15981.51,70045.70,,-0.0002120,-0.0005382,0.0025235
1790605470.5,1790605200,270.5,29.5,83519.93,chainlink,83305.28,twap60,83503.32,8.449,0.9990,0.999,,,,0.001,16198.27,0.07,5,16198.27,74940.28,,0.0000746,-0.0000703,0.0026969
1790605485.5,1790605200,285.5,14.5,83526.53,chainlink,83305.28,twap60,83508.09,8.449,0.9990,0.999,,,,0.001,24929.58,0.07,5,24929.58,103923.59,,0.0000950,0.0000719,0.0019393
1790605515.6,1790605500,15.6,284.4,83573.10,chainlink,83518.24,twap60,,8.800,0.6550,0.660,0.670,368.51,0.330,0.340,714.10,0.07,5,714.10,2572.14,3501.63,0.0000188,0.0007110,0.0031104
1790605530.6,1790605500,30.6,269.4,83552.14,chainlink,83518.24,twap60,,8.800,0.6004,0.630,0.640,54.59,0.360,0.370,1091.60,0.07,5,1091.60,4620.58,2812.70,-0.0002377,0.0004014,0.0025680
1790605545.6,1790605500,45.6,254.4,83524.18,chainlink,83518.24,twap60,,8.800,0.5184,0.560,0.570,764.00,0.430,0.440,108.00,0.07,5,108.00,1293.38,2775.85,-0.0003347,-0.0001870,0.0018930
1790605560.6,1790605500,60.6,239.4,83543.29,chainlink,83518.24,twap60,,8.800,0.5799,0.550,0.560,15.00,0.440,0.450,1300.00,0.07,5,1300.00,2803.20,1393.76,0.0002031,-0.0003380,0.0018229
1790605575.6,1790605500,75.6,224.4,83519.30,chainlink,83518.24,twap60,,8.800,0.5035,0.380,0.390,42.00,0.610,0.620,74.60,0.07,5,74.60,1309.83,2272.55,-0.0002048,-0.0006308,0.0016023
1790605590.6,1790605500,90.6,209.4,83469.54,chainlink,83518.24,twap60,,8.800,0.3353,0.230,0.240,687.64,0.760,0.770,97.56,0.07,5,97.56,3350.01,3486.99,-0.0004292,-0.0009890,0.0007279
1790605605.7,1790605500,105.7,194.3,83439.62,chainlink,83518.24,twap60,,8.800,0.2360,0.190,0.200,71.24,0.800,0.810,2918.33,0.07,5,2918.33,6394.20,696.24,-0.0003651,-0.0010387,-0.0001725
1790605620.7,1790605500,120.7,179.3,83446.38,chainlink,83518.24,twap60,,8.800,0.2445,0.170,0.180,692.98,0.820,0.830,631.07,0.07,5,631.07,3456.96,3296.91,0.0000687,-0.0010783,-0.0000322
1790605635.7,1790605500,135.7,164.3,83459.75,chainlink,83518.24,twap60,,8.800,0.2755,0.110,0.120,214.00,0.880,0.890,527.00,0.07,5,527.00,4580.90,3232.80,0.0001685,-0.0005466,-0.0003910
1790605650.7,1790605500,150.7,149.3,83426.80,chainlink,83518.24,twap60,,8.800,0.1601,0.080,0.090,375.67,0.910,0.920,161.24,0.07,5,161.24,4281.47,3062.13,-0.0002406,-0.0005188,-0.0008329
1790605665.7,1790605500,165.7,134.3,83383.52,chainlink,83518.24,twap60,,8.800,0.0574,0.010,0.020,2210.25,0.980,0.990,8900.34,0.07,5,8900.34,8900.34,4715.96,-0.0005096,-0.0006848,-0.0014678
1790605680.8,1790605500,180.8,119.2,83354.37,chainlink,83518.24,twap60,,8.800,0.0182,,0.010,7949.92,0.990,,,0.07,5,,,12620.15,-0.0003125,-0.0010949,-0.0023107
1790605695.8,1790605500,195.8,104.2,83339.99,chainlink,83518.24,twap60,,8.800,0.0057,,0.010,12400.08,0.990,,,0.07,5,,,19022.35,-0.0001570,-0.0012816,-0.0023224
1790605710.8,1790605500,210.8,89.2,83286.92,chainlink,83518.24,twap60,,8.800,0.0010,,0.010,20216.42,0.990,,,0.07,5,,,26884.69,-0.0006330,-0.0016688,-0.0028641
1790605725.8,1790605500,225.8,74.2,83264.19,chainlink,83518.24,twap60,,8.800,0.0010,,0.010,26922.80,0.990,,,0.07,5,,,33504.07,-0.0002906,-0.0013949,-0.0030738
1790605740.8,1790605500,240.8,59.2,83261.78,chainlink,83518.24,twap60,83261.78,8.800,0.0010,,0.010,36900.92,0.990,,,0.07,5,,,42972.72,-0.0001042,-0.0010959,-0.0029351
1790605755.9,1790605500,255.9,44.1,83206.68,chainlink,83518.24,twap60,83232.16,8.800,0.0010,,0.010,52448.30,0.990,,,0.07,5,,,58699.05,-0.0006073,-0.0015969,-0.0036830
1790605770.9,1790605500,270.9,29.1,83142.41,chainlink,83518.24,twap60,83202.72,8.800,0.0010,,0.010,80129.84,0.990,,,0.07,5,,,85688.59,-0.0007341,-0.0017543,-0.0045145
1790605785.9,1790605500,285.9,14.1,83095.64,chainlink,83518.24,twap60,83172.88,8.800,0.0010,,0.001,27819.62,0.999,,,0.07,5,,,111866.94,-0.0005468,-0.0021016,-0.0053309
1790605815.9,1790605800,15.9,284.1,83224.07,chainlink,83171.89,twap60,,9.133,0.6427,0.650,0.660,415.00,0.340,0.350,231.00,0.07,5,231.00,2770.06,5025.94,0.0000251,0.0002477,-0.0041718
1790605831.0,1790605800,31.0,269.0,83268.31,chainlink,83171.89,twap60,,9.133,0.7573,0.780,0.790,51.32,0.210,0.220,1381.49,0.07,5,1381.49,4300.02,1392.44,0.0004862,0.0015290,-0.0034028
1790605846.0,1790605800,46.0,254.0,83261.07,chainlink,83171.89,twap60,,9.133,0.7478,0.780,0.790,551.51,0.210,0.220,134.00,0.07,5,169.00,1531.93,4997.29,-0.0000895,0.0019869,-0.0031808
1790605861.0,1790605800,61.0,239.0,83285.33,chainlink,83171.89,twap60,,9.133,0.8107,0.800,0.810,156.00,0.190,0.200,10.00,0.07,5,91.00,966.00,3530.38,0.0001213,0.0007609,-0.0030100
1790605875.0,1790605800,75.0,225.0,83217.03,chainlink,83171.89,twap60,,9.133,0.6419,0.660,0.670,357.88,0.330,0.340,446.76,0.07,5,446.76,2690.67,3581.48,-0.0008205,-0.0001298,-0.0034590
1790605890.0,1790605800,90.0,210.0,83198.65,chainlink,83171.89,twap60,,9.133,0.5889,0.480,0.490,229.76,0.510,0.520,232.42,0.07,5,232.42,1438.61,992.36,-0.0002964,-0.0008394,-0.0032572
1790605905.1,1790605800,105.1,194.9,83155.72,chainlink,83171.89,twap60,,9.133,0.4434,0.450,0.460,565.98,0.540,0.550,25.00,0.07,5,25.00,2100.76,2197.87,-0.0002472,-0.0014362,-0.0034206
1790605920.1,1790605800,120.1,179.9,83104.52,chainlink,83171.89,twap60,,9.133,0.2665,0.200,0.210,116.00,0.790,0.800,1071.97,0.07,5,1071.97,5645.20,1237.00,-0.0006337,-0.0021733,-0.0040969
1790605935.1,1790605800,135.1,164.9,83073.02,chainlink,83171.89,twap60,,9.133,0.1664,0.220,0.230,399.00,0.770,0.780,1169.21,0.07,5,1169.21,4467.37,2094.71,-0.0002714,-0.0018076,-0.0044902
1790605950.1,1790605800,150.1,149.9,83085.89,chainlink,83171.89,twap60,,9.133,0.1845,0.210,0.220,70.86,0.780,0.790,499.67,0.07,5,321.67,3600.22,1428.60,0.0000348,-0.0010873,-0.0040855
1790605965.1,1790605800,165.1,134.9,83203.96,chainlink,83171.89,twap60,,9.133,0.6408,0.660,0.670,579.17,0.330,0.340,76.00,0.07,5,76.00,994.91,3067.77,0.0012710,0.0005621,-0.0021185
1790605980.1,1790605800,180.1,119.9,83177.40,chainlink,83171.89,twap60,,9.133,0.5269,0.590,0.610,1.00,0.390,0.410,38.58,0.07,5,38.58,421.14,522.05,-0.0003693,0.0009844,-0.0021098
1790605995.2,1790605800,195.2,104.8,83234.34,chainlink,83171.89,twap60,,9.133,0.8021,0.810,0.820,169.39,0.180,0.190,229.52,0.07,5,224.52,1595.52,2959.60,0.0006113,0.0018200,-0.0012645
1790606010.2,1790605800,210.2,89.8,83273.50,chainlink,83171.89,twap60,,9.133,0.9425,0.970,0.980,1575.19,0.020,0.030,68.95,0.07,5,68.95,2876.95,15557.77,0.0004898,0.0021064,-0.0001788
1790606025.2,1790605800,225.2,74.8,83286.39,chainlink,83171.89,twap60,,9.133,0.9832,0.880,0.890,1855.86,0.110,0.120,117.49,0.07,5,117.49,429.49,2972.16,0.0000680,0.0009402,0.0001913
1790606040.2,1790605800,240.2,59.8,83215.40,chainlink,83171.89,twap60,83215.40,9.133,0.8580,0.950,0.960,121.31,0.040,0.050,641.77,0.07,5,140.32,1196.64,3031.00,-0.0002403,0.0003837,-0.0005026
1790606055.2,1790605800,255.2,44.8,83227.18,chainlink,83171.89,twap60,83228.82,9.133,0.9829,0.990,,,,0.010,152.47,0.07,5,152.47,1376.89,,-0.0000204,-0.0000666,0.0002850
1790606070.3,1790605800,270.3,29.7,83270.73,chainlink,83171.89,twap60,83240.30,9.133,0.9990,0.990,,,,0.010,44184.52,0.07,5,44184.52,47171.27,,0.0005188,-0.0001200,0.0015581
1790606085.3,1790605800,285.3,14.7,83259.01,chainlink,83171.89,twap60,83246.68,9.133,0.9990,0.990,,,,0.010,68813.63,0.07,5,68813.63,71304.95,,-0.0000399,0.0002836,0.0019622
1790606115.3,1790606100,15.3,284.7,83268.04,chainlink,83251.65,twap60,,9.670,0.5431,0.530,0.540,419.28,0.460,0.470,415.26,0.07,5,415.26,2454.56,3491.88,-0.0000319,0.0004864,0.0004830
1790606130.3,1790606100,30.3,269.7,83275.91,chainlink,83251.65,twap60,,9.670,0.5658,0.610,0.620,1897.99,0.380,0.390,28.00,0.07,5,79.00,1223.40,5366.29,0.0002069,0.0001631,0.0000888
1790606145.4,1790606100,45.4,254.6,83317.33,chainlink,83251.65,twap60,,9.670,0.6785,0.710,0.720,2670.98,0.280,0.290,119.36,0.07,5,186.36,1672.00,6374.92,0.0003517,0.0005725,0.0005054
1790606160.4,1790606100,60.4,239.6,83338.25,chainlink,83251.65,twap60,,9.670,0.7369,0.810,0.820,25.06,0.180,0.190,1069.14,0.07,5,1069.14,5410.63,1142.88,0.0002214,0.0008110,0.0006352
1790606175.4,1790606100,75.4,224.6,83392.09,chainlink,83251.65,twap60,,9.670,0.8575,0.860,0.870,1274.78,0.130,0.140,75.00,0.07,5,75.00,1789.00,5651.51,0.0006322,0.0016010,0.0020259
1790606190.4,1790606100,90.4,209.6,83392.10,chainlink,83251.65,twap60,,9.670,0.8677,0.910,0.920,894.97,0.080,0.090,90.99,0.07,5,90.99,1960.25,5805.21,0.0000426,0.0012487,0.0025914
1790606205.4,1790606100,105.4,194.6,83418.53,chainlink,83251.65,twap60,,9.670,0.9175,0.930,0.940,2974.58,0.060,0.070,280.75,0.07,5,280.75,1859.26,10844.28,0.0002243,0.0011842,0.0031376
1790606220.5,1790606100,120.5,179.5,83387.55,chainlink,83251.65,twap60,,9.670,0.8830,0.890,0.900,45.21,0.100,0.110,1303.75,0.07,5,1303.75,4781.04,2805.74,-0.0002808,0.0005779,0.0035077
1790606235.5,1790606100,135.5,164.5,83418.03,chainlink,83251.65,twap60,,9.670,0.9385,0.960,0.970,215.14,0.030,0.040,2413.11,0.07,5,2413.11,6203.92,10791.54,0.0004745,0.0003534,0.0040244
1790606250.5,1790606100,150.5,149.5,83428.31,chainlink,83251.65,twap60,,9.670,0.9596,0.970,0.980,867.45,0.020,0.030,359.75,0.07,5,359.75,3254.59,9301.06,0.0000016,0.0003415,0.0039636
1790606265.5,1790606100,165.5,134.5,83397.03,chainlink,83251.65,twap60,,9.670,0.9391,0.940,0.950,100.00,0.050,0.060,1013.83,0.07,5,1013.83,3463.24,3083.72,-0.0003478,-0.0001671,0.0022677
1790606280.5,1790606100,180.5,119.5,83367.07,chainlink,83251.65,twap60,,9.670,0.9097,0.920,0.930,1196.06,0.070,0.080,5.00,0.07,5,10.00,842.81,4961.49,-0.0001902,-0.0001365,0.0022046
1790606295.6,1790606100,195.6,104.4,83311.81,chainlink,83251.65,twap60,,9.670,0.7809,0.870,0.880,40.00,0.120,0.130,723.29,0.07,5,902.72,2467.03,1666.90,-0.0005935,-0.0013957,0.0009497
1790606310.6,1790606100,210.6,89.4,83323.50,chainlink,83251.65,twap60,,9.670,0.8548,0.840,0.850,15.00,0.150,0.160,757.06,0.07,5,757.06,2662.82,731.00,0.0000445,-0.0012299,0.0005134
1790606325.6,1790606100,225.6,74.4,83285.58,chainlink,83251.65,twap60,,9.670,0.7252,0.750,0.760,385.89,0.240,0.250,110.00,0.07,5,110.00,809.92,3458.89,-0.0004600,-0.0011682,0.0006027
1790606340.6,1790606100,240.6,59.4,83310.25,chainlink,83251.65,twap60,83310.25,9.670,0.9158,0.980,0.990,1980.67,0.010,0.020,612.85,0.07,5,612.85,2090.84,1980.67,0.0003350,-0.0006122,0.0009772
1790606355.7,1790606100,255.7,44.3,83339.09,chainlink,83251.65,twap60,83320.77,9.670,0.9987,0.990,,,,0.010,41222.71,0.07,5,41222.71,43355.37,,0.0003292,0.0002316,0.0013393
1790606370.7,1790606100,270.7,29.3,83384.66,chainlink,83251.65,twap60,83345.70,9.670,0.9990,0.990,,,,0.010,62023.56,0.07,5,62023.56,65160.47,,0.0003925,0.0007291,0.0014682
1790606385.7,1790606100,285.7,14.3,83420.01,chainlink,83251.65,twap60,83369.29,9.670,0.9990,0.990,,,,0.010,81794.08,0.07,5,81794.08,84868.65,,0.0004247,0.0016516,0.0018041
1790606415.7,1790606400,15.7,284.3,83350.89,chainlink,83373.44,twap60,,9.345,0.4387,0.510,0.520,5.00,0.470,0.490,1461.51,0.07,5,1556.51,4256.80,445.48,-0.0005026,-0.0000126,0.0011068
1790606430.8,1790606400,30.8,269.2,83365.38,chainlink,83373.44,twap60,,9.345,0.4773,0.400,0.410,97.56,0.590,0.600,1068.17,0.07,5,1063.17,3373.46,2727.54,0.0000597,-0.0002304,0.0009283
1790606445.8,1790606400,45.8,254.2,83374.46,chainlink,83373.44,twap60,,9.345,0.5030,0.440,0.450,45.00,0.550,0.560,1057.69,0.07,5,1057.69,3682.09,1126.68,0.0003856,-0.0004464,0.0006558
1790606460.8,1790606400,60.8,239.2,83334.03,chainlink,83373.44,twap60,,9.345,0.3826,0.360,0.370,438.62,0.630,0.640,243.37,0.07,5,278.37,3001.90,1957.54,-0.0004619,-0.0007049,-0.0000642
1790606475.8,1790606400,75.8,224.2,83258.05,chainlink,83373.44,twap60,,9.345,0.1814,0.110,0.120,731.49,0.880,0.890,66.91,0.07,5,66.91,3260.14,2816.84,-0.0009392,-0.0012286,-0.0015662
1790606490.8,1790606400,90.8,209.2,83230.68,chainlink,83373.44,twap60,,9.345,0.1201,0.110,0.120,573.22,0.880,0.890,62.47,0.07,5,62.47,3993.63,2053.46,-0.0001857,-0.0013403,-0.0020301
1790606505.9,1790606400,105.9,194.1,83253.58,chainlink,83373.44,twap60,,9.345,0.1508,0.100,0.110,581.26,0.890,0.900,191.77,0.07,5,191.77,3794.19,3027.12,0.0002628,-0.0014278,-0.0018887
1790606520.9,1790606400,120.9,179.1,83218.75,chainlink,83373.44,twap60,,9.345,0.0802,0.040,0.050,2009.00,0.950,0.960,326.31,0.07,5,326.31,16393.18,4319.62,-0.0004826,-0.0014113,-0.0019173
1790606535.9,1790606400,135.9,164.1,83098.79,chainlink,83373.44,twap60,,9.345,0.0042,,0.010,919.38,0.990,,,0.07,5,,,5517.13,-0.0013940,-0.0017717,-0.0039559
1790606550.9,1790606400,150.9,149.1,83130.52,chainlink,83373.44,twap60,,9.345,0.0064,,0.010,1475.84,0.990,,,0.07,5,,,4583.75,0.0005170,-0.0012164,-0.0035486
1790606565.9,1790606400,165.9,134.1,83059.54,chainlink,83373.44,twap60,,9.345,0.0010,,0.010,4855.25,0.990,,,0.07,5,,,7937.16,-0.0008542,-0.0023975,-0.0038858
1790606581.0,1790606400,181.0,119.0,83003.48,chainlink,83373.44,twap60,,9.345,0.0010,,0.010,12637.05,0.990,,,0.07,5,,,15541.26,-0.0005179,-0.0025415,-0.0043013
1790606596.0,1790606400,196.0,104.0,83012.26,chainlink,83373.44,twap60,,9.345,0.0010,,0.010,15851.50,0.990,,,0.07,5,,,19054.78,-0.0000750,-0.0009066,-0.0036978
1790606610.0,1790606400,210.0,90.0,83033.97,chainlink,83373.44,twap60,,9.345,0.0010,,0.010,20673.33,0.990,,,0.07,5,,,24085.19,0.0002730,-0.0011621,-0.0034855
1790606625.0,1790606400,225.0,75.0,82983.56,chainlink,83373.44,twap60,,9.345,0.0010,,0.010,24650.71,0.990,,,0.07,5,,,28146.42,-0.0004721,-0.0007580,-0.0035941
1790606640.0,1790606400,240.0,60.0,82873.83,chainlink,83373.44,twap60,82866.68,9.345,0.0010,,0.010,28643.18,0.990,,,0.07,5,,,31619.30,-0.0013299,-0.0017440,-0.0052691
1790606655.1,1790606400,255.1,44.9,82860.20,chainlink,83373.44,twap60,82856.61,9.345,0.0010,,0.010,47432.53,0.990,,,0.07,5,,,50390.96,-0.0000352,-0.0018220,-0.0059170
1790606670.1,1790606400,270.1,29.9,82883.48,chainlink,83373.44,twap60,82873.76,9.345,0.0010,,0.001,22358.53,0.999,,,0.07,5,,,76486.06,-0.0000786,-0.0016789,-0.0060278
1790606685.1,1790606400,285.1,14.9,82884.47,chainlink,83373.44,twap60,82879.74,9.345,0.0010,,0.001,22407.79,0.999,,,0.07,5,,,95241.37,0.0001176,-0.0012016,-0.0063408
1790606715.1,1790606700,15.1,284.9,82886.57,chainlink,82881.26,twap60,,10.158,0.5133,0.540,0.550,10.00,0.450,0.460,644.57,0.07,5,644.57,2692.46,3436.00,-0.0003107,-0.0000413,-0.0057004
1790606730.2,1790606700,30.2,269.8,82869.68,chainlink,82881.26,twap60,,10.158,0.4700,0.650,0.660,34.34,0.340,0.350,1802.72,0.07,5,1322.72,4985.45,1609.41,-0.0003818,-0.0000609,-0.0056872
1790606745.2,1790606700,45.2,254.8,82913.63,chainlink,82881.26,twap60,,10.158,0.5861,0.630,0.640,0.31,0.350,0.370,1263.85,0.07,5,665.85,3697.28,1247.54,0.0005302,0.0002840,-0.0055195
1790606760.2,1790606700,60.2,239.8,82937.38,chainlink,82881.26,twap60,,10.158,0.6521,0.690,0.700,5.00,0.300,0.310,499.00,0.07,5,499.00,2898.18,1287.63,0.0002030,0.0003021,-0.0047981
1790606775.2,1790606700,75.2,224.8,82952.86,chainlink,82881.26,twap60,,10.158,0.6980,0.710,0.720,497.00,0.280,0.290,343.58,0.07,5,343.58,2185.58,3845.69,0.0001637,0.0006215,-0.0035293
1790606790.2,1790606700,90.2,209.8,82925.00,chainlink,82881.26,twap60,,10.158,0.6295,0.600,0.610,425.14,0.390,0.400,131.00,0.07,5,131.00,2000.17,3300.74,-0.0003987,0.0006674,-0.0036917
1790606805.2,1790606700,105.2,194.8,82953.98,chainlink,82881.26,twap60,,10.158,0.7175,0.700,0.710,1200.97,0.290,0.300,315.00,0.07,5,315.00,3016.94,4278.78,0.0005199,0.0004030,-0.0036693
1790606820.3,1790606700,120.3,179.7,82950.15,chainlink,82881.26,twap60,,10.158,0.7169,0.700,0.710,4298.97,0.290,0.300,73.00,0.07,5,73.00,1148.00,8673.77,-0.0000619,0.0001310,-0.0031843
1790606835.3,1790606700,135.3,164.7,82871.59,chainlink,82881.26,twap60,,10.158,0.4661,0.500,0.510,194.00,0.490,0.500,68.76,0.07,5,68.76,1399.76,2027.97,-0.0009678,-0.0010430,-0.0026026
1790606850.3,1790606700,150.3,149.7,82910.37,chainlink,82881.26,twap60,,10.158,0.6078,0.600,0.610,45.00,0.390,0.400,1883.34,0.07,5,1808.34,3957.35,839.00,0.0002764,-0.0000059,-0.0026518
1790606865.3,1790606700,165.3,134.7,82880.34,chainlink,82881.26,twap60,,10.158,0.4963,0.540,0.550,393.23,0.450,0.460,79.00,0.07,5,79.00,1203.00,1552.23,-0.0004970,-0.0009038,-0.0020025
1790606880.3,1790606700,180.3,119.7,82850.78,chainlink,82881.26,twap60,,10.158,0.3684,0.330,0.340,40.00,0.660,0.670,20.00,0.07,5,20.00,898.85,521.11,-0.0004515,-0.0012189,-0.0020221
1790606895.4,1790606700,195.4,104.6,82846.05,chainlink,82881.26,twap60,,10.158,0.3332,0.370,0.390,40.00,0.610,0.630,459.00,0.07,5,340.00,1296.60,415.00,0.0000866,-0.0004996,-0.0019928
1790606910.4,1790606700,210.4,89.6,82895.15,chainlink,82881.26,twap60,,10.158,0.5770,0.520,0.530,4.85,0.470,0.480,1383.08,0.07,5,1383.08,4639.12,441.89,0.0006819,-0.0003184,-0.0015381
1790606925.4,1790606700,225.4,74.6,82917.87,chainlink,82881.26,twap60,,10.158,0.7300,0.830,0.840,50.00,0.160,0.170,40.00,0.07,5,40.00,891.00,1644.11,0.0003260,0.0003579,-0.0007987
1790606940.4,1790606700,240.4,59.6,82958.78,chainlink,82881.26,twap60,82958.78,10.158,0.9577,0.910,0.920,1355.17,0.080,0.090,110.49,0.07,5,110.49,378.49,2911.03,0.0003953,0.0014464,0.0011537
1790606955.4,1790606700,255.4,44.6,82943.51,chainlink,82881.26,twap60,82936.98,10.158,0.9814,0.990,,,,0.010,8400.30,0.07,5,8400.30,12053.39,,0.0000024,0.0012651,0.0006454
1790606970.5,1790606700,270.5,29.5,82917.89,chainlink,82881.26,twap60,82936.97,10.158,0.9984,0.990,,,,0.010,28431.15,0.07,5,28431.15,31731.59,,-0.0003276,0.0003262,0.0005207
1790606985.5,1790606700,285.5,14.5,82938.74,chainlink,82881.26,twap60,82937.81,10.158,0.9990,0.990,,,,0.010,71248.86,0.07,5,71248.86,74613.06,,0.0001821,0.0001537,0.0005868
1790607015.5,1790607000,15.5,284.5,82963.13,chainlink,82936.67,twap60,,10.160,0.5661,0.590,0.600,36.21,0.400,0.410,863.61,0.07,5,863.61,2757.61,2090.27,0.0004385,0.0002179,0.0007453
1790607030.5,1790607000,30.5,269.5,82971.09,chainlink,82936.67,twap60,,10.160,0.5885,0.700,0.710,120.00,0.290,0.300,1927.65,0.07,5,1927.65,4695.45,3349.00,0.0000165,0.0005722,0.0012231
1790607045.5,1790607000,45.5,254.5,82985.29,chainlink,82936.67,twap60,,10.160,0.6281,0.680,0.690,1741.70,0.310,0.320,219.00,0.07,5,169.00,1465.90,5158.17,-0.0000469,0.0006821,0.0007805
1790607060.5,1790607000,60.5,239.5,83019.84,chainlink,82936.67,twap60,,10.160,0.7189,0.700,0.710,2169.25,0.290,0.300,10.00,0.07,5,10.00,738.00,6039.80,0.0002988,0.0011218,0.0009708
1790607075.6,1790607000,75.6,224.4,82983.52,chainlink,82936.67,twap60,,10.160,0.6329,0.530,0.540,40.00,0.440,0.460,5.00,0.07,5,238.89,866.12,1010.44,-0.0002892,0.0001663,0.0003068
1790607090.6,1790607000,90.6,209.4,82947.99,chainlink,82936.67,twap60,,10.160,0.5341,0.460,0.470,660.00,0.530,0.540,310.00,0.07,5,310.00,3163.27,3167.47,-0.0004277,-0.0004965,0.0004478
1790607105.6,1790607000,105.6,194.4,82860.36,chainlink,82936.67,twap60,,10.160,0.2728,0.200,0.210,767.32,0.790,0.800,72.08,0.07,5,72.08,3207.54,3470.40,-0.0009904,-0.0016240,-0.0011449
1790607120.6,1790607000,120.6,179.4,82748.14,chainlink,82936.67,twap60,,10.160,0.0580,0.060,0.070,598.78,0.930,0.940,761.54,0.07,5,456.54,4117.22,3208.46,-0.0011525,-0.0031297,-0.0024586
1790607135.6,1790607000,135.6,164.4,82681.04,chainlink,82936.67,twap60,,10.160,0.0120,0.020,0.030,186.31,0.970,0.980,1055.24,0.07,5,1055.24,5301.34,3170.02,-0.0006606,-0.0036511,-0.0024934
1790607150.7,1790607000,150.7,149.3,82684.46,chainlink,82936.67,twap60,,10.160,0.0088,0.060,0.070,505.00,0.930,0.940,745.00,0.07,5,745.00,4448.13,2133.81,-0.0000043,-0.0031156,-0.0028632
1790607165.7,1790607000,165.7,134.3,82719.67,chainlink,82936.67,twap60,,10.160,0.0139,0.030,0.040,691.30,0.960,0.970,173.00,0.07,5,173.00,5551.40,2914.06,0.0003204,-0.0014967,-0.0020353
1790607180.7,1790607000,180.7,119.3,82760.61,chainlink,82936.67,twap60,,10.160,0.0258,0.020,0.030,238.10,0.970,0.980,1039.04,0.07,5,133.00,4767.47,2506.86,0.0005072,0.0003013,-0.0009452
1790607195.7,1790607000,195.7,104.3,82679.21,chainlink,82936.67,twap60,,10.160,0.0010,,0.010,14643.04,0.990,,,0.07,5,,,17135.79,-0.0007991,-0.0000678,-0.0019264
1790607210.7,1790607000,210.7,89.3,82718.65,chainlink,82936.67,twap60,,10.160,0.0011,,0.010,4084.05,0.990,,,0.07,5,,,6044.05,0.0007597,0.0003081,-0.0020795
1790607225.7,1790607000,225.7,74.3,82780.87,chainlink,82936.67,twap60,,10.160,0.0044,,0.010,4227.08,0.990,,,0.07,5,,,5782.08,0.0007425,0.0007520,-0.0017514
1790607240.8,1790607000,240.8,59.2,82835.01,chainlink,82936.67,twap60,82835.01,10.160,0.0113,0.040,0.050,581.00,0.950,0.960,102.95,0.07,5,102.95,2730.20,2149.00,0.0006622,0.0010835,-0.0013065
1790607255.8,1790607000,255.8,44.2,82864.86,chainlink,82936.67,twap60,82861.30,10.160,0.0057,,0.010,393.20,0.990,,,0.07,5,,,2001.90,0.0003641,0.0025257,-0.0009672
1790607270.8,1790607000,270.8,29.2,82891.68,chainlink,82936.67,twap60,82875.51,10.160,0.0010,,0.010,9586.64,0.990,,,0.07,5,,,12230.19,0.0002718,0.0020801,-0.0003855
1790607285.8,1790607000,285.8,14.2,82892.22,chainlink,82936.67,twap60,82880.08,10.160,0.0010,,0.010,65457.93,0.990,,,0.07,5,,,67747.27,0.0000230,0.0013526,-0.0004401
1790607315.9,1790607300,15.9,284.1,82797.33,chainlink,82877.38,twap60,,10.885,0.3189,0.280,0.290,276.54,0.710,0.720,555.00,0.07,5,555.00,2699.29,1286.79,-0.0008281,-0.0008670,-0.0020800
1790607330.9,1790607300,30.9,269.1,82837.05,chainlink,82877.38,twap60,,10.885,0.4033,0.430,0.440,227.65,0.560,0.570,256.36,0.07,5,256.36,3066.77,1676.65,0.0005746,-0.0006428,-0.0018348
1790607345.9,1790607300,45.9,254.1,82872.68,chainlink,82877.38,twap60,,10.885,0.4882,0.480,0.490,864.91,0.510,0.520,18.00,0.07,5,18.00,507.35,6224.14,0.0004194,-0.0002215,-0.0014754
1790607360.9,1790607300,60.9,239.1,82819.45,chainlink,82877.38,twap60,,10.885,0.3530,0.320,0.330,1187.22,0.670,0.680,440.95,0.07,5,232.95,1578.63,4145.58,-0.0006296,-0.0005609,-0.0022682
1790607375.9,1790607300,75.9,224.1,82821.60,chainlink,82877.38,twap60,,10.885,0.3528,0.330,0.340,168.94,0.660,0.670,303.00,0.07,5,303.00,2288.36,1569.44,0.0000307,0.0003881,-0.0019526
1790607391.0,1790607300,91.0,209.0,82865.56,chainlink,82877.38,twap60,,10.885,0.4667,0.500,0.510,450.00,0.490,0.500,349.00,0.07,5,349.00,1550.90,3669.89,0.0004819,0.0003336,-0.0009277
1790607406.0,1790607300,106.0,194.0,82866.07,chainlink,82877.38,twap60,,10.885,0.4666,0.580,0.590,12.52,0.410,0.420,733.70,0.07,5,753.70,3211.21,1283.00,0.0000439,-0.0000669,0.0002716
1790607421.0,1790607300,121.0,179.0,82913.51,chainlink,82877.38,twap60,,10.885,0.6109,0.730,0.740,46.00,0.260,0.270,1737.00,0.07,5,1627.00,4107.00,1373.31,0.0005295,0.0011398,0.0021471
1790607435.0,1790607300,135.0,165.0,82926.78,chainlink,82877.38,twap60,,10.885,0.6576,0.730,0.740,1369.64,0.260,0.270,129.07,0.07,5,129.07,1138.10,3835.63,0.0001441,0.0012204,0.0029220
1790607450.0,1790607300,150.0,150.0,82933.23,coinbase,82877.38,twap60,,10.885,0.6877,0.750,0.760,28.65,0.240,0.250,610.81,0.07,5,701.16,3286.42,1331.21,0.0000135,0.0008290,0.0031429
1790607465.0,1790607300,165.0,135.0,82945.93,coinbase,82877.38,twap60,,10.885,0.7410,0.830,0.840,201.00,0.160,0.170,374.26,0.07,5,392.21,2462.67,1897.23,0.0001531,0.0008732,0.0023811
1790607480.1,1790607300,180.1,119.9,82962.58,chainlink,82877.38,twap60,,10.885,0.8094,0.860,0.870,193.00,0.130,0.140,971.31,0.07,5,971.31,4778.58,1437.24,,0.0005757,0.0026223
1790607495.1,1790607300,195.1,104.9,82950.23,chainlink,82877.38,twap60,,10.885,0.7970,0.850,0.860,64.10,0.140,0.150,895.90,0.07,5,895.90,1705.10,2223.53,-0.0000841,0.0002829,0.0035555
1790607510.1,1790607300,210.1,89.9,82936.99,chainlink,82877.38,twap60,,10.885,0.7809,0.770,0.780,7.43,0.220,0.230,50.00,0.07,5,50.00,780.26,577.90,-0.0000673,,0.0026265
1790607525.1,1790607300,225.1,74.9,82900.04,chainlink,82877.38,twap60,,10.885,0.6378,0.740,0.750,80.00,0.250,0.260,75.07,0.07,5,75.07,1118.83,1136.44,-0.0003030,,0.0014469
1790607540.2,1790607300,240.2,59.8,82906.82,chainlink,82877.38,twap60,82911.24,10.885,0.7282,0.860,0.870,40.00,0.130,0.140,69.00,0.07,5,69.00,601.00,863.00,0.0001071,-0.0006075,0.0008704
1790607555.2,1790607300,255.2,44.8,82928.59,chainlink,82877.38,twap60,82915.96,10.885,0.9367,0.990,,,,0.010,8436.17,0.07,5,8436.17,11916.60,,0.0002049,-0.0001685,0.0007170
1790607570.2,1790607300,270.2,29.8,82931.29,chainlink,82877.38,twap60,82923.40,10.885,0.9983,0.990,,,,0.010,25353.98,0.07,5,25353.98,29149.64,,-0.0000113,0.0000740,0.0004942
1790607585.2,1790607300,285.2,14.8,82966.76,chainlink,82877.38,twap60,82932.96,10.885,0.9990,0.990,,,,0.010,71278.80,0.07,5,71278.80,74325.79,,0.0004315,0.0008297,0.0009131
1790607615.2,1790607600,15.2,284.8,82998.81,chainlink,82941.12,twap60,,11.007,0.6312,0.640,0.650,93.30,0.350,0.360,1161.28,0.07,5,1166.28,5357.44,3243.75,0.0001082,0.0008025,0.0025254
1790607630.3,1790607600,30.3,269.7,83035.22,chainlink,82941.12,twap60,,11.007,0.7136,0.760,0.770,20.74,0.230,0.240,1881.60,0.07,5,1881.60,5175.96,2520.64,0.0005027,0.0012564,0.0023789
1790607645.3,1790607600,45.3,254.7,82964.60,chainlink,82941.12,twap60,,11.007,0.5579,0.510,0.520,166.00,0.480,0.490,1630.25,0.07,5,1630.25,5653.71,2114.06,-0.0009171,-0.0000292,0.0011214
1790607660.3,1790607600,60.3,239.7,83013.51,chainlink,82941.12,twap60,,11.007,0.6792,0.680,0.690,239.00,0.310,0.320,855.41,0.07,5,846.03,4267.02,1811.95,0.0006655,0.0002852,0.0023451
1790607675.3,1790607600,75.3,224.7,82999.09,chainlink,82941.12,twap60,,11.007,0.6508,0.630,0.640,5.00,0.360,0.370,1823.63,0.07,5,1800.63,5459.21,226.60,-0.0000272,0.0000675,0.0020920
1790607690.3,1790607600,90.3,209.7,83000.54,chainlink,82941.12,twap60,,11.007,0.6607,0.680,0.690,319.00,0.310,0.320,308.00,0.07,5,288.00,3422.26,1980.63,0.0000441,-0.0004840,0.0016654
1790607705.4,1790607600,105.4,194.6,83025.87,chainlink,82941.12,twap60,,11.007,0.7321,0.720,0.730,261.15,0.270,0.280,490.55,0.07,5,490.55,4249.55,2033.15,0.0004523,0.0008144,0.0018838
1790607720.4,1790607600,120.4,179.6,82977.25,chainlink,82941.12,twap60,,11.007,0.6094,0.700,0.710,501.97,0.290,0.300,76.66,0.07,5,76.66,1823.13,2307.42,-0.0005417,-0.0002903,0.0007525
1790607735.4,1790607600,135.4,164.6,83004.29,chainlink,82941.12,twap60,,11.007,0.6964,0.750,0.760,127.50,0.240,0.250,633.00,0.07,5,633.00,3791.77,1341.56,0.0002921,0.0000892,0.0009343
1790607750.4,1790607600,150.4,149.6,83020.35,chainlink,82941.12,twap60,,11.007,0.7542,0.700,0.710,1958.62,0.290,0.300,9.00,0.07,5,9.00,459.00,4007.97,0.0001474,0.0003858,
1790607765.4,1790607600,165.4,134.6,82983.17,chainlink,82941.12,twap60,,11.007,0.6528,0.620,0.630,562.24,0.370,0.380,315.00,0.07,5,285.00,2174.47,2901.97,-0.0002900,-0.0004703,
1790607780.5,1790607600,180.5,119.5,83010.96,chainlink,82941.12,twap60,,11.007,0.7616,0.860,0.870,212.08,0.130,0.140,487.00,0.07,5,496.00,4620.31,2273.93,0.0003626,0.0003724,0.0006477
1790607795.5,1790607600,195.5,104.5,83010.16,chainlink,82941.12,twap60,,11.007,0.7826,0.890,0.900,954.84,0.100,0.110,51.24,0.07,5,51.24,2652.24,3085.08,-0.0000444,0.0000246,0.0008146
1790607810.5,1790607600,210.5,89.5,83035.90,chainlink,82941.12,twap60,,11.007,0.8895,0.960,0.970,1019.50,0.030,0.040,744.79,0.07,5,744.79,4420.98,13605.89,0.0003077,0.0003452,0.0013346
1790607825.5,1790607600,225.5,74.5,83037.43,chainlink,82941.12,twap60,,11.007,0.9319,0.990,,,,0.010,5865.30,0.07,5,5865.30,9498.95,,0.0000020,0.0006815,0.0016812
1790607840.5,1790607600,240.5,59.5,83023.16,chainlink,82941.12,twap60,83023.16,11.007,0.9544,0.990,,,,0.010,2997.25,0.07,5,2997.25,6158.25,,-0.0001510,0.0001122,0.0013448
1790607855.6,1790607600,255.6,44.4,82987.25,chainlink,82941.12,twap60,83002.98,11.007,0.9452,0.980,0.990,5.00,0.010,0.020,577.00,0.07,5,577.00,3087.97,5.00,-0.0004918,-0.0002784,0.0006632
1790607870.6,1790607600,270.6,29.4,83000.99,chainlink,82941.12,twap60,82998.88,11.007,0.9990,0.990,,,,0.010,32014.50,0.07,5,32014.50,33831.10,,0.0002812,-0.0004370,0.0008440
1790607885.6,1790607600,285.6,14.4,82974.99,chainlink,82941.12,twap60,82995.03,11.007,0.9990,0.990,,,,0.010,59818.66,0.07,5,59818.66,61815.17,,-0.0002461,-0.0007315,0.0000960
1790607915.6,1790607900,15.6,284.4,82951.82,chainlink,82989.88,twap60,,10.842,0.4112,0.360,0.370,5.00,0.630,0.640,48.30,0.07,5,48.30,3259.12,166.00,-0.0002034,-0.0003114,-0.0005022
1790607930.7,1790607900,30.7,269.3,82998.63,chainlink,82989.88,twap60,,10.842,0.5213,0.540,0.550,354.43,0.450,0.460,64.02,0.07,5,76.02,1707.68,1836.21,0.0005777,0.0000388,-0.0005070
1790607945.7,1790607900,45.7,254.3,83002.87,chainlink,82989.88,twap60,,10.842,0.5326,0.500,0.510,235.00,0.490,0.500,408.73,0.07,5,418.73,2669.29,1817.43,0.0000365,0.0003178,0.0005374
1790607960.7,1790607900,60.7,239.3,83016.57,chainlink,82989.88,twap60,,10.842,0.5692,0.570,0.580,165.00,0.420,0.430,371.87,0.07,5,371.87,1525.86,1294.15,0.0002522,0.0005768,0.0001834
1790607975.7,1790607900,75.7,224.3,82984.68,chainlink,82989.88,twap60,,10.842,0.4859,0.540,0.550,992.00,0.450,0.460,268.32,0.07,5,268.32,2536.82,3604.56,-0.0003746,0.0004096,-0.0001470
1790607990.7,1790607900,90.7,209.3,82981.69,chainlink,82989.88,twap60,,10.842,0.4769,0.490,0.500,35.00,0.500,0.510,631.60,0.07,5,631.60,3335.89,1885.91,-0.0002095,-0.0002187,-0.0000800
1790608005.8,1790607900,105.8,194.2,82992.63,chainlink,82989.88,twap60,,10.842,0.5081,0.540,0.550,93.16,0.450,0.460,346.86,0.07,5,326.96,1363.67,2066.08,0.0001475,-0.0000363,-0.0003564
1790608020.8,1790607900,120.8,179.2,83021.11,chainlink,82989.88,twap60,,10.842,0.5964,0.690,0.700,1660.99,0.300,0.310,33.24,0.07,5,33.24,1007.24,4047.99,0.0002738,0.0000644,0.0004947
1790608035.8,1790607900,135.8,164.2,82991.74,chainlink,82989.88,twap60,,10.842,0.5061,0.420,0.430,55.00,0.570,0.580,1905.26,0.07,5,1996.82,5982.89,103.00,-0.0003664,-0.0000885,-0.0001974
1790608050.8,1790607900,150.8,149.2,83002.10,chainlink,82989.88,twap60,,10.842,0.5429,0.640,0.650,193.03,0.350,0.360,454.00,0.07,5,364.00,1728.16,2335.02,0.0001155,0.0002616,-0.0000620
1790608065.8,1790607900,165.8,134.2,82958.34,chainlink,82989.88,twap60,,10.842,0.3822,0.320,0.330,60.00,0.670,0.680,1757.56,0.07,5,1757.56,3378.81,463.00,-0.0005311,-0.0004826,-0.0002714
1790608080.9,1790607900,180.9,119.1,82947.89,chainlink,82989.88,twap60,,10.842,0.3317,0.360,0.370,71.15,0.630,0.640,224.00,0.07,5,239.18,2093.10,1004.15,-0.0001434,-0.0008948,-0.0007948
1790608095.9,1790607900,195.9,104.1,82964.98,chainlink,82989.88,twap60,,10.842,0.3871,0.460,0.470,31.00,0.530,0.540,267.57,0.07,5,267.57,1192.29,342.00,0.0001966,-0.0003319,-0.0005468
1790608110.9,1790607900,210.9,89.1,82999.28,chainlink,82989.88,twap60,,10.842,0.5492,0.450,0.460,85.00,0.540,0.550,37.99,0.07,5,37.99,438.99,535.00,0.0004105,-0.0000378,-0.0004576
1790608125.9,1790607900,225.9,74.1,83008.52,chainlink,82989.88,twap60,,10.842,0.6158,0.610,0.620,110.00,0.380,0.390,123.09,0.07,5,138.09,2048.09,571.00,0.0001349,0.0005872,-0.0003274
1790608141.0,1790607900,241.0,59.0,82987.46,chainlink,82989.88,twap60,82987.46,10.842,0.4796,0.610,0.620,32.01,0.380,0.390,245.00,0.07,5,245.00,434.00,32.01,-0.0001987,0.0004674,-0.0004893
1790608156.0,1790607900,256.0,44.0,83022.81,chainlink,82989.88,twap60,83001.42,10.842,0.8142,0.980,0.990,398.89,0.010,0.020,2330.88,0.07,5,2330.88,8362.35,398.89,0.0004174,0.0006940,0.0005440
1790608171.0,1790607900,271.0,29.0,83043.76,chainlink,82989.88,twap60,83023.55,10.842,0.9962,0.990,,,,0.010,2806.11,0.07,5,2806.11,4540.53,,0.0002012,0.0005594,0.0005824
1790608185.0,1790607900,285.0,15.0,83122.83,chainlink,82989.88,twap60,83041.13,10.842,0.9990,0.990,,,,0.010,51841.06,0.07,5,51841.06,54072.37,,0.0009712,0.0014312,0.0017619
1790608215.0,1790608200,15.0,285.0,83170.74,chainlink,83066.14,twap60,,11.340,0.7222,0.810,0.820,343.96,0.180,0.190,459.02,0.07,5,459.02,3355.36,3403.39,-0.0001268,0.0017290,0.0026492
1790608230.1,1790608200,30.1,269.9,83233.67,chainlink,83066.14,twap60,,11.340,0.8350,0.860,0.870,344.00,0.130,0.140,259.52,0.07,5,259.52,3416.72,2979.89,0.0005851,0.0023038,0.0028132
1790608245.1,1790608200,45.1,254.9,83199.17,chainlink,83066.14,twap60,,11.340,0.7882,0.800,0.810,890.93,0.190,0.200,68.66,0.07,5,68.66,2505.82,2853.61,-0.0003712,0.0005975,0.0024494
1790608260.2,1790608200,60.2,239.8,83153.96,chainlink,83066.14,twap60,,11.340,0.7081,0.750,0.760,929.51,0.240,0.250,5.00,0.07,5,5.00,2202.78,3811.08,-0.0004740,-0.0003285,0.0016633
1790608275.2,1790608200,75.2,224.8,83086.91,chainlink,83066.14,twap60,,11.340,0.5536,0.460,0.470,323.41,0.530,0.540,578.84,0.07,5,578.84,3490.19,2507.72,-0.0008953,-0.0011797,0.0010576
1790608290.2,1790608200,90.2,209.8,83056.06,chainlink,83066.14,twap60,,11.340,0.4728,0.450,0.460,181.36,0.540,0.550,1613.41,0.07,5,1613.41,3837.95,1819.91,-0.0001945,-0.0020929,0.0009115
1790608305.3,1790608200,105.3,194.7,83049.21,chainlink,83066.14,twap60,,11.340,0.4522,0.460,0.470,100.00,0.530,0.540,19.67,0.07,5,19.67,972.67,1351.31,-0.0001794,-0.0017346,0.0006121
1790608320.3,1790608200,120.3,179.7,82941.15,chainlink,83066.14,twap60,,11.340,0.1756,0.090,0.100,436.37,0.900,0.910,72.00,0.07,5,72.00,3351.86,2289.06,-0.0016045,-0.0026511,-0.0009761
1790608335.3,1790608200,135.3,164.7,82947.69,chainlink,83066.14,twap60,,11.340,0.1748,0.070,0.080,75.00,0.920,0.930,578.75,0.07,5,578.75,5089.29,1423.86,0.0001665,-0.0015002,-0.0005403
1790608350.3,1790608200,150.3,149.7,82921.85,chainlink,83066.14,twap60,,11.340,0.1122,0.080,0.090,160.00,0.910,0.920,1036.17,0.07,5,721.17,4546.95,5031.00,-0.0002083,-0.0017141,-0.0009710
1790608365.3,1790608200,165.3,134.7,82992.32,chainlink,83066.14,twap60,,11.340,0.2517,0.240,0.250,65.00,0.750,0.760,1381.00,0.07,5,1381.00,4335.74,1490.55,0.0008581,-0.0009877,0.0003920
1790608380.4,1790608200,180.4,119.6,83010.51,chainlink,83066.14,twap60,,11.340,0.2913,0.280,0.290,316.57,0.710,0.720,40.92,0.07,5,40.92,1052.16,2697.35,-0.0000285,0.0009236,0.0007452
1790608395.4,1790608200,195.4,104.6,82998.36,chainlink,83066.14,twap60,,11.340,0.2286,0.180,0.190,1127.04,0.810,0.820,30.48,0.07,5,20.48,751.36,4344.06,-0.0002012,0.0007140,0.0003995
1790608410.4,1790608200,210.4,89.6,82988.60,chainlink,83066.14,twap60,,11.340,0.1658,0.040,0.050,1629.30,0.950,0.960,430.46,0.07,5,430.46,17489.51,2761.73,-0.0001676,0.0008132,-0.0001052
1790608425.4,1790608200,225.4,74.6,82949.58,chainlink,83066.14,twap60,,11.340,0.0402,,0.010,152.00,0.990,,,0.07,5,,,1471.00,-0.0003384,-0.0007628,-0.0006552
1790608440.4,1790608200,240.4,59.6,82964.74,chainlink,83066.14,twap60,82961.32,11.340,0.0216,,0.010,6822.61,0.990,,,0.07,5,,,9708.52,0.0001363,-0.0006064,-0.0002823
1790608455.5,1790608200,255.5,44.5,82937.07,chainlink,83066.14,twap60,82937.83,11.340,0.0010,,0.010,33507.40,0.990,,,0.07,5,,,36371.96,-0.0002540,-0.0007887,-0.0010845
1790608470.5,1790608200,270.5,29.5,82978.75,chainlink,83066.14,twap60,82956.57,11.340,0.0010,,0.010,63691.30,0.990,,,0.07,5,,,66554.61,0.0001695,0.0000131,-0.0007637
1790608485.5,1790608200,285.5,14.5,82936.17,chainlink,83066.14,twap60,82956.65,11.340,0.0010,,0.010,73234.99,0.990,,,0.07,5,,,76076.05,-0.0004733,-0.0002081,-0.0025686
1790608515.5,1790608500,15.5,284.5,82869.26,chainlink,82952.92,twap60,,11.931,0.3269,0.370,0.380,2041.02,0.620,0.630,2.00,0.07,5,2.00,899.00,4037.10,-0.0008172,-0.0011509,-0.0038027
1790608530.5,1790608500,30.5,269.5,82905.55,chainlink,82952.92,twap60,,11.931,0.3966,0.360,0.370,717.63,0.630,0.640,99.03,0.07,5,99.03,3223.79,3759.63,0.0001892,-0.0008426,-0.0039067
1790608545.6,1790608500,45.6,254.4,82925.87,chainlink,82952.92,twap60,,11.931,0.4385,0.470,0.480,538.91,0.520,0.530,89.99,0.07,5,89.99,1908.08,6424.55,0.0002505,-0.0001242,-0.0032208
1790608560.6,1790608500,60.6,239.4,82924.64,chainlink,82952.92,twap60,,11.931,0.4333,0.430,0.440,2093.28,0.560,0.570,5.00,0.07,5,5.00,466.00,5106.28,-0.0000857,-0.0001492,-0.0028502
1790608575.6,1790608500,75.6,224.4,82916.65,chainlink,82952.92,twap60,,11.931,0.4114,0.370,0.390,388.00,0.610,0.620,299.00,0.07,5,561.98,2032.98,1513.00,-0.0001758,0.0003231,-0.0018745
1790608590.6,1790608500,90.6,209.4,82892.75,chainlink,82952.92,twap60,,11.931,0.3492,0.280,0.290,113.01,0.710,0.720,379.00,0.07,5,379.00,3886.15,3209.01,-0.0002159,-0.0001489,-0.0020651
1790608605.6,1790608500,105.6,194.4,82882.33,chainlink,82952.92,twap60,,11.931,0.3170,0.350,0.360,133.00,0.640,0.650,1846.09,0.07,5,1846.09,4239.15,1358.77,-0.0001093,-0.0005960,-0.0023139
1790608620.7,1790608500,120.7,179.3,82897.86,chainlink,82952.92,twap60,,11.931,0.3479,0.350,0.370,7.29,0.630,0.650,94.40,0.07,5,94.40,2688.71,347.35,-0.0000894,-0.0004023,-0.0004344
1790608635.7,1790608500,135.7,164.3,82890.50,chainlink,82952.92,twap60,,11.931,0.3194,0.210,0.220,140.45,0.780,0.790,803.70,0.07,5,803.70,3371.77,2347.77,-0.0000931,-0.0002430,-0.0005865
1790608650.7,1790608500,150.7,149.3,82853.75,chainlink,82952.92,twap60,,11.931,0.2133,0.080,0.090,70.00,0.910,0.920,485.15,0.07,5,307.15,4324.70,2972.07,-0.0004373,-0.0004542,-0.0008130
1790608665.7,1790608500,165.7,134.3,82808.13,chainlink,82952.92,twap60,,11.931,0.1057,0.080,0.090,21.80,0.910,0.920,593.02,0.07,5,638.02,4882.99,2140.50,-0.0005079,-0.0011724,-0.0024695
1790608680.8,1790608500,180.8,119.2,82813.97,chainlink,82952.92,twap60,,11.931,0.0954,0.040,0.050,209.51,0.950,0.960,912.06,0.07,5,912.06,12616.11,1739.24,0.0000834,-0.0010168,-0.0024254
1790608695.8,1790608500,195.8,104.2,82824.40,chainlink,82952.92,twap60,,11.931,0.0895,0.030,0.040,281.09,0.960,0.970,313.29,0.07,5,583.28,9976.56,3392.13,0.0000345,-0.0007915,-0.0021481
1790608710.8,1790608500,210.8,89.2,82830.60,chainlink,82952.92,twap60,,11.931,0.0719,,0.010,4688.85,0.990,,,0.07,5,,,8238.83,0.0000795,-0.0002367,-0.0017739
1790608725.8,1790608500,225.8,74.2,82852.23,chainlink,82952.92,twap60,,11.931,0.0745,,0.010,389.03,0.990,,,0.07,5,,,2803.33,0.0003659,0.0005453,-0.0012207
1790608740.8,1790608500,240.8,59.2,82865.96,chainlink,82952.92,twap60,82865.19,11.931,0.0480,,0.010,859.00,0.990,,,0.07,5,,,2609.15,0.0001526,0.0005362,-0.0011117
1790608755.8,1790608500,255.8,44.2,82902.97,chainlink,82952.92,twap60,82881.13,11.931,0.0490,,0.010,1340.56,0.990,,,0.07,5,,,3631.02,0.0004109,0.0009529,-0.0007441
1790608770.9,1790608500,270.9,29.1,82918.12,chainlink,82952.92,twap60,82898.54,11.931,0.0065,,0.010,31124.89,0.990,,,0.07,5,,,33660.35,0.0001694,0.0011608,-0.0006910
1790608785.9,1790608500,285.9,14.1,82887.71,chainlink,82952.92,twap60,82906.36,11.931,0.0010,,0.010,60647.44,0.990,,,0.07,5,,,63855.65,-0.0004133,0.0004150,-0.0005844
1790608815.9,1790608800,15.9,284.1,82865.03,chainlink,82902.56,twap60,,11.673,0.4185,0.390,0.400,176.00,0.600,0.610,685.55,0.07,5,562.88,2669.81,1752.00,-0.0002978,-0.0004711,-0.0002996
1790608831.0,1790608800,31.0,269.0,82899.32,chainlink,82902.56,twap60,,11.673,0.4927,0.400,0.410,148.00,0.590,0.600,41.00,0.07,5,41.00,1635.64,3476.45,0.0003607,-0.0002732,-0.0000696
1790608846.0,1790608800,46.0,254.0,82871.43,chainlink,82902.56,twap60,,11.673,0.4277,0.420,0.430,2785.33,0.570,0.580,5.00,0.07,5,5.00,66.03,4612.33,-0.0002241,-0.0001688,-0.0007275
1790608860.0,1790608800,60.0,240.0,82861.18,chainlink,82902.56,twap60,,11.673,0.4010,0.380,0.390,53.00,0.610,0.620,2100.66,0.07,5,2100.66,5354.27,677.00,-0.0000842,-0.0003443,-0.0008449
1790608875.0,1790608800,75.0,225.0,82849.58,chainlink,82902.56,twap60,,11.673,0.3693,0.320,0.330,923.67,0.670,0.680,200.96,0.07,5,378.96,1783.04,3543.67,-0.0001451,-0.0002395,-0.0007368
1790608890.1,1790608800,90.1,209.9,82849.21,chainlink,82902.56,twap60,,11.673,0.3629,0.300,0.310,365.00,0.690,0.700,199.10,0.07,5,199.10,2279.86,3441.56,0.0000035,-0.0004924,-0.0005090
1790608905.1,1790608800,105.1,194.9,82810.74,chainlink,82902.56,twap60,,11.673,0.2637,0.230,0.240,165.29,0.760,0.770,267.29,0.07,5,272.29,3327.78,1363.57,-0.0004198,-0.0006931,-0.0011409
1790608920.1,1790608800,120.1,179.9,82877.53,chainlink,82902.56,twap60,,11.673,0.4281,0.420,0.430,7.31,0.550,0.580,320.00,0.07,5,259.00,3812.84,175.00,0.0007471,0.0001922,-0.0002496
1790608935.1,1790608800,135.1,164.9,82884.63,chainlink,82902.56,twap60,,11.673,0.4454,0.460,0.470,33.00,0.530,0.540,935.26,0.07,5,980.25,3750.28,690.00,0.0001158,0.0004310,-0.0000646
1790608950.2,1790608800,150.2,149.8,82888.87,chainlink,82902.56,twap60,,11.673,0.4555,0.450,0.460,140.00,0.540,0.550,233.19,0.07,5,233.19,2717.56,1327.00,-0.0000024,0.0005232,0.0004666
1790608965.2,1790608800,165.2,134.8,82888.38,chainlink,82902.56,twap60,,11.673,0.4504,0.470,0.480,220.00,0.520,0.530,10.00,0.07,5,10.00,453.70,1507.05,0.0000393,0.0008780,0.0009815
1790608980.2,1790608800,180.2,119.8,82835.12,chainlink,82902.56,twap60,,11.673,0.2589,0.200,0.210,140.25,0.790,0.800,793.50,0.07,5,793.50,1858.29,3024.41,-0.0007171,-0.0004818,0.0001639
1790608995.2,1790608800,195.2,104.8,82791.87,chainlink,82902.56,twap60,,11.673,0.1194,0.050,0.060,457.00,0.940,0.950,173.00,0.07,5,173.00,2612.22,3883.70,-0.0005327,-0.0011734,-0.0003882
1790609010.2,1790608800,210.2,89.8,82826.52,chainlink,82902.56,twap60,,11.673,0.1779,0.150,0.160,225.00,0.840,0.850,358.34,0.07,5,358.34,3394.44,1270.00,0.0006512,-0.0007073,0.0000555
1790609025.3,1790608800,225.3,74.7,82893.82,chainlink,82902.56,twap60,,11.673,0.4495,0.400,0.410,590.79,0.590,0.600,100.00,0.07,5,100.00,383.00,1276.33,0.0007374,-0.0000087,0.0004887
1790609040.3,1790608800,240.3,59.7,82883.68,chainlink,82902.56,twap60,82881.18,11.673,0.3577,0.210,0.220,114.36,0.780,0.790,161.26,0.07,5,161.26,749.58,329.36,-0.0001351,0.0005756,0.0001782
1790609055.3,1790608800,255.3,44.7,82870.10,chainlink,82902.56,twap60,82872.86,11.673,0.1719,0.160,0.190,201.25,0.830,0.840,81.84,0.07,5,81.84,364.48,903.35,-0.0001227,0.0011772,-0.0004100
1790609070.3,1790608800,270.3,29.7,82974.67,chainlink,82902.56,twap60,82895.57,11.673,0.9616,0.990,,,,0.010,1195.50,0.07,5,1195.50,2790.76,,0.0012010,0.0017123,0.0006352
1790609085.4,1790608800,285.4,14.6,83009.79,chainlink,82902.56,twap60,82927.00,11.673,0.9990,0.990,,,,0.010,24812.22,0.07,5,24812.22,27268.79,,0.0003982,0.0013853,0.0014994
1790609115.4,1790609100,15.4,284.6,82963.09,chainlink,82942.28,twap60,,11.503,0.5461,0.460,0.470,775.44,0.530,0.540,11.54,0.07,5,11.54,872.27,6501.16,0.0000136,0.0010614,0.0011296
1790609130.4,1790609100,30.4,269.6,82944.81,chainlink,82942.28,twap60,,11.503,0.5058,0.450,0.460,1289.12,0.540,0.550,144.00,0.07,5,134.00,1270.28,3726.60,-0.0000513,-0.0003850,0.0006609
1790609145.4,1790609100,45.4,254.6,82895.24,chainlink,82942.28,twap60,,11.503,0.3901,0.370,0.380,398.40,0.620,0.630,197.41,0.07,5,197.41,1371.14,2571.48,-0.0005469,-0.0013633,0.0003268
1790609160.5,1790609100,60.5,239.5,82943.72,chainlink,82942.28,twap60,,11.503,0.5035,0.510,0.520,61.00,0.480,0.490,74.23,0.07,5,74.23,1615.66,838.00,0.0004702,-0.0002200,0.0009904
1790609175.5,1790609100,75.5,224.5,82903.00,chainlink,82942.28,twap60,,11.503,0.4008,0.320,0.330,1305.69,0.670,0.680,223.58,0.07,5,223.58,1387.72,3290.08,-0.0005431,-0.0005555,0.0006525
1790609190.5,1790609100,90.5,209.5,82909.44,chainlink,82942.28,twap60,,11.503,0.4132,0.430,0.440,1533.09,0.560,0.570,104.00,0.07,5,104.00,1195.00,4676.09,0.0002575,-0.0003756,0.0007713
1790609205.5,1790609100,105.5,194.5,82963.74,chainlink,82942.28,twap60,,11.503,0.5597,0.590,0.600,491.26,0.400,0.410,192.86,0.07,5,192.86,1557.97,4388.08,0.0006481,0.0007116,0.0017868
1790609220.5,1790609100,120.5,179.5,82985.62,chainlink,82942.28,twap60,,11.503,0.6252,0.720,0.730,18.00,0.270,0.280,1736.45,0.07,5,1736.45,3330.98,2176.52,0.0002376,0.0004530,0.0013335
1790609235.6,1790609100,135.6,164.4,82976.72,chainlink,82942.28,twap60,,11.503,0.6058,0.680,0.690,61.00,0.310,0.320,614.43,0.07,5,619.43,3037.34,3223.30,-0.0001384,0.0010687,0.0010568
1790609250.6,1790609100,150.6,149.4,82990.80,chainlink,82942.28,twap60,,11.503,0.6566,0.740,0.750,802.92,0.250,0.260,65.59,0.07,5,65.59,1955.52,2861.43,0.0001284,0.0009743,0.0012742
1790609265.6,1790609100,165.6,134.4,82993.52,chainlink,82942.28,twap60,,11.503,0.6767,0.780,0.790,427.81,0.210,0.220,21.31,0.07,5,21.31,1168.45,2558.86,-0.0000213,0.0003329,0.0011933
1790609280.6,1790609100,180.6,119.4,83013.93,chainlink,82942.28,twap60,,11.503,0.7578,0.880,0.890,251.32,0.110,0.120,535.35,0.07,5,535.35,1837.84,2175.15,0.0002335,0.0003100,0.0021459
1790609295.7,1790609100,195.7,104.3,83030.81,chainlink,82942.28,twap60,,11.503,0.8313,0.950,0.960,594.25,0.040,0.050,1564.87,0.07,5,1564.87,3051.83,18191.40,0.0001559,0.0006103,0.0031146
1790609310.7,1790609100,210.7,89.3,83063.97,chainlink,82942.28,twap60,,11.503,0.9340,0.970,0.980,1804.88,0.020,0.030,264.81,0.07,5,264.81,2297.28,11647.80,0.0003153,0.0008271,0.0027879
1790609325.7,1790609100,225.7,74.3,83073.20,chainlink,82942.28,twap60,,11.503,0.9740,0.990,,,,0.010,6522.65,0.07,5,6522.65,9185.05,,0.0001685,0.0009472,0.0021489
1790609340.7,1790609100,240.7,59.3,83096.24,chainlink,82942.28,twap60,83096.24,11.503,0.9988,0.990,,,,0.010,19891.93,0.07,5,19891.93,22148.85,,0.0003140,0.0009436,0.0026025
1790609355.7,1790609100,255.7,44.3,83096.68,chainlink,82942.28,twap60,83096.78,11.503,0.9990,0.999,,,,0.001,15385.49,0.07,5,15385.49,62053.63,,-0.0000028,0.0007091,0.0026704
1790609370.8,1790609100,270.8,29.2,83073.81,chainlink,82942.28,twap60,83089.59,11.503,0.9990,0.999,,,,0.001,15532.46,0.07,5,15532.46,66254.74,,-0.0001820,0.0001758,0.0011690
1790609385.8,1790609100,285.8,14.2,83065.64,chainlink,82942.28,twap60,83082.73,11.503,0.9990,0.999,,,,0.001,21739.73,0.07,5,21739.73,91892.01,,-0.0000993,-0.0000544,0.0006902
1790609415.8,1790609400,15.8,284.2,83045.06,chainlink,83074.70,twap60,,11.292,0.4333,0.380,0.390,311.02,0.610,0.620,107.00,0.07,5,107.00,1065.07,2605.42,0.0000854,-0.0005281,0.0011567
1790609430.8,1790609400,30.8,269.2,83028.41,chainlink,83074.70,twap60,,11.292,0.3933,0.280,0.290,425.04,0.710,0.720,197.93,0.07,5,197.93,1627.92,2407.87,-0.0002204,-0.0005476,0.0010583
1790609445.8,1790609400,45.8,254.2,82994.49,chainlink,83074.70,twap60,,11.292,0.3137,0.320,0.330,5.00,0.670,0.680,614.86,0.07,5,614.86,4310.21,793.90,-0.0002847,-0.0008257,0.0010822
1790609460.9,1790609400,60.9,239.1,83014.66,chainlink,83074.70,twap60,,11.292,0.3532,0.320,0.330,2525.57,0.670,0.680,3.25,0.07,5,3.25,556.25,3412.57,0.0001362,-0.0002808,0.0008029
1790609475.9,1790609400,75.9,224.1,83023.57,chainlink,83074.70,twap60,,11.292,0.3693,0.320,0.330,10.00,0.670,0.680,768.42,0.07,5,758.42,2816.70,1464.22,0.0000999,-0.0002786,0.0016332
1790609490.9,1790609400,90.9,209.1,82997.56,chainlink,83074.70,twap60,,11.292,0.2997,0.220,0.230,55.00,0.770,0.780,1172.91,0.07,5,1127.91,5062.19,426.00,-0.0003142,-0.0002478,0.0010556
1790609505.9,1790609400,105.9,194.1,82993.46,chainlink,83074.70,twap60,,11.292,0.2811,0.250,0.260,167.00,0.740,0.750,267.04,0.07,5,272.04,2554.04,1401.79,-0.0000671,-0.0001192,0.0003321
1790609521.0,1790609400,121.0,179.0,82994.86,chainlink,83074.70,twap60,,11.292,0.2744,0.200,0.210,5.00,0.790,0.800,1460.04,0.07,5,1460.04,4267.33,765.00,-0.0000056,-0.0002460,0.0000801
1790609536.0,1790609400,136.0,164.0,83060.40,chainlink,83074.70,twap60,,11.292,0.4547,0.460,0.470,165.00,0.530,0.540,34.90,0.07,5,34.90,539.58,3969.29,0.0007958,0.0004427,0.0009667
1790609550.0,1790609400,150.0,150.0,83047.62,chainlink,83074.70,twap60,,11.292,0.4096,0.360,0.370,150.00,0.630,0.640,421.00,0.07,5,416.00,3836.00,561.00,-0.0001485,0.0005853,0.0006303
1790609565.0,1790609400,165.0,135.0,83098.26,chainlink,83074.70,twap60,,11.292,0.5848,0.670,0.680,49.00,0.320,0.330,388.03,0.07,5,190.00,2607.64,872.73,0.0006068,0.0012396,0.0012489
1790609580.1,1790609400,180.1,119.9,83083.47,chainlink,83074.70,twap60,,11.292,0.5346,0.580,0.590,75.00,0.410,0.420,380.00,0.07,5,380.00,1377.58,736.87,-0.0001783,0.0010735,0.0007899
1790609595.1,1790609400,195.1,104.9,83098.57,chainlink,83074.70,twap60,,11.292,0.6035,0.610,0.620,200.69,0.380,0.390,82.00,0.07,5,82.00,609.83,1196.29,0.0001211,0.0004648,0.0007318
1790609610.1,1790609400,210.1,89.9,83080.74,chainlink,83074.70,twap60,,11.292,0.5302,0.550,0.560,77.00,0.440,0.450,179.00,0.07,5,194.00,2093.00,564.60,-0.0002056,0.0003959,0.0002592
1790609625.1,1790609400,225.1,74.9,83056.54,chainlink,83074.70,twap60,,11.292,0.3927,0.390,0.400,293.14,0.600,0.610,70.00,0.07,5,70.00,544.16,2861.14,-0.0002680,-0.0005025,-0.0001639
1790609640.1,1790609400,240.1,59.9,83028.63,chainlink,83074.70,twap60,83027.49,11.292,0.1800,0.030,0.040,916.34,0.960,0.970,616.87,0.07,5,616.87,4773.13,2068.64,-0.0003466,-0.0007209,-0.0008220
1790609655.2,1790609400,255.2,44.8,83021.54,chainlink,83074.70,twap60,83023.66,11.292,0.0534,,0.010,4838.42,0.990,,,0.07,5,,,7809.23,-0.0000092,-0.0009184,-0.0008114
1790609670.2,1790609400,270.2,29.8,83021.79,chainlink,83074.70,twap60,83022.49,11.292,0.0015,,0.010,24272.69,0.990,,,0.07,5,,,27115.49,0.0000157,-0.0006865,-0.0006273
1790609685.2,1790609400,285.2,14.8,83047.61,chainlink,83074.70,twap60,83026.08,11.292,0.0010,,0.010,49129.01,0.990,,,0.07,5,,,52026.85,0.0003359,-0.0001179,-0.0001859
1790609715.3,1790609700,15.3,284.7,83076.62,chainlink,83030.16,twap60,,10.719,0.6091,0.610,0.620,35.00,0.380,0.390,1712.13,0.07,5,1752.13,5567.61,1947.25,0.0002304,0.0006758,0.0003601
1790609730.3,1790609700,30.3,269.7,83060.04,chainlink,83030.16,twap60,,10.719,0.5730,0.570,0.580,1916.05,0.420,0.430,165.67,0.07,5,165.67,549.67,5759.20,-0.0000971,0.0004856,0.0005048
1790609745.3,1790609700,45.3,254.7,83066.22,chainlink,83030.16,twap60,,10.719,0.5908,0.680,0.690,1024.35,0.310,0.320,266.26,0.07,5,266.26,2337.46,3134.92,0.0001317,0.0001853,0.0007571
1790609760.3,1790609700,60.3,239.7,83105.54,chainlink,83030.16,twap60,,10.719,0.6906,0.770,0.780,443.13,0.220,0.230,301.00,0.07,5,301.00,1886.98,3996.24,0.0004670,0.0005785,0.0010867
1790609775.4,1790609700,75.4,224.6,83120.66,chainlink,83030.16,twap60,,10.719,0.7328,0.830,0.840,8.09,0.160,0.170,947.22,0.07,5,947.22,3622.54,3000.09,0.0001829,0.0006324,0.0011679
1790609790.4,1790609700,90.4,209.6,83205.77,chainlink,83030.16,twap60,,10.719,0.8958,0.920,0.930,26.32,0.060,0.070,94.11,0.07,5,593.07,4128.66,3137.94,0.0010195,0.0018103,0.0024879
1790609805.4,1790609700,105.4,194.6,83189.02,chainlink,83030.16,twap60,,10.719,0.8834,0.940,0.950,422.19,0.050,0.060,312.00,0.07,5,269.00,3776.98,5798.05,-0.0002292,0.0014711,0.0023312
1790609820.4,1790609700,120.4,179.6,83243.15,chainlink,83030.16,twap60,,10.719,0.9537,0.960,0.970,76.00,0.030,0.040,1197.58,0.07,5,1197.58,5302.88,9354.57,0.0006517,0.0016556,0.0029936
1790609835.5,1790609700,135.5,164.5,83230.24,chainlink,83030.16,twap60,,10.719,0.9528,0.950,0.960,192.81,0.040,0.050,951.09,0.07,5,951.09,4760.34,12452.57,-0.0001263,0.0013135,0.0020480
1790609850.5,1790609700,150.5,149.5,83188.07,chainlink,83030.16,twap60,,10.719,0.9204,0.960,0.970,219.73,0.030,0.040,1197.94,0.07,5,1197.94,5524.53,8954.46,-0.0003173,-0.0002407,0.0016870
1790609865.5,1790609700,165.5,134.5,83179.22,chainlink,83030.16,twap60,,10.719,0.9237,0.970,0.980,607.43,0.020,0.030,577.06,0.07,5,577.06,5237.00,8276.15,-0.0001370,-0.0001166,0.0009735
1790609880.5,1790609700,180.5,119.5,83251.52,chainlink,83030.16,twap60,,10.719,0.9897,0.990,,,,0.010,12266.91,0.07,5,12266.91,16184.39,,0.0008352,0.0001294,0.0019601
1790609895.5,1790609700,195.5,104.5,83274.28,chainlink,83030.16,twap60,,10.719,0.9977,0.990,,,,0.010,23984.64,0.07,5,23984.64,28024.48,,0.0002940,0.0007186,0.0021213
1790609910.6,1790609700,210.6,89.4,83292.66,chainlink,83030.16,twap60,,10.719,0.9990,0.990,,,,0.010,25212.68,0.07,5,25212.68,29523.34,,0.0000337,0.0012258,0.0025708
1790609925.6,1790609700,225.6,74.4,83277.56,chainlink,83030.16,twap60,,10.719,0.9990,0.990,,,,0.010,25862.71,0.07,5,25862.71,30608.37,,-0.0000881,0.0011479,0.0026471
1790609940.6,1790609700,240.6,59.4,83285.58,chainlink,83030.16,twap60,83285.58,10.719,0.9990,0.990,,,,0.010,38726.79,0.07,5,38726.79,43018.55,,0.0001472,0.0004296,0.0031661
1790609955.6,1790609700,255.6,44.4,83251.71,chainlink,83030.16,twap60,83267.89,10.719,0.9990,0.990,,,,0.010,53540.41,0.07,5,53540.41,57626.05,,-0.0003828,-0.0004581,0.0027812
1790609970.6,1790609700,270.6,29.4,83224.20,chainlink,83030.16,twap60,83250.64,10.719,0.9990,0.999,,,,0.001,22572.71,0.07,5,22572.71,85329.40,,-0.0003259,-0.0007290,0.0024600
1790609985.7,1790609700,285.7,14.3,83205.72,chainlink,83030.16,twap60,83235.86,10.719,0.9990,0.999,,,,0.001,28821.49,0.07,5,28821.49,109736.28,,-0.0002012,-0.0008121,0.0018634
1790610015.7,1790610000,15.7,284.3,83233.38,chainlink,83239.78,twap60,,10.897,0.4850,0.440,0.450,247.17,0.550,0.560,590.12,0.07,5,590.12,5309.24,1323.44,-0.0004520,-0.0002155,0.0019877
1790610030.7,1790610000,30.7,269.3,83216.07,chainlink,83239.78,twap60,,10.897,0.4429,0.440,0.450,40.00,0.550,0.560,1671.39,0.07,5,1671.39,3176.39,1598.00,-0.0001632,-0.0000768,0.0019341
1790610045.8,1790610000,45.8,254.2,83204.88,chainlink,83239.78,twap60,,10.897,0.4134,0.420,0.430,70.37,0.570,0.580,924.02,0.07,5,924.02,3438.87,1559.37,-0.0000535,-0.0001252,0.0016616
1790610060.8,1790610000,60.8,239.2,83214.11,chainlink,83239.78,twap60,,10.897,0.4337,0.360,0.370,898.06,0.630,0.640,20.92,0.07,5,50.92,858.92,2761.06,0.0001207,-0.0006836,0.0013066
1790610075.8,1790610000,75.8,224.2,83205.95,chainlink,83239.78,twap60,,10.897,0.4095,0.420,0.430,31.00,0.570,0.580,1486.25,0.07,5,1486.25,3302.21,1259.32,-0.0000361,-0.0002848,0.0010217
1790610090.8,1790610000,90.8,209.2,83203.90,chainlink,83239.78,twap60,,10.897,0.4001,0.380,0.390,1715.86,0.610,0.620,79.91,0.07,5,79.91,1513.27,3311.03,-0.0000295,-0.0000652,-0.0000504
1790610105.8,1790610000,105.8,194.2,83232.87,chainlink,83239.78,twap60,,10.897,0.4796,0.510,0.520,1650.20,0.480,0.490,20.00,0.07,5,20.00,866.02,5118.60,0.0003187,0.0003462,0.0005282
1790610120.9,1790610000,120.9,179.1,83255.86,chainlink,83239.78,twap60,,10.897,0.5498,0.560,0.570,1735.94,0.430,0.440,25.00,0.07,5,25.00,2650.04,5227.96,0.0002656,0.0005636,0.0001814
1790610135.9,1790610000,135.9,164.1,83278.10,chainlink,83239.78,twap60,,10.897,0.6239,0.710,0.720,1827.77,0.280,0.290,11.55,0.07,5,11.55,2650.83,3895.78,0.0002619,0.0008619,0.0007644
1790610150.9,1790610000,150.9,149.1,83258.16,chainlink,83239.78,twap60,,10.897,0.5642,0.570,0.580,731.38,0.420,0.430,80.00,0.07,5,80.00,3088.00,3629.83,-0.0002401,0.0006225,0.0008115
1790610165.9,1790610000,165.9,134.1,83244.74,chainlink,83239.78,twap60,,10.897,0.5187,0.390,0.400,609.87,0.600,0.610,31.00,0.07,5,31.00,326.00,2404.87,-0.0001521,0.0001321,0.0007538
1790610181.0,1790610000,181.0,119.0,83208.20,chainlink,83239.78,twap60,,10.897,0.3722,0.350,0.360,713.72,0.640,0.650,5.00,0.07,5,5.00,619.07,2259.84,-0.0003669,-0.0005777,-0.0004999
1790610196.0,1790610000,196.0,104.0,83205.02,chainlink,83239.78,twap60,,10.897,0.3451,0.210,0.220,1176.81,0.780,0.790,77.73,0.07,5,77.73,1513.96,1951.97,-0.0000405,-0.0008786,-0.0010191
1790610210.0,1790610000,210.0,90.0,83204.87,chainlink,83239.78,twap60,,10.897,0.3252,0.270,0.280,35.00,0.720,0.730,372.19,0.07,5,372.19,2265.59,385.00,0.0000045,-0.0006312,-0.0009613
1790610225.0,1790610000,225.0,75.0,83209.92,chainlink,83239.78,twap60,,10.897,0.3216,0.090,0.100,120.00,0.900,0.910,251.09,0.07,5,251.09,4733.51,743.00,-0.0000672,-0.0003463,-0.0007617
1790610240.0,1790610000,240.0,60.0,83178.46,chainlink,83239.78,twap60,83178.46,10.897,0.1039,,0.010,10727.77,0.990,,,0.07,5,,,15766.92,-0.0003096,-0.0003597,-0.0012630
1790610255.1,1790610000,255.1,44.9,83166.74,chainlink,83239.78,twap60,83165.47,10.897,0.0101,,0.010,30217.17,0.990,,,0.07,5,,,34667.61,-0.0000329,-0.0004538,-0.0010166
1790610270.1,1790610000,270.1,29.9,83174.32,chainlink,83239.78,twap60,83170.35,10.897,0.0010,,0.010,77800.58,0.990,,,0.07,5,,,81796.77,0.0000216,-0.0004951,-0.0005787
1790610285.1,1790610000,285.1,14.9,83157.31,chainlink,83239.78,twap60,83168.36,10.897,0.0010,,0.010,78752.64,0.990,,,0.07,5,,,82676.83,-0.0000396,-0.0005639,-0.0006970
1790610315.1,1790610300,15.1,284.9,83187.27,chainlink,83168.42,twap60,,9.964,0.5481,0.550,0.560,173.00,0.440,0.450,858.14,0.07,5,854.68,3572.07,2055.64,0.0000807,0.0001773,-0.0005093
1790610330.2,1790610300,30.2,269.8,83209.74,chainlink,83168.42,twap60,,9.964,0.6078,0.630,0.640,634.23,0.360,0.370,225.76,0.07,5,225.76,2982.95,4147.23,0.0003177,0.0005907,0.0000050
1790610345.2,1790610300,45.2,254.8,83228.07,chainlink,83168.42,twap60,,9.964,0.6585,0.650,0.660,410.00,0.340,0.350,1130.43,0.07,5,1130.43,2545.27,2231.67,0.0002367,0.0008751,0.0002884
1790610360.2,1790610300,60.2,239.8,83226.22,chainlink,83168.42,twap60,,9.964,0.6593,0.760,0.770,180.02,0.230,0.240,821.25,0.07,5,821.25,5872.01,1262.17,0.0000610,0.0005488,0.0002076
1790610375.2,1790610300,75.2,224.8,83194.39,chainlink,83168.42,twap60,,9.964,0.5760,0.640,0.650,194.13,0.350,0.360,641.23,0.07,5,641.23,4338.62,1835.70,-0.0003980,0.0001332,-0.0001438
1790610390.3,1790610300,90.3,209.7,83203.97,chainlink,83168.42,twap60,,9.964,0.6079,0.690,0.700,37.85,0.300,0.310,844.96,0.07,5,844.96,5768.64,1759.72,0.0000757,-0.0000529,-0.0000286
1790610405.3,1790610300,105.3,194.7,83239.89,chainlink,83168.42,twap60,,9.964,0.7179,0.890,0.900,943.61,0.100,0.110,90.00,0.07,5,90.00,883.12,5732.65,0.0004078,0.0002252,0.0000737
1790610420.3,1790610300,120.3,179.7,83231.71,chainlink,83168.42,twap60,,9.964,0.7045,0.760,0.770,305.12,0.230,0.240,271.00,0.07,5,259.00,2806.22,2379.99,-0.0005938,0.0000505,-0.0002952
1790610435.3,1790610300,135.3,164.7,83220.98,chainlink,83168.42,twap60,,9.964,0.6817,0.800,0.810,715.23,0.190,0.200,42.65,0.07,5,42.65,1303.55,3273.71,-0.0001116,0.0002802,-0.0006867
1790610450.3,1790610300,150.3,149.7,83246.68,chainlink,83168.42,twap60,,9.964,0.7734,0.870,0.880,539.39,0.120,0.130,87.49,0.07,5,87.49,2756.49,4317.14,0.0001964,0.0004894,-0.0001288
1790610465.3,1790610300,165.3,134.7,83238.59,chainlink,83168.42,twap60,,9.964,0.7654,0.860,0.870,489.24,0.130,0.140,426.37,0.07,5,226.37,3089.81,2524.33,-0.0001221,-0.0005112,-0.0000018
1790610480.4,1790610300,180.4,119.6,83261.28,chainlink,83168.42,twap60,,9.964,0.8518,0.940,0.950,1332.87,0.050,0.060,203.66,0.07,5,203.66,3013.04,5005.39,0.0002407,0.0003725,0.0006354
1790610495.4,1790610300,195.4,104.6,83225.12,chainlink,83168.42,twap60,,9.964,0.7605,0.840,0.850,247.72,0.150,0.160,418.53,0.07,5,418.53,3447.39,1574.52,-0.0004345,-0.0000626,0.0002478
1790610510.4,1790610300,210.4,89.6,83224.78,chainlink,83168.42,twap60,,9.964,0.7891,0.900,0.910,123.00,0.090,0.100,295.43,0.07,5,295.43,2045.12,2102.15,-0.0000040,-0.0002880,0.0001114
1790610525.4,1790610300,225.4,74.6,83253.84,chainlink,83168.42,twap60,,9.964,0.9276,0.990,,,,0.010,4256.75,0.07,5,4256.75,8328.10,,0.0004158,0.0001514,0.0005963
1790610540.5,1790610300,240.5,59.5,83222.20,chainlink,83168.42,twap60,83222.20,9.964,0.8889,0.980,0.990,3037.91,0.010,0.020,150.19,0.07,5,150.19,915.19,3037.91,-0.0003234,-0.0004695,0.0006337
1790610555.5,1790610300,255.5,44.5,83210.53,chainlink,83168.42,twap60,83215.51,9.964,0.9362,0.990,,,,0.010,2947.58,0.07,5,2947.58,4016.89,,-0.0001128,-0.0001753,0.0004569
1790610570.5,1790610300,270.5,29.5,83208.93,chainlink,83168.42,twap60,83215.85,9.964,0.9979,0.990,,,,0.010,25795.47,0.07,5,25795.47,27548.70,,0.0000477,-0.0001238,0.0005809
1790610585.5,1790610300,285.5,14.5,83226.97,chainlink,83168.42,twap60,83216.41,9.964,0.9990,0.999,,,,0.001,23133.63,0.07,5,23133.63,80981.94,,0.0002424,-0.0002660,0.0008619
1790610615.6,1790610600,15.6,284.4,83280.66,chainlink,83219.17,twap60,,9.705,0.6574,0.660,0.670,1686.00,0.330,0.340,150.29,0.07,5,150.29,2715.35,3763.86,0.0003010,0.0009094,0.0011696
1790610630.6,1790610600,30.6,269.4,83300.20,chainlink,83219.17,twap60,,9.705,0.7092,0.760,0.770,1729.84,0.230,0.240,26.79,0.07,5,26.79,464.03,4058.03,0.0002713,0.0011218,0.0011030
1790610645.6,1790610600,45.6,254.4,83266.32,chainlink,83219.17,twap60,,9.705,0.6300,0.660,0.670,75.00,0.330,0.340,807.78,0.07,5,807.78,3928.69,1334.45,-0.0003999,0.0004900,0.0005426
1790610660.6,1790610600,60.6,239.4,83279.71,chainlink,83219.17,twap60,,9.705,0.6707,0.680,0.690,45.00,0.310,0.320,1140.00,0.07,5,1140.00,5356.79,663.00,0.0001671,0.0002896,0.0006270
1790610675.7,1790610600,75.7,224.3,83258.32,chainlink,83219.17,twap60,,9.705,0.6168,0.660,0.670,1874.74,0.330,0.340,52.05,0.07,5,52.05,1103.74,3794.50,-0.0002549,-0.0002316,0.0007287
1790610690.7,1790610600,90.7,209.3,83244.78,chainlink,83219.17,twap60,,9.705,0.5803,0.590,0.600,45.00,0.400,0.410,1841.22,0.07,5,1841.22,5337.92,1276.69,-0.0001637,-0.0006586,0.0004666
1790610705.7,1790610600,105.7,194.3,83240.30,chainlink,83219.17,twap60,,9.705,0.5696,0.510,0.520,53.00,0.480,0.490,1873.41,0.07,5,1878.41,3631.08,1402.30,-0.0000787,-0.0003063,-0.0004907
1790610720.7,1790610600,120.7,179.3,83227.49,chainlink,83219.17,twap60,,9.705,0.5290,0.530,0.540,1968.00,0.460,0.470,259.91,0.07,5,259.91,1212.91,4538.40,-0.0001479,-0.0006252,-0.0000334
1790610735.7,1790610600,135.7,164.3,83218.75,chainlink,83219.17,twap60,,9.705,0.4985,0.470,0.480,216.00,0.520,0.530,464.01,0.07,5,464.01,2127.85,1646.51,-0.0000893,-0.0004764,-0.0001391
1790610750.8,1790610600,150.8,149.2,83202.73,chainlink,83219.17,twap60,,9.705,0.4356,0.450,0.460,159.00,0.540,0.550,43.00,0.07,5,43.00,913.00,4486.05,-0.0001885,-0.0005301,-0.0005529
1790610765.8,1790610600,165.8,134.2,83242.20,chainlink,83219.17,twap60,,9.705,0.5966,0.740,0.750,264.39,0.250,0.260,143.00,0.07,5,143.00,2147.42,1048.39,0.0004446,0.0000288,0.0000116
1790610780.8,1790610600,180.8,119.2,83219.20,chainlink,83219.17,twap60,,9.705,0.5001,0.460,0.470,20.00,0.530,0.540,831.11,0.07,5,871.11,3284.83,1609.00,-0.0002766,-0.0000839,-0.0005056
1790610795.8,1790610600,195.8,104.2,83211.69,chainlink,83219.17,twap60,,9.705,0.4617,0.360,0.370,88.60,0.630,0.640,533.33,0.07,5,533.33,3116.45,667.32,-0.0000938,-0.0000808,-0.0001614
1790610810.8,1790610600,210.8,89.2,83221.91,chainlink,83219.17,twap60,,9.705,0.5160,0.620,0.630,542.41,0.370,0.380,152.00,0.07,5,102.00,768.00,2097.86,0.0001228,0.0002008,0.0000321
1790610825.9,1790610600,225.9,74.1,83252.55,chainlink,83219.17,twap60,,9.705,0.7220,0.840,0.850,273.69,0.150,0.160,389.00,0.07,5,214.00,1773.32,2183.86,0.0003319,0.0001241,0.0000413
1790610840.9,1790610600,240.9,59.1,83242.37,chainlink,83219.17,twap60,83242.37,9.705,0.7078,0.900,0.910,249.32,0.090,0.100,338.00,0.07,5,338.00,1535.25,3193.92,-0.0000577,0.0002749,0.0002698
1790610855.9,1790610600,255.9,44.1,83267.84,chainlink,83219.17,twap60,83247.60,9.705,0.9435,0.990,,,,0.010,4222.57,0.07,5,4222.57,7352.33,,0.0002931,0.0006746,0.0007554
1790610870.9,1790610600,270.9,29.1,83280.11,chainlink,83219.17,twap60,83265.44,9.705,0.9990,0.990,,,,0.010,36936.18,0.07,5,36936.18,39610.13,,0.0001597,0.0006628,0.0008806
1790610886.0,1790610600,286.0,14.0,83293.39,chainlink,83219.17,twap60,83271.65,9.705,0.9990,0.990,,,,0.010,66321.57,0.07,5,66321.57,69924.31,,0.0001432,0.0005550,0.0008151
1790610915.0,1790610900,15.0,285.0,83326.58,chainlink,83278.04,twap60,,8.386,0.6442,0.690,0.700,1551.57,0.300,0.310,189.17,0.07,5,189.17,2002.22,3748.57,0.0001530,0.0007177,0.0005880
1790610930.0,1790610900,30.0,270.0,83334.33,chainlink,83278.04,twap60,,8.386,0.6710,0.710,0.720,487.00,0.280,0.290,334.63,0.07,5,465.63,3224.17,2774.59,0.0000729,0.0006346,0.0004166
1790610945.1,1790610900,45.1,254.9,83341.58,chainlink,83278.04,twap60,,8.386,0.6974,0.790,0.800,167.00,0.200,0.210,1003.05,0.07,5,1003.05,3256.80,2732.98,0.0000939,0.0005868,0.0009098
1790610960.1,1790610900,60.1,239.9,83336.97,chainlink,83278.04,twap60,,8.386,0.6904,0.620,0.630,1334.94,0.370,0.380,334.11,0.07,5,334.11,1966.75,3409.84,-0.0001555,0.0002776,0.0006893
1790610975.1,1790610900,75.1,224.9,83322.66,chainlink,83278.04,twap60,,8.386,0.6522,0.630,0.640,73.00,0.360,0.370,701.89,0.07,5,701.89,2224.03,1667.03,0.0000160,-0.0000671,0.0007714
1790610990.1,1790610900,90.1,209.9,83306.03,chainlink,83278.04,twap60,,8.386,0.6010,0.690,0.700,13.00,0.300,0.310,400.50,0.07,5,450.50,3721.45,912.34,-0.0001110,-0.0003328,0.0007106
1790611005.2,1790610900,105.2,194.8,83327.34,chainlink,83278.04,twap60,,8.386,0.6817,0.710,0.720,27.00,0.280,0.290,1277.35,0.07,5,1277.35,3690.74,1218.31,0.0001186,-0.0002710,0.0010511
1790611020.2,1790610900,120.2,179.8,83326.81,chainlink,83278.04,twap60,,8.386,0.6886,0.760,0.770,5.00,0.230,0.240,45.00,0.07,5,45.00,135.00,168.00,0.0000554,0.0000658,0.0012084
1790611035.2,1790610900,135.2,164.8,83352.11,chainlink,83278.04,twap60,,8.386,0.7854,0.850,0.860,1326.97,0.140,0.150,28.00,0.07,5,28.00,1810.03,3937.40,0.0003549,0.0004420,0.0016053
1790611050.2,1790610900,150.2,149.8,83348.31,chainlink,83278.04,twap60,,8.386,0.7881,0.860,0.870,1350.53,0.130,0.140,148.00,0.07,5,148.00,2551.10,3936.23,-0.0000459,0.0003702,0.0017185
1790611065.3,1790610900,165.3,134.7,83346.50,chainlink,83278.04,twap60,,8.386,0.7992,0.870,0.880,963.75,0.120,0.130,326.93,0.07,5,326.93,2053.05,3261.67,-0.0000245,0.0002917,0.0012519
1790611080.3,1790610900,180.3,119.7,83338.27,chainlink,83278.04,twap60,,8.386,0.7894,0.870,0.880,74.00,0.120,0.130,725.50,0.07,5,725.50,3963.64,1612.16,-0.0000500,0.0001888,0.0014262
1790611095.3,1790610900,195.3,104.7,83344.17,chainlink,83278.04,twap60,,8.386,0.8365,0.920,0.930,407.65,0.070,0.080,171.55,0.07,5,171.55,1580.80,5494.55,0.0002305,-0.0000956,0.0015908
1790611110.3,1790610900,210.3,89.7,83351.96,chainlink,83278.04,twap60,,8.386,0.8944,0.960,0.970,724.09,0.030,0.040,323.12,0.07,5,323.12,3252.89,6391.78,0.0000960,0.0000410,0.0015252
1790611125.3,1790610900,225.3,74.7,83339.85,chainlink,83278.04,twap60,,8.386,0.8947,0.970,0.980,338.57,0.020,0.030,1212.33,0.07,5,1212.33,4223.71,2659.73,-0.0001418,-0.0000310,0.0011126
1790611140.4,1790610900,240.4,59.6,83349.56,chainlink,83278.04,twap60,83349.56,8.386,0.9728,0.990,,,,0.010,9736.83,0.07,5,9736.83,11754.78,,0.0000478,0.0002952,0.0012739
1790611155.4,1790610900,255.4,44.6,83346.59,chainlink,83278.04,twap60,83344.87,8.386,0.9977,0.990,,,,0.010,35304.45,0.07,5,35304.45,37268.37,,0.0000107,0.0000316,0.0009577
1790611170.4,1790610900,270.4,29.6,83368.51,chainlink,83278.04,twap60,83353.74,8.386,0.9990,0.990,,,,0.010,72303.41,0.07,5,72303.41,74656.51,,0.0001917,0.0002020,0.0010447
1790611185.4,1790610900,285.4,14.6,83369.78,chainlink,83278.04,twap60,83358.85,8.386,0.9990,0.990,,,,0.010,72398.13,0.07,5,72398.13,74721.23,,0.0000134,0.0002904,0.0009250
1790611215.4,1790611200,15.4,284.6,83326.26,chainlink,83360.10,twap60,,8.151,0.3953,0.380,0.390,287.43,0.610,0.620,458.00,0.07,5,458.00,4781.38,2223.76,-0.0002242,-0.0003152,-0.0000238
1790611230.5,1790611200,30.5,269.5,83324.00,chainlink,83360.10,twap60,,8.151,0.3850,0.300,0.310,16.77,0.690,0.700,388.14,0.07,5,388.14,4682.07,133.77,-0.0000254,-0.0005358,-0.0001171
1790611245.5,1790611200,45.5,254.5,83312.05,chainlink,83360.10,twap60,,8.151,0.3437,0.260,0.270,878.48,0.730,0.740,1347.17,0.07,5,1347.17,3912.17,2609.84,-0.0000338,-0.0007017,-0.0004546
1790611260.5,1790611200,60.5,239.5,83344.19,chainlink,83360.10,twap60,,8.151,0.4450,0.490,0.500,9.86,0.500,0.510,500.00,0.07,5,410.00,3890.00,181.86,0.0003907,-0.0000091,0.0002743
1790611275.5,1790611200,75.5,224.5,83370.78,chainlink,83360.10,twap60,,8.151,0.5384,0.510,0.520,50.00,0.480,0.490,630.68,0.07,5,630.68,3031.52,1520.62,0.0002632,0.0005358,0.0006659
1790611290.5,1790611200,90.5,209.5,83349.41,chainlink,83360.10,twap60,,8.151,0.4599,0.320,0.330,240.00,0.670,0.680,206.45,0.07,5,206.45,1754.04,2570.80,-0.0002535,0.0004145,0.0003834
1790611305.6,1790611200,105.6,194.4,83362.22,chainlink,83360.10,twap60,,8.151,0.5084,0.420,0.430,697.09,0.570,0.580,136.91,0.07,5,136.91,1590.91,2385.34,0.0001665,0.0006070,0.0004803
1790611320.6,1790611200,120.6,179.4,83349.51,chainlink,83360.10,twap60,,8.151,0.4562,0.430,0.440,747.66,0.560,0.570,200.00,0.07,5,180.00,2735.32,4399.93,-0.0001665,0.0000080,0.0003237
1790611335.6,1790611200,135.6,164.4,83332.15,chainlink,83360.10,twap60,,8.151,0.3793,0.320,0.330,1680.68,0.670,0.680,75.00,0.07,5,75.00,2935.51,3381.16,-0.0002212,-0.0004606,-0.0002398
1790611350.6,1790611200,150.6,149.4,83322.73,chainlink,83360.10,twap60,,8.151,0.3305,0.190,0.200,1465.78,0.800,0.810,26.89,0.07,5,26.89,2155.82,3939.21,-0.0000954,-0.0003074,-0.0003098
1790611365.6,1790611200,165.6,134.4,83291.64,chainlink,83360.10,twap60,,8.151,0.1936,0.110,0.120,261.09,0.880,0.890,1737.94,0.07,5,1737.94,3943.39,2098.09,-0.0002933,-0.0008611,-0.0006096
1790611380.7,1790611200,180.7,119.3,83274.74,chainlink,83360.10,twap60,,8.151,0.1198,0.050,0.060,727.51,0.940,0.950,308.93,0.07,5,267.01,5067.61,4432.00,-0.0003203,-0.0009104,-0.0006029
1790611395.7,1790611200,195.7,104.3,83277.02,chainlink,83360.10,twap60,,8.151,0.1019,0.020,0.030,2376.45,0.970,0.980,218.91,0.07,5,218.91,2896.51,6165.72,-0.0000011,-0.0006441,-0.0008034
1790611410.7,1790611200,210.7,89.3,83254.66,chainlink,83360.10,twap60,,8.151,0.0327,,0.010,11562.63,0.990,,,0.07,5,,,16432.49,-0.0002335,-0.0007373,-0.0011645
1790611425.7,1790611200,225.7,74.3,83227.44,chainlink,83360.10,twap60,,8.151,0.0027,,0.010,18200.67,0.990,,,0.07,5,,,23133.52,-0.0002789,-0.0008885,-0.0014185
1790611440.8,1790611200,240.8,59.2,83235.28,chainlink,83360.10,twap60,83235.97,8.151,0.0010,,0.010,25755.06,0.990,,,0.07,5,,,30048.36,0.0000979,-0.0005025,-0.0013256
1790611455.8,1790611200,255.8,44.2,83274.87,chainlink,83360.10,twap60,83258.10,8.151,0.0010,,0.010,39000.62,0.990,,,0.07,5,,,43310.22,0.0004672,0.0000092,-0.0009322
1790611470.8,1790611200,270.8,29.2,83296.01,chainlink,83360.10,twap60,83271.47,8.151,0.0010,,0.010,68063.89,0.990,,,0.07,5,,,71764.56,0.0002904,0.0005447,-0.0008718
1790611485.8,1790611200,285.8,14.2,83281.61,chainlink,83360.10,twap60,83277.77,8.151,0.0010,,0.010,68111.09,0.990,,,0.07,5,,,72031.76,-0.0001940,0.0006543,-0.0010672
1790611515.9,1790611500,15.9,284.1,83274.96,chainlink,83275.41,twap60,,8.163,0.4986,0.490,0.500,12.00,0.500,0.510,2526.33,0.07,5,2976.33,6104.33,1240.70,0.0000480,0.0000376,-0.0006142
1790611530.9,1790611500,30.9,269.1,83291.87,chainlink,83275.41,twap60,,8.163,0.5530,0.510,0.520,169.00,0.480,0.490,1290.05,0.07,5,1290.05,2947.55,2003.44,0.0002974,-0.0000708,-0.0002760
1790611545.9,1790611500,45.9,254.1,83267.22,chainlink,83275.41,twap60,,8.163,0.4727,0.410,0.420,76.00,0.580,0.590,1415.47,0.07,5,1415.47,5350.84,645.00,-0.0003016,-0.0001735,-0.0005332
1790611560.9,1790611500,60.9,239.1,83246.71,chainlink,83275.41,twap60,,8.163,0.4016,0.350,0.360,175.00,0.640,0.650,612.78,0.07,5,612.78,4360.42,1710.36,-0.0002455,-0.0002912,-0.0012260
1790611576.0,1790611500,76.0,224.0,83255.89,chainlink,83275.41,twap60,,8.163,0.4300,0.420,0.430,455.67,0.570,0.580,53.00,0.07,5,53.00,654.00,3695.23,0.0001057,-0.0001347,-0.0013761
1790611591.0,1790611500,91.0,209.0,83270.90,chainlink,83275.41,twap60,,8.163,0.4831,0.510,0.520,350.00,0.480,0.490,309.42,0.07,5,309.42,2457.09,1879.01,0.0001957,-0.0002574,-0.0009296
1790611606.0,1790611500,106.0,194.0,83277.48,chainlink,83275.41,twap60,,8.163,0.5082,0.460,0.470,1071.96,0.530,0.540,65.00,0.07,5,65.00,1214.00,4751.31,0.0000772,0.0001240,-0.0010311
1790611620.0,1790611500,120.0,180.0,83288.70,chainlink,83275.41,twap60,,8.163,0.5547,0.570,0.580,89.82,0.420,0.430,15.00,0.07,5,15.00,305.00,3492.86,0.0001861,0.0004997,-0.0007427
1790611635.0,1790611500,135.0,165.0,83286.50,chainlink,83275.41,twap60,,8.163,0.5484,0.520,0.530,393.84,0.470,0.480,202.00,0.07,5,202.00,1762.00,1725.84,-0.0000637,0.0003829,-0.0005303
1790611650.0,1790611500,150.0,150.0,83306.16,chainlink,83275.41,twap60,,8.163,0.6403,0.800,0.810,122.00,0.190,0.200,1332.00,0.07,5,1327.00,5249.65,1382.26,0.0002513,0.0004216,-0.0001189
1790611665.1,1790611500,165.1,134.9,83371.71,chainlink,83275.41,twap60,,8.163,0.8870,0.920,0.930,25.00,0.070,0.080,1041.62,0.07,5,1091.62,3560.59,2423.87,0.0006881,0.0011823,0.0008435
1790611680.1,1790611500,180.1,119.9,83377.63,chainlink,83275.41,twap60,,8.163,0.9194,0.890,0.900,10.36,0.090,0.100,393.00,0.07,5,1714.17,4797.61,1836.06,0.0000805,0.0010300,0.0012063
1790611695.1,1790611500,195.1,104.9,83391.81,chainlink,83275.41,twap60,,8.163,0.9617,0.990,,,,0.010,8000.67,0.07,5,8075.67,11458.67,,0.0004357,0.0012788,0.0014125
1790611710.1,1790611500,210.1,89.9,83393.70,chainlink,83275.41,twap60,,8.163,0.9799,0.990,,,,0.010,3581.51,0.07,5,3581.51,7365.83,,-0.0000036,0.0009518,0.0017168
1790611725.2,1790611500,225.2,74.8,83387.47,chainlink,83275.41,twap60,,8.163,0.9900,0.990,,,,0.010,13862.38,0.07,5,13842.38,19725.39,,0.0001510,0.0001984,0.0019246
1790611740.2,1790611500,240.2,59.8,83415.71,chainlink,83275.41,twap60,83410.87,8.163,0.9990,0.990,,,,0.010,28668.21,0.07,5,28668.21,33704.23,,0.0002879,0.0007223,0.0021571
1790611755.2,1790611500,255.2,44.8,83397.02,chainlink,83275.41,twap60,83398.14,8.163,0.9990,0.999,,,,0.001,20609.87,0.07,5,20609.87,67302.56,,-0.0000333,0.0000363,0.0015024
1790611770.2,1790611500,270.2,29.8,83363.90,chainlink,83275.41,twap60,83391.43,8.163,0.9990,0.999,,,,0.001,20800.11,0.07,5,20800.11,70902.77,,-0.0004005,-0.0001316,0.0007937
1790611785.2,1790611500,285.2,14.8,83348.51,chainlink,83275.41,twap60,83379.30,8.163,0.9990,0.999,,,,0.001,25385.96,0.07,5,25385.96,94635.82,,-0.0002082,-0.0005181,0.0008022
1790611815.3,1790611800,15.3,284.7,83397.52,chainlink,83374.95,twap60,,7.363,0.5777,0.620,0.630,66.03,0.370,0.380,1165.52,0.07,5,1360.52,4076.80,441.03,0.0001902,0.0000027,0.0015651
1790611830.3,1790611800,30.3,269.7,83428.10,chainlink,83374.95,twap60,,7.363,0.6830,0.700,0.710,1636.20,0.290,0.300,177.00,0.07,5,177.00,1934.00,5488.06,0.0003445,0.0007463,0.0016285
1790611845.3,1790611800,45.3,254.7,83433.88,chainlink,83374.95,twap60,,7.363,0.7075,0.740,0.750,102.70,0.250,0.260,1581.95,0.07,5,1581.95,3525.95,3707.58,0.0000807,0.0011410,0.0020003
1790611860.3,1790611800,60.3,239.7,83434.86,chainlink,83374.95,twap60,,7.363,0.7176,0.750,0.760,1693.18,0.240,0.250,70.44,0.07,5,70.44,832.44,5671.34,0.0000142,0.0006378,0.0022530
1790611875.4,1790611800,75.4,224.6,83433.11,chainlink,83374.95,twap60,,7.363,0.7195,0.750,0.760,1567.20,0.240,0.250,96.27,0.07,5,96.27,1623.27,5453.04,-0.0000212,0.0004046,0.0021417
1790611890.4,1790611800,90.4,209.6,83448.94,chainlink,83374.95,twap60,,7.363,0.7798,0.800,0.810,746.93,0.190,0.200,361.02,0.07,5,366.02,2840.13,4585.86,0.0001825,0.0002613,0.0021341
1790611905.4,1790611800,105.4,194.6,83436.84,chainlink,83374.95,twap60,,7.363,0.7505,0.730,0.740,72.00,0.260,0.270,1550.05,0.07,5,1550.05,4366.04,2429.22,-0.0000592,0.0000379,0.0019631
1790611920.4,1790611800,120.4,179.6,83431.84,chainlink,83374.95,twap60,,7.363,0.7435,0.830,0.840,533.51,0.160,0.170,88.00,0.07,5,50.00,992.34,2570.86,0.0000619,-0.0000364,0.0016800
1790611935.5,1790611800,135.5,164.5,83447.93,chainlink,83374.95,twap60,,7.363,0.8128,0.850,0.860,864.13,0.140,0.150,97.88,0.07,5,97.88,1148.81,5357.23,0.0002264,0.0001704,0.0019515
1790611950.5,1790611800,150.5,149.5,83432.03,chainlink,83374.95,twap60,,7.363,0.7706,0.800,0.810,45.00,0.190,0.200,5.00,0.07,5,5.00,335.00,3328.90,-0.0001619,-0.0001169,0.0014113
1790611965.5,1790611800,165.5,134.5,83385.51,chainlink,83374.95,twap60,,7.363,0.5586,0.700,0.710,116.00,0.290,0.300,915.02,0.07,5,915.02,2166.48,588.17,-0.0005443,-0.0004936,0.0001749
1790611980.5,1790611800,180.5,119.5,83411.41,chainlink,83374.95,twap60,,7.363,0.7107,0.670,0.690,228.00,0.310,0.330,122.00,0.07,5,122.00,428.00,1128.28,0.0002622,-0.0002113,0.0006707
1790611995.6,1790611800,195.6,104.4,83400.01,chainlink,83374.95,twap60,,7.363,0.6642,0.690,0.700,71.00,0.300,0.310,2056.80,0.07,5,2056.80,3203.37,987.37,-0.0001279,-0.0005458,0.0000720
1790612010.6,1790611800,210.6,89.4,83393.05,chainlink,83374.95,twap60,,7.363,0.6367,0.690,0.700,84.00,0.300,0.310,1153.17,0.07,5,1135.17,4063.74,678.61,-0.0000677,-0.0004538,0.0002180
1790612025.6,1790611800,225.6,74.4,83397.08,chainlink,83374.95,twap60,,7.363,0.6958,0.820,0.830,336.75,0.170,0.180,312.00,0.07,5,312.00,993.96,3163.74,0.0000500,0.0000905,0.0000646
1790612040.6,1790611800,240.6,59.4,83396.00,chainlink,83374.95,twap60,83396.00,7.363,0.7419,0.810,0.840,339.11,0.160,0.190,3.46,0.07,5,1.46,16.46,486.11,-0.0000145,-0.0001760,-0.0000456
1790612055.6,1790611800,255.6,44.4,83393.80,chainlink,83374.95,twap60,83386.61,7.363,0.7913,0.950,0.960,191.79,0.040,0.050,348.33,0.07,5,348.33,3227.24,4568.52,-0.0000263,-0.0000588,-0.0000419
1790612070.7,1790611800,270.7,29.3,83377.55,chainlink,83374.95,twap60,83385.39,7.363,0.7213,0.840,0.850,88.40,0.150,0.160,3.42,0.07,5,3.42,1535.37,580.40,-0.0001941,-0.0001843,0.0001402
1790612085.7,1790611800,285.7,14.3,83370.80,chainlink,83374.95,twap60,83381.02,7.363,0.8281,0.990,,,,0.010,2445.00,0.07,5,2445.00,5697.88,,-0.0000427,-0.0003166,0.0003848
1790612115.7,1790612100,15.7,284.3,83389.64,chainlink,83379.17,twap60,,5.780,0.5461,0.520,0.530,614.32,0.470,0.480,40.00,0.07,5,40.00,2193.10,2224.09,0.0001114,-0.0000491,-0.0001166
1790612130.8,1790612100,30.8,269.2,83388.65,chainlink,83379.17,twap60,,5.780,0.5431,0.480,0.490,335.00,0.510,0.520,270.00,0.07,5,270.00,2895.27,2344.51,-0.0000022,0.0001714,-0.0004615
1790612145.8,1790612100,45.8,254.2,83368.48,chainlink,83379.17,twap60,,5.780,0.4497,0.430,0.440,540.32,0.560,0.570,612.91,0.07,5,612.91,1389.41,4595.04,-0.0002416,-0.0000279,-0.0007818
1790612160.8,1790612100,60.8,239.2,83363.46,chainlink,83379.17,twap60,,5.780,0.4236,0.640,0.660,40.89,0.340,0.360,5.00,0.07,5,5.00,159.00,513.50,-0.0000655,-0.0002025,-0.0008563
1790612175.8,1790612100,75.8,224.2,83376.93,chainlink,83379.17,twap60,,5.780,0.4886,0.450,0.460,2.82,0.540,0.550,1500.70,0.07,5,1500.70,3479.99,755.98,0.0001339,-0.0001429,-0.0006808
1790612190.8,1790612100,90.8,209.2,83357.02,chainlink,83379.17,twap60,,5.780,0.3841,0.350,0.360,476.37,0.640,0.650,476.75,0.07,5,476.75,2533.99,3320.22,-0.0002164,-0.0003790,-0.0010164
1790612205.9,1790612100,105.9,194.1,83471.23,chainlink,83379.17,twap60,,5.780,0.9002,0.830,0.840,863.00,0.160,0.170,1012.00,0.07,5,1017.00,2554.30,2169.67,0.0014355,0.0012265,0.0005339
1790612220.9,1790612100,120.9,179.1,83502.27,chainlink,83379.17,twap60,,5.780,0.9645,0.900,0.910,22.76,0.090,0.100,1034.03,0.07,5,1034.03,3354.43,1222.66,0.0001873,0.0016362,0.0008774
1790612235.9,1790612100,135.9,164.1,83517.49,chainlink,83379.17,twap60,,5.780,0.9841,0.900,0.910,3.90,0.090,0.100,1077.59,0.07,5,1077.59,2788.18,1666.56,0.0001580,0.0017068,0.0008618
1790612250.9,1790612100,150.9,149.1,83525.87,chainlink,83379.17,twap60,,5.780,0.9925,0.960,0.970,135.58,0.030,0.040,1821.10,0.07,5,1746.10,3510.25,15225.27,0.0001395,0.0020898,0.0011376
1790612266.0,1790612100,166.0,134.0,83610.52,chainlink,83379.17,twap60,,5.780,0.9990,0.990,,,,0.010,4139.41,0.07,5,4139.41,7988.43,,0.0009218,0.0014828,0.0026464
1790612281.0,1790612100,181.0,119.0,83661.23,chainlink,83379.17,twap60,,5.780,0.9990,0.990,,,,0.010,11557.08,0.07,5,11557.08,16500.35,,0.0005770,0.0018776,0.0029994
1790612295.0,1790612100,195.0,105.0,83690.29,chainlink,83379.17,twap60,,5.780,0.9990,0.990,,,,0.010,14098.78,0.07,5,14098.78,19117.05,,0.0003585,0.0021061,0.0034902
1790612310.0,1790612100,210.0,90.0,83619.17,chainlink,83379.17,twap60,,5.780,0.9990,0.990,,,,0.010,12415.94,0.07,5,12415.94,18001.81,,-0.0008315,0.0010252,0.0027095
1790612325.1,1790612100,225.1,74.9,83591.32,chainlink,83379.17,twap60,,5.780,0.9990,0.990,,,,0.010,12742.00,0.07,5,12742.00,16852.87,,-0.0002922,-0.0002589,0.0023249
1790612340.1,1790612100,240.1,59.9,83534.26,chainlink,83379.17,twap60,83533.88,5.780,0.9990,0.990,,,,0.010,17126.86,0.07,5,17126.86,21543.04,,-0.0007369,-0.0015076,0.0016565
1790612355.1,1790612100,255.1,44.9,83522.24,chainlink,83379.17,twap60,83523.49,5.780,0.9990,0.990,,,,0.010,43283.13,0.07,5,43283.13,47948.42,,-0.0000707,-0.0019913,0.0015398
1790612370.1,1790612100,270.1,29.9,83521.42,chainlink,83379.17,twap60,83522.76,5.780,0.9990,0.999,,,,0.001,22127.15,0.07,5,22127.15,71129.37,,-0.0000214,-0.0011289,0.0017623
1790612385.1,1790612100,285.1,14.9,83574.43,chainlink,83379.17,twap60,83537.28,5.780,0.9990,0.999,,,,0.001,22221.10,0.07,5,22221.10,91011.28,,0.0004888,-0.0002561,0.0024394
1790612415.2,1790612400,15.2,284.8,83634.15,chainlink,83549.84,twap60,,7.135,0.7749,0.690,0.700,340.33,0.300,0.310,88.61,0.07,5,88.61,881.61,2543.40,0.0000603,0.0013275,0.0029375
1790612430.2,1790612400,30.2,269.8,83652.99,chainlink,83549.84,twap60,,7.135,0.8298,0.750,0.760,2449.79,0.240,0.250,17.00,0.07,5,17.00,1005.80,7587.80,0.0001513,0.0014283,0.0031653
1790612445.2,1790612400,45.2,254.8,83680.43,chainlink,83549.84,twap60,,7.135,0.8941,0.860,0.870,1067.55,0.130,0.140,201.63,0.07,5,201.63,2228.66,6078.09,0.0003555,0.0011890,0.0037295
1790612460.2,1790612400,60.2,239.8,83699.86,chainlink,83549.84,twap60,,7.135,0.9316,0.870,0.880,257.00,0.120,0.130,636.36,0.07,5,641.36,2982.36,4502.92,0.0001617,0.0008456,0.0039996
1790612475.3,1790612400,75.3,224.7,83735.86,chainlink,83549.84,twap60,,7.135,0.9724,0.940,0.950,2438.00,0.050,0.060,119.97,0.07,5,119.97,1721.28,11540.71,0.0005999,0.0011415,0.0043181
1790612490.3,1790612400,90.3,209.7,83693.97,chainlink,83549.84,twap60,,7.135,0.9395,0.910,0.920,888.94,0.080,0.090,361.80,0.07,5,331.80,2019.01,5276.53,-0.0005142,0.0005173,0.0041004
1790612505.3,1790612400,105.3,194.7,83738.76,chainlink,83549.84,twap60,,7.135,0.9834,0.940,0.950,1248.26,0.050,0.060,89.93,0.07,5,79.93,1536.11,6367.64,0.0005480,0.0006263,0.0030154
1790612520.3,1790612400,120.3,179.7,83688.68,chainlink,83549.84,twap60,,7.135,0.9501,0.940,0.950,323.13,0.050,0.060,740.19,0.07,5,740.19,3344.23,8734.65,-0.0004350,0.0000363,0.0022057
1790612535.3,1790612400,135.3,164.7,83711.17,chainlink,83549.84,twap60,,7.135,0.9786,0.960,0.970,2185.00,0.030,0.040,92.28,0.07,5,92.28,1499.21,16357.47,0.0001650,-0.0003087,0.0023555
1790612550.3,1790612400,150.3,149.7,83740.41,chainlink,83549.84,twap60,,7.135,0.9946,0.980,0.990,365.29,0.010,0.020,1572.41,0.07,5,1557.41,3415.24,365.29,0.0003053,0.0005678,0.0024741
1790612565.4,1790612400,165.4,134.6,83699.34,chainlink,83549.84,twap60,,7.135,0.9844,0.980,0.990,5970.98,0.010,0.020,231.00,0.07,5,231.00,1320.22,5970.98,-0.0004697,-0.0003076,0.0010324
1790612580.4,1790612400,180.4,119.6,83732.28,chainlink,83549.84,twap60,,7.135,0.9979,0.990,,,,0.010,3170.06,0.07,5,3170.06,6193.28,,0.0004030,0.0004171,0.0008601
1790612595.4,1790612400,195.4,104.6,83706.59,chainlink,83549.84,twap60,,7.135,0.9969,0.990,,,,0.010,4978.04,0.07,5,4978.04,6527.30,,-0.0003480,-0.0000987,0.0002135
1790612610.4,1790612400,210.4,89.6,83722.99,chainlink,83549.84,twap60,,7.135,0.9990,0.990,,,,0.010,15122.15,0.07,5,15122.15,17422.01,,0.0001950,-0.0001872,0.0012816
1790612625.5,1790612400,225.5,74.5,83779.79,chainlink,83549.84,twap60,,7.135,0.9990,0.990,,,,0.010,20244.70,0.07,5,20244.70,22664.56,,0.0005759,0.0009703,0.0021981
1790612640.5,1790612400,240.5,59.5,83844.58,chainlink,83549.84,twap60,83847.05,7.135,0.9990,0.990,,,,0.010,27249.48,0.07,5,27249.48,29386.95,,0.0007833,0.0012991,0.0037812
1790612655.5,1790612400,255.5,44.5,83826.51,chainlink,83549.84,twap60,83826.55,7.135,0.9990,0.999,,,,0.001,16043.13,0.07,5,16043.13,62121.79,,-0.0002700,0.0014307,0.0036248
1790612670.5,1790612400,270.5,29.5,83859.50,chainlink,83549.84,twap60,83837.35,7.135,0.9990,0.999,,,,0.001,14430.20,0.07,5,14430.20,84363.21,,0.0002981,0.0015268,0.0038939
1790612685.6,1790612400,285.6,14.4,83936.69,chainlink,83549.84,twap60,83849.25,7.135,0.9990,0.999,,,,0.001,22270.20,0.07,5,22270.20,91963.21,,0.0010879,0.0018814,0.0042467
1790612715.6,1790612700,15.6,284.4,83860.59,chainlink,83861.57,twap60,,7.256,0.4966,0.510,0.520,1829.98,0.480,0.490,36.96,0.07,5,36.96,2532.22,3185.20,-0.0002450,0.0003111,0.0026300
1790612730.6,1790612700,30.6,269.4,83849.04,chainlink,83861.57,twap60,,7.256,0.4546,0.430,0.440,309.35,0.560,0.570,104.00,0.07,5,104.00,2909.27,1842.00,-0.0002530,0.0000431,0.0023685
1790612745.6,1790612700,45.6,254.4,83880.97,chainlink,83861.57,twap60,,7.256,0.5724,0.570,0.580,1632.36,0.420,0.430,40.00,0.07,5,40.00,1176.00,2901.81,0.0003960,-0.0007718,0.0023232
1790612760.6,1790612700,60.6,239.4,83891.82,chainlink,83861.57,twap60,,7.256,0.6161,0.580,0.590,885.63,0.410,0.420,221.00,0.07,5,221.00,2139.00,3081.30,0.0001234,0.0001274,0.0024607
1790612775.7,1790612700,75.7,224.3,83928.48,chainlink,83861.57,twap60,,7.256,0.7515,0.720,0.730,1892.67,0.270,0.280,129.00,0.07,5,129.00,1884.00,3768.27,0.0004018,0.0006940,0.0022839
1790612790.7,1790612700,90.7,209.3,83967.03,chainlink,83861.57,twap60,,7.256,0.8680,0.780,0.790,1674.56,0.210,0.220,7.09,0.07,5,7.09,899.09,3511.97,0.0004571,0.0014214,0.0032703
1790612805.7,1790612700,105.7,194.3,84020.12,chainlink,83861.57,twap60,,7.256,0.9607,0.840,0.850,39.80,0.150,0.160,283.17,0.07,5,283.17,2798.37,1905.75,0.0006036,0.0016516,0.0035176
1790612820.7,1790612700,120.7,179.3,84058.45,chainlink,83861.57,twap60,,7.256,0.9893,0.920,0.930,480.15,0.070,0.080,212.50,0.07,5,212.50,1337.91,6411.79,0.0004831,0.0019491,0.0043049
1790612835.8,1790612700,135.8,164.3,84041.70,chainlink,83861.57,twap60,,7.256,0.9870,0.940,0.950,933.48,0.050,0.060,322.69,0.07,5,322.69,1800.76,6517.26,-0.0001051,0.0013461,0.0038967
1790612850.8,1790612700,150.8,149.2,84072.84,chainlink,83861.57,twap60,,7.256,0.9973,0.960,0.970,285.96,0.030,0.040,1336.29,0.07,5,1218.76,3061.14,6650.71,0.0002746,0.0012310,0.0039828
1790612865.8,1790612700,165.8,134.2,84128.14,chainlink,83861.57,twap60,,7.256,0.9990,0.990,,,,0.010,2460.38,0.07,5,2460.38,4499.10,,0.0006791,0.0013119,0.0051196
1790612880.8,1790612700,180.8,119.2,84151.25,chainlink,83861.57,twap60,,7.256,0.9990,0.990,,,,0.010,13771.61,0.07,5,13771.61,16192.22,,0.0004715,0.0011975,0.0049501
1790612895.8,1790612700,195.8,104.2,84091.86,chainlink,83861.57,twap60,,7.256,0.9990,0.990,,,,0.010,7753.35,0.07,5,7753.35,10001.92,,-0.0006731,0.0005008,0.0045912
1790612910.9,1790612700,210.9,89.1,84049.40,chainlink,83861.57,twap60,,7.256,0.9990,0.990,,,,0.010,8125.04,0.07,5,8125.04,10598.73,,-0.0005526,-0.0002573,0.0037889
1790612925.9,1790612700,225.9,74.1,84136.75,chainlink,83861.57,twap60,,7.256,0.9990,0.990,,,,0.010,20230.64,0.07,5,20230.64,23158.97,,0.0010506,0.0002991,0.0042620
1790612940.9,1790612700,240.9,59.1,84074.89,chainlink,83861.57,twap60,84074.89,7.256,0.9990,0.990,,,,0.010,28365.23,0.07,5,28355.23,30234.21,,-0.0007255,-0.0008750,0.0026886
1790612955.9,1790612700,255.9,44.1,84109.79,chainlink,83861.57,twap60,84087.08,7.256,0.9990,0.990,,,,0.010,44308.82,0.07,5,44308.82,46430.19,,0.0003052,0.0001656,0.0032784
1790612970.9,1790612700,270.9,29.1,84026.08,chainlink,83861.57,twap60,84074.21,7.256,0.9990,0.990,,,,0.010,46071.96,0.07,5,46071.96,47508.33,,-0.0010497,-0.0002656,0.0021523
1790612986.0,1790612700,286.0,14.0,83973.94,chainlink,83861.57,twap60,84048.13,7.256,0.9990,0.990,,,,0.010,65329.80,0.07,5,65329.80,66766.16,,-0.0006236,-0.0019269,0.0003360
1790613015.0,1790613000,15.0,285.0,84059.86,chainlink,84031.94,twap60,,7.964,0.5886,0.620,0.630,10.00,0.370,0.380,476.00,0.07,5,680.00,4770.01,1822.47,0.0009071,-0.0006478,0.0022582
1790613030.0,1790613000,30.0,270.0,84035.16,chainlink,84031.94,twap60,,7.964,0.5107,0.580,0.590,36.00,0.410,0.420,471.72,0.07,5,471.72,2888.40,3219.15,-0.0005474,0.0001052,0.0022326
1790613045.1,1790613000,45.1,254.9,84064.03,chainlink,84031.94,twap60,,7.964,0.6083,0.620,0.630,1311.84,0.370,0.380,86.03,0.07,5,79.19,1187.46,5713.55,0.0001587,0.0011623,0.0021740
1790613060.1,1790613000,60.1,239.9,84069.28,chainlink,84031.94,twap60,,7.964,0.6299,0.600,0.610,960.00,0.390,0.400,130.00,0.07,5,115.00,2755.83,4406.63,0.0000190,0.0010191,0.0020780
1790613075.1,1790613000,75.1,224.9,84069.89,chainlink,84031.94,twap60,,7.964,0.6370,0.540,0.550,607.39,0.450,0.460,126.99,0.07,5,126.99,1680.68,3195.80,0.0000029,-0.0001342,0.0016814
1790613090.1,1790613000,90.1,209.9,84004.62,chainlink,84031.94,twap60,,7.964,0.3962,0.410,0.420,395.39,0.580,0.590,4.60,0.07,5,4.60,1934.43,3407.03,-0.0006853,-0.0005483,0.0004191
1790613105.2,1790613000,105.2,194.8,84002.58,chainlink,84031.94,twap60,,7.964,0.3835,0.400,0.410,694.18,0.590,0.600,385.05,0.07,5,90.00,2282.31,3948.85,-0.0000191,-0.0007746,-0.0001817
1790613120.2,1790613000,120.2,179.8,84025.91,chainlink,84031.94,twap60,,7.964,0.4745,0.430,0.440,803.86,0.560,0.570,60.00,0.07,5,60.00,1181.36,4297.92,0.0003148,-0.0005203,-0.0002930
1790613135.2,1790613000,135.2,164.8,84004.29,chainlink,84031.94,twap60,,7.964,0.3780,0.400,0.410,333.94,0.590,0.600,328.32,0.07,5,328.32,3880.92,3751.94,-0.0000890,-0.0006892,-0.0005411
1790613150.2,1790613000,150.2,149.8,84061.38,coinbase,84031.94,twap60,,7.964,0.6379,0.470,0.480,191.58,0.520,0.530,5.00,0.07,5,5.00,914.00,2055.00,0.0005897,0.0006662,-0.0001149
1790613165.3,1790613000,165.3,134.7,83986.64,chainlink,84031.94,twap60,,7.964,0.2795,0.270,0.280,609.14,0.720,0.730,195.00,0.07,5,195.00,1957.90,4753.80,-0.0006765,-0.0001527,-0.0014865
1790613180.3,1790613000,180.3,119.7,83938.34,chainlink,84031.94,twap60,,7.964,0.0940,0.120,0.130,78.00,0.870,0.880,193.00,0.07,5,207.79,2821.17,1116.63,-0.0005579,-0.0008744,-0.0025004
1790613195.3,1790613000,195.3,104.7,83964.55,chainlink,84031.94,twap60,,7.964,0.1464,0.210,0.220,660.15,0.780,0.790,75.00,0.07,5,75.00,624.00,4171.94,0.0003925,-0.0005776,-0.0015627
1790613210.3,1790613000,210.3,89.7,83949.67,chainlink,84031.94,twap60,,7.964,0.0714,0.080,0.090,192.00,0.910,0.920,15.00,0.07,5,15.00,2490.13,2596.70,-0.0002121,-0.0011168,-0.0011753
1790613225.4,1790613000,225.4,74.6,83903.68,chainlink,84031.94,twap60,,7.964,0.0031,,0.010,8079.31,0.990,,,0.07,5,,,13732.17,-0.0005907,-0.0009709,-0.0027639
1790613240.4,1790613000,240.4,59.6,83899.54,chainlink,84031.94,twap60,83899.54,7.964,0.0010,,0.010,9810.08,0.990,,,0.07,5,,,13717.06,-0.0000406,-0.0003820,-0.0021977
1790613255.4,1790613000,255.4,44.6,83949.66,chainlink,84031.94,twap60,83925.41,7.964,0.0010,,0.010,39760.45,0.990,,,0.07,5,,,44938.14,0.0005972,-0.0002123,-0.0019596
1790613270.4,1790613000,270.4,29.6,83943.45,chainlink,84031.94,twap60,83937.42,7.964,0.0010,,0.010,49253.92,0.990,,,0.07,5,,,53754.69,0.0000730,-0.0001167,-0.0009868
1790613285.4,1790613000,285.4,14.6,83934.10,chainlink,84031.94,twap60,83936.47,7.964,0.0010,,0.010,73321.70,0.990,,,0.07,5,,,77802.47,-0.0000589,0.0003713,-0.0003845
1790613315.5,1790613300,15.5,284.5,83933.55,chainlink,83931.76,twap60,,7.968,0.5057,0.400,0.420,8.00,0.580,0.600,329.20,0.07,5,329.20,3471.72,2251.34,0.0002620,-0.0000450,-0.0017573
1790613330.5,1790613300,30.5,269.5,83917.67,coinbase,83931.76,twap60,,7.968,0.4535,0.410,0.420,36.76,0.580,0.590,1576.81,0.07,5,1576.81,5754.89,2297.14,-0.0001230,-0.0002316,-0.0014203
1790613345.5,1790613300,45.5,254.5,83939.17,coinbase,83931.76,twap60,,7.968,0.5253,0.450,0.460,349.00,0.540,0.550,82.00,0.07,5,82.00,1177.32,6138.84,0.0002562,0.0000163,-0.0014774
1790613360.6,1790613300,60.6,239.4,83932.58,chainlink,83931.76,twap60,,7.968,0.5029,0.430,0.440,5.00,0.560,0.570,711.85,0.07,5,711.85,3309.32,2099.61,,0.0002504,-0.0016318
1790613375.6,1790613300,75.6,224.4,83927.21,chainlink,83931.76,twap60,,7.968,0.4832,0.480,0.490,421.00,0.510,0.520,738.00,0.07,5,674.00,2289.90,1344.00,-0.0000222,0.0001337,-0.0016072
1790613390.6,1790613300,90.6,209.4,83915.55,chainlink,83931.76,twap60,,7.968,0.4379,0.460,0.470,1599.50,0.530,0.540,50.00,0.07,5,50.00,993.33,3469.06,-0.0000573,,-0.0010558
1790613405.6,1790613300,105.6,194.4,83919.98,chainlink,83931.76,twap60,,7.968,0.4527,0.560,0.570,1524.86,0.430,0.440,38.00,0.07,5,38.00,1097.65,5919.25,0.0000591,,-0.0009467
1790613420.6,1790613300,120.6,179.4,83925.59,chainlink,83931.76,twap60,,7.968,0.4739,0.490,0.500,7.00,0.500,0.510,1346.95,0.07,5,1346.95,3242.61,1977.71,0.0000140,-0.0000415,-0.0010262
1790613435.7,1790613300,135.7,164.3,83909.98,chainlink,83931.76,twap60,,7.968,0.4032,0.360,0.370,536.52,0.630,0.640,30.00,0.07,5,117.00,1675.59,3467.96,-0.0001385,-0.0001236,-0.0012278
1790613450.7,1790613300,150.7,149.3,83890.74,chainlink,83931.76,twap60,,7.968,0.3112,0.310,0.320,43.24,0.680,0.690,1630.64,0.07,5,1630.64,3638.74,1201.97,-0.0002069,-0.0002894,-0.0018191
1790613465.7,1790613300,165.7,134.3,83915.98,chainlink,83931.76,twap60,,7.968,0.4192,0.410,0.420,130.00,0.580,0.590,581.62,0.07,5,581.62,2196.68,3175.00,0.0002724,-0.0001006,-0.0008243
1790613480.7,1790613300,180.7,119.3,83904.42,chainlink,83931.76,twap60,,7.968,0.3499,0.240,0.250,102.00,0.750,0.760,634.93,0.07,5,624.93,2751.21,768.00,-0.0001431,-0.0002048,-0.0003239
1790613495.8,1790613300,195.8,104.2,83868.02,chainlink,83931.76,twap60,,7.968,0.1591,0.060,0.070,122.00,0.930,0.940,463.70,0.07,5,463.70,4619.73,3327.89,-0.0003831,-0.0004777,-0.0011853
1790613510.8,1790613300,210.8,89.2,83853.43,chainlink,83931.76,twap60,,7.968,0.0805,0.040,0.050,520.04,0.950,0.960,116.17,0.07,5,116.17,16596.42,3777.63,-0.0000354,-0.0004732,-0.0011897
1790613525.8,1790613300,225.8,74.2,83845.21,chainlink,83931.76,twap60,,7.968,0.0316,,0.010,9177.77,0.990,,,0.07,5,,,11670.22,-0.0000926,-0.0008489,-0.0006883
1790613540.8,1790613300,240.8,59.2,83852.19,chainlink,83931.76,twap60,83850.61,7.968,0.0113,,0.010,10049.22,0.990,,,0.07,5,,,12414.15,0.0000896,-0.0005718,-0.0005644
1790613555.9,1790613300,255.9,44.1,83817.67,chainlink,83931.76,twap60,83827.90,7.968,0.0010,,0.010,46884.90,0.990,,,0.07,5,,,49667.31,-0.0003920,-0.0004620,-0.0014266
1790613570.9,1790613300,270.9,29.1,83819.18,chainlink,83931.76,twap60,83823.50,7.968,0.0010,,0.010,77626.75,0.990,,,0.07,5,,,81083.39,0.0000434,-0.0004031,-0.0014289
1790613585.9,1790613300,285.9,14.1,83817.55,chainlink,83931.76,twap60,83823.21,7.968,0.0010,,0.010,77728.86,0.990,,,0.07,5,,,81160.50,-0.0000591,-0.0003236,-0.0013955
1790613615.9,1790613600,15.9,284.1,83805.24,chainlink,83821.08,twap60,,7.735,0.4478,0.440,0.450,233.43,0.550,0.560,168.00,0.07,5,168.00,3175.03,2172.66,0.0000001,-0.0001230,-0.0013207
1790613631.0,1790613600,31.0,269.0,83797.75,chainlink,83821.08,twap60,,7.735,0.4210,0.310,0.320,672.86,0.680,0.690,80.47,0.07,5,70.47,1364.03,4562.73,-0.0000966,-0.0002954,
1790613646.0,1790613600,46.0,254.0,83765.14,chainlink,83821.08,twap60,,7.735,0.3105,0.250,0.260,274.27,0.740,0.750,364.97,0.07,5,364.97,3487.07,2405.27,-0.0002690,-0.0006066,
1790613660.0,1790613600,60.0,240.0,83766.54,chainlink,83821.08,twap60,,7.735,0.3090,0.270,0.280,1266.82,0.720,0.730,135.52,0.07,5,135.52,2789.78,9436.98,0.0000230,-0.0004617,-0.0019385
1790613675.0,1790613600,75.0,225.0,83766.80,chainlink,83821.08,twap60,,7.735,0.3029,0.280,0.290,5872.77,0.710,0.720,93.00,0.07,5,93.00,2970.94,7065.89,-0.0000006,-0.0004661,-0.0018315
1790613690.0,1790613600,90.0,210.0,83758.77,chainlink,83821.08,twap60,,7.735,0.2683,0.210,0.220,5.00,0.780,0.790,2406.91,0.07,5,2300.91,4944.15,628.00,-0.0001662,-0.0003450,-0.0018638
1790613705.1,1790613600,105.1,194.9,83743.38,chainlink,83821.08,twap60,,7.735,0.2098,0.090,0.100,1412.10,0.900,0.910,94.00,0.07,5,94.00,2515.10,3151.10,-0.0001866,-0.0002535,-0.0021595
1790613720.1,1790613600,120.1,179.9,83689.73,chainlink,83821.08,twap60,,7.735,0.0755,0.040,0.050,1770.05,0.950,0.960,423.43,0.07,5,423.43,15622.49,4100.32,-0.0004162,-0.0009211,-0.0027668
1790613735.1,1790613600,135.1,164.9,83688.67,chainlink,83821.08,twap60,,7.735,0.0628,0.030,0.040,1590.41,0.960,0.970,655.60,0.07,5,655.60,10532.63,7103.58,0.0000066,-0.0010035,-0.0026185
1790613750.1,1790613600,150.1,149.9,83687.68,chainlink,83821.08,twap60,,7.735,0.0499,0.030,0.040,458.55,0.960,0.970,535.00,0.07,5,460.00,5816.36,2968.96,0.0000858,-0.0008519,-0.0024518
1790613765.2,1790613600,165.2,134.8,83712.89,chainlink,83821.08,twap60,,7.735,0.0755,0.050,0.060,3676.62,0.940,0.950,306.00,0.07,5,231.00,4314.18,6368.76,0.0003057,-0.0001394,-0.0024283
1790613780.2,1790613600,180.2,119.8,83709.98,chainlink,83821.08,twap60,,7.735,0.0539,0.010,0.020,1529.08,0.980,0.990,2954.94,0.07,5,2954.94,2954.94,5370.71,-0.0000417,0.0002611,-0.0022693
1790613795.2,1790613600,195.2,104.8,83694.89,chainlink,83821.08,twap60,,7.735,0.0213,,0.010,3264.23,0.990,,,0.07,5,,,5256.65,-0.0000559,0.0001719,-0.0019279
1790613810.2,1790613600,210.2,89.8,83666.33,chainlink,83821.08,twap60,,7.735,0.0023,,0.010,11306.57,0.990,,,0.07,5,,,16745.41,-0.0004186,-0.0002507,-0.0022284
1790613825.2,1790613600,225.2,74.8,83667.90,chainlink,83821.08,twap60,,7.735,0.0010,,0.010,16936.06,0.990,,,0.07,5,,,22506.90,0.0001223,-0.0005445,-0.0021106
1790613840.3,1790613600,240.3,59.7,83669.16,chainlink,83821.08,twap60,83669.16,7.735,0.0010,,0.010,32463.24,0.990,,,0.07,5,,,37496.83,-0.0000141,-0.0003634,-0.0021653
1790613855.3,1790613600,255.3,44.7,83696.52,chainlink,83821.08,twap60,83676.71,7.735,0.0010,,0.010,48962.08,0.990,,,0.07,5,,,54166.66,0.0003295,-0.0000579,-0.0014211
1790613870.3,1790613600,270.3,29.7,83704.16,chainlink,83821.08,twap60,83692.52,7.735,0.0010,,0.010,61895.92,0.990,,,0.07,5,,,66411.50,0.0000755,0.0005556,-0.0014129
1790613885.3,1790613600,285.3,14.7,83714.40,chainlink,83821.08,twap60,83699.33,7.735,0.0010,,0.010,81427.11,0.990,,,0.07,5,,,85927.69,0.0000107,0.0005265,-0.0012125
1790613915.4,1790613900,15.4,284.6,83706.07,chainlink,83698.29,twap60,,7.781,0.5255,0.540,0.550,77.00,0.450,0.460,1191.84,0.07,5,1191.84,2794.65,1448.46,0.0000751,0.0000984,-0.0011913
1790613930.4,1790613900,30.4,269.6,83729.74,chainlink,83698.29,twap60,,7.781,0.6052,0.520,0.530,474.17,0.470,0.490,80.00,0.07,5,45.00,766.44,3556.89,0.0002818,0.0001939,-0.0006916
1790613945.4,1790613900,45.4,254.6,83694.82,chainlink,83698.29,twap60,,7.781,0.4879,0.530,0.540,60.00,0.460,0.470,621.26,0.07,5,512.42,2816.42,393.00,-0.0000997,-0.0002333,-0.0008335
1790613960.4,1790613900,60.4,239.6,83707.74,chainlink,83698.29,twap60,,7.781,0.5343,0.400,0.410,1541.55,0.590,0.600,117.99,0.07,5,117.99,533.06,2748.18,0.0001883,0.0000950,-0.0007059
1790613975.4,1790613900,75.4,224.6,83645.58,chainlink,83698.29,twap60,,7.781,0.3090,0.280,0.290,395.00,0.710,0.720,166.00,0.07,5,166.00,1308.31,2231.88,-0.0005927,-0.0007238,-0.0015185
1790613990.5,1790613900,90.5,209.5,83655.44,chainlink,83698.29,twap60,,7.781,0.3362,0.350,0.360,758.26,0.640,0.650,30.00,0.07,5,30.00,719.00,4110.02,0.0001585,-0.0005704,-0.0012372
1790614005.5,1790613900,105.5,194.5,83701.47,chainlink,83698.29,twap60,,7.781,0.5131,0.430,0.440,129.67,0.560,0.570,1310.17,0.07,5,1310.17,2530.80,1576.97,0.0005457,0.0001135,-0.0002759
1790614020.4,1790613900,120.4,179.6,83656.10,chainlink,83698.29,twap60,,7.781,0.3231,0.260,0.270,105.00,0.730,0.740,312.00,0.07,5,322.00,1701.03,1508.51,-0.0005275,-0.0004670,-0.0003827
1790614035.5,1790613900,135.5,164.5,83622.64,chainlink,83698.29,twap60,,7.781,0.1918,0.270,0.280,30.00,0.720,0.730,761.93,0.07,5,761.93,3540.81,2472.00,-0.0003005,-0.0002336,-0.0006917
1790614050.5,1790613900,150.5,149.5,83626.34,chainlink,83698.29,twap60,,7.781,0.1885,0.200,0.210,124.42,0.790,0.800,296.98,0.07,5,296.98,2303.06,2483.12,-0.0001076,-0.0003523,-0.0007287
1790614065.5,1790613900,165.5,134.5,83659.49,chainlink,83698.29,twap60,,7.781,0.3040,0.250,0.270,218.24,0.730,0.750,91.00,0.07,5,91.00,707.94,1047.24,0.0003833,-0.0004869,-0.0006451
1790614080.5,1790613900,180.5,119.5,83643.12,chainlink,83698.29,twap60,,7.781,0.2132,0.140,0.150,544.76,0.850,0.860,55.10,0.07,5,55.10,1451.42,1814.57,-0.0002027,-0.0000556,-0.0006746
1790614095.6,1790613900,195.6,104.4,83630.73,chainlink,83698.29,twap60,,7.781,0.1397,0.090,0.100,1133.83,0.900,0.910,566.01,0.07,5,566.01,2731.54,2148.85,-0.0001379,-0.0000551,-0.0008442
1790614110.6,1790613900,210.6,89.4,83634.53,chainlink,83698.29,twap60,,7.781,0.1219,0.060,0.070,219.41,0.930,0.940,71.00,0.07,5,71.00,2228.02,1944.47,0.0001305,0.0000849,-0.0002767
1790614125.6,1790613900,225.6,74.4,83617.34,chainlink,83698.29,twap60,,7.781,0.0381,,0.010,7569.48,0.990,,,0.07,5,,,10381.65,-0.0001119,-0.0005110,-0.0006336
1790614140.6,1790613900,240.6,59.4,83585.00,chainlink,83698.29,twap60,83581.83,7.781,0.0010,,0.010,29923.43,0.990,,,0.07,5,,,32108.57,-0.0003874,-0.0006850,-0.0010038
1790614155.6,1790613900,255.6,44.4,83591.90,chainlink,83698.29,twap60,83584.67,7.781,0.0010,,0.010,48934.51,0.990,,,0.07,5,,,51407.03,0.0001163,-0.0003794,-0.0012665
1790614170.7,1790613900,270.7,29.3,83574.30,chainlink,83698.29,twap60,83582.64,7.781,0.0010,,0.010,79722.65,0.990,,,0.07,5,,,81626.38,-0.0002157,-0.0006268,-0.0016643
1790614185.7,1790613900,285.7,14.3,83576.39,chainlink,83698.29,twap60,83578.83,7.781,0.0010,,0.010,79991.61,0.990,,,0.07,5,,,81865.34,0.0000243,-0.0004903,-0.0016493
1790614215.7,1790614200,15.7,284.3,83566.24,chainlink,83578.59,twap60,,7.793,0.4596,0.400,0.410,27.00,0.590,0.600,5.00,0.07,5,5.00,216.00,2745.56,-0.0000686,-0.0003122,-0.0016729
1790614230.7,1790614200,30.7,269.3,83577.58,chainlink,83578.59,twap60,,7.793,0.4966,0.490,0.500,608.00,0.500,0.510,88.00,0.07,5,88.00,1424.42,3135.97,0.0001219,0.0000386,-0.0015015
1790614245.8,1790614200,45.8,254.2,83577.48,chainlink,83578.59,twap60,,7.793,0.4961,0.500,0.510,125.00,0.490,0.500,371.43,0.07,5,371.43,1765.77,3718.17,0.0000227,-0.0000014,-0.0013691
1790614260.8,1790614200,60.8,239.2,83602.87,chainlink,83578.59,twap60,,7.793,0.5874,0.540,0.550,160.00,0.450,0.460,1247.36,0.07,5,1287.36,2446.18,1203.82,0.0002441,0.0003697,-0.0011035
1790614275.8,1790614200,75.8,224.2,83564.07,chainlink,83578.59,twap60,,7.793,0.4454,0.460,0.470,22.00,0.530,0.540,1100.75,0.07,5,1029.75,3652.01,431.00,-0.0003957,-0.0000398,-0.0009343
1790614290.8,1790614200,90.8,209.2,83563.71,chainlink,83578.59,twap60,,7.793,0.4416,0.510,0.520,100.00,0.480,0.490,430.32,0.07,5,430.32,1536.32,305.00,-0.0000044,-0.0001420,-0.0011015
1790614305.9,1790614200,105.9,194.1,83570.31,chainlink,83578.59,twap60,,7.793,0.4659,0.470,0.500,82.00,0.500,0.530,743.32,0.07,5,743.32,3144.81,463.20,0.0000524,-0.0001454,-0.0015534
1790614320.9,1790614200,120.9,179.1,83593.38,chainlink,83578.59,twap60,,7.793,0.5639,0.500,0.510,15.00,0.490,0.500,1813.82,0.07,5,1813.82,3252.12,177.00,0.0002987,-0.0000450,-0.0006505
1790614335.9,1790614200,135.9,164.1,83565.41,chainlink,83578.59,twap60,,7.793,0.4397,0.530,0.540,39.00,0.460,0.470,306.00,0.07,5,306.00,5390.15,614.00,-0.0003035,0.0000160,-0.0008365
1790614350.9,1790614200,150.9,149.1,83588.76,coinbase,83578.59,twap60,,7.793,0.5497,0.590,0.600,24.90,0.400,0.410,982.79,0.07,5,992.79,3370.79,658.90,0.0001935,0.0002229,-0.0004880
1790614365.9,1790614200,165.9,134.1,83633.67,coinbase,83578.59,twap60,,7.793,0.7669,0.890,0.900,632.03,0.100,0.110,81.56,0.07,5,81.56,1458.83,3481.36,0.0005371,0.0008236,-0.0003865
1790614381.0,1790614200,181.0,119.0,83632.94,chainlink,83578.59,twap60,,7.793,0.7836,0.830,0.840,215.26,0.160,0.170,162.40,0.07,5,162.40,661.65,2215.26,,0.0005042,-0.0001116
1790614396.0,1790614200,196.0,104.0,83612.72,chainlink,83578.59,twap60,,7.793,0.7079,0.900,0.910,135.99,0.090,0.100,476.11,0.07,5,476.11,2349.01,1344.77,-0.0001939,0.0004884,-0.0001303
1790614410.0,1790614200,210.0,90.0,83627.26,chainlink,83578.59,twap60,,7.793,0.8115,0.930,0.940,375.48,0.040,0.050,430.88,0.07,5,30.00,662.81,5013.27,0.0001047,,0.0000067
1790614425.0,1790614200,225.0,75.0,83632.71,chainlink,83578.59,twap60,,7.793,0.8799,0.980,0.990,1471.85,0.010,0.020,1903.12,0.07,5,1908.12,6159.44,1471.85,0.0000968,,0.0001833
1790614440.0,1790614200,240.0,60.0,83664.46,chainlink,83578.59,twap60,83664.64,7.793,0.9932,0.990,,,,0.010,9092.00,0.07,5,9092.00,12996.58,,0.0002630,0.0004248,0.0009840
1790614455.1,1790614200,255.1,44.9,83678.43,chainlink,83578.59,twap60,83670.12,7.793,0.9990,0.990,,,,0.010,44855.68,0.07,5,44855.68,49258.76,,0.0002067,0.0007164,0.0010294
1790614470.1,1790614200,270.1,29.9,83667.30,chainlink,83578.59,twap60,83670.09,7.793,0.9990,0.990,,,,0.010,52351.14,0.07,5,52351.14,55988.14,,-0.0000903,0.0005103,0.0011114
1790614485.1,1790614200,285.1,14.9,83654.06,chainlink,83578.59,twap60,83667.43,7.793,0.9990,0.990,,,,0.010,72819.09,0.07,5,72819.09,75837.09,,-0.0001929,0.0001387,0.0009144
1790614515.2,1790614500,15.2,284.8,83694.00,chainlink,83668.06,twap60,,7.668,0.5856,0.630,0.640,21.43,0.360,0.370,1676.87,0.07,5,1676.87,5224.98,3044.63,0.0000729,0.0002288,0.0015139
1790614530.2,1790614500,30.2,269.8,83680.60,chainlink,83668.06,twap60,,7.668,0.5429,0.500,0.510,41.80,0.490,0.500,1555.59,0.07,5,1555.59,4635.33,1019.89,-0.0001837,0.0001243,0.0012558
1790614545.2,1790614500,45.2,254.8,83656.03,chainlink,83668.06,twap60,,7.668,0.4574,0.480,0.490,1351.39,0.510,0.520,40.00,0.07,5,40.00,745.00,3007.39,-0.0002080,0.0000219,0.0008798
1790614560.2,1790614500,60.2,239.8,83661.33,chainlink,83668.06,twap60,,7.668,0.4752,0.580,0.590,402.90,0.410,0.420,237.00,0.07,5,232.00,1425.99,2855.90,0.0000579,-0.0003176,0.0007676
1790614575.2,1790614500,75.2,224.8,83674.03,chainlink,83668.06,twap60,,7.668,0.5228,0.620,0.630,36.58,0.370,0.380,1324.80,0.07,5,1324.80,2822.87,924.58,0.0000368,-0.0002623,0.0013149
1790614590.3,1790614500,90.3,209.7,83678.06,chainlink,83668.06,twap60,,7.668,0.5399,0.490,0.500,399.13,0.500,0.510,72.58,0.07,5,62.58,1184.60,4401.13,-0.0000346,0.0000553,0.0013408
1790614605.3,1790614500,105.3,194.7,83669.38,chainlink,83668.06,twap60,,7.668,0.5055,0.580,0.590,1573.07,0.410,0.420,32.00,0.07,5,32.00,531.00,3954.48,-0.0000760,0.0001541,0.0012075
1790614620.3,1790614500,120.3,179.7,83653.27,chainlink,83668.06,twap60,,7.668,0.4352,0.420,0.430,122.00,0.570,0.580,687.97,0.07,5,692.97,2846.89,1601.27,-0.0002818,-0.0002112,0.0007474
1790614635.3,1790614500,135.3,164.7,83662.65,chainlink,83668.06,twap60,,7.668,0.4748,0.500,0.510,30.00,0.490,0.500,867.25,0.07,5,867.25,4681.11,757.00,0.0001121,-0.0002187,0.0010854
1790614650.3,1790614500,150.3,149.7,83657.77,chainlink,83668.06,twap60,,7.668,0.4490,0.410,0.420,809.17,0.580,0.590,31.00,0.07,5,31.00,2628.00,3088.81,-0.0001712,-0.0002147,
1790614665.4,1790614500,165.4,134.6,83633.24,chainlink,83668.06,twap60,,7.668,0.3204,0.300,0.310,99.52,0.690,0.700,338.00,0.07,5,338.00,1682.29,633.76,-0.0002978,-0.0005213,
1790614680.4,1790614500,180.4,119.6,83647.23,chainlink,83668.06,twap60,,7.668,0.3804,0.410,0.420,30.00,0.580,0.590,576.00,0.07,5,576.00,4122.02,660.00,0.0001790,-0.0000723,0.0002188
1790614695.4,1790614500,195.4,104.6,83668.90,chainlink,83668.06,twap60,,7.668,0.5054,0.550,0.560,83.21,0.440,0.450,341.40,0.07,5,341.40,1210.90,831.89,0.0002330,-0.0000383,0.0006025
1790614710.4,1790614500,210.4,89.6,83673.41,chainlink,83668.06,twap60,,7.668,0.5395,0.560,0.570,129.47,0.430,0.440,292.68,0.07,5,292.68,2575.18,731.47,-0.0000051,0.0001823,0.0005833
1790614725.4,1790614500,225.4,74.6,83674.87,chainlink,83668.06,twap60,,7.668,0.5601,0.530,0.540,140.00,0.460,0.470,306.19,0.07,5,306.19,1143.66,616.68,0.0000143,0.0005095,0.0003875
1790614740.5,1790614500,240.5,59.5,83673.19,chainlink,83668.06,twap60,83673.19,7.668,0.5601,0.740,0.750,364.05,0.250,0.260,6.75,0.07,5,6.75,26.75,3225.95,0.0000196,0.0002843,0.0001441
1790614755.5,1790614500,255.5,44.5,83679.18,chainlink,83668.06,twap60,83680.75,7.668,0.7006,0.920,0.930,5.00,0.070,0.080,15.00,0.07,5,15.00,91.11,1396.00,0.0000298,0.0000639,0.0000517
1790614770.5,1790614500,270.5,29.5,83677.49,chainlink,83668.06,twap60,83677.22,7.668,0.7842,0.980,0.990,1034.37,0.010,0.020,390.97,0.07,5,390.97,841.97,1034.37,-0.0000002,0.0000456,0.0000872
1790614785.5,1790614500,285.5,14.5,83674.28,chainlink,83668.06,twap60,83676.38,7.668,0.9728,0.990,,,,0.010,7647.76,0.07,5,7647.76,11355.67,,0.0000092,0.0000326,0.0002400
1790614815.6,1790614800,15.6,284.4,83674.23,chainlink,83675.62,twap60,,7.699,0.4954,0.390,0.400,124.99,0.600,0.610,642.51,0.07,5,642.51,4754.78,2059.26,-0.0001297,-0.0000392,-0.0002599
1790614830.6,1790614800,30.6,269.4,83622.24,chainlink,83675.62,twap60,,7.699,0.3235,0.270,0.280,240.48,0.720,0.730,1538.96,0.07,5,1538.96,4534.29,1586.34,-0.0005068,-0.0006130,-0.0006120
1790614845.6,1790614800,45.6,254.4,83606.91,chainlink,83675.62,twap60,,7.699,0.2711,0.220,0.230,33.26,0.770,0.780,1501.00,0.07,5,1501.00,4656.40,1075.71,-0.0001878,-0.0008013,-0.0005927
1790614860.6,1790614800,60.6,239.4,83573.36,chainlink,83675.62,twap60,,7.699,0.1734,0.110,0.120,954.97,0.880,0.890,10.00,0.07,5,10.00,3156.98,5674.04,-0.0004305,-0.0013359,-0.0011670
1790614875.7,1790614800,75.7,224.3,83579.54,chainlink,83675.62,twap60,,7.699,0.1790,0.100,0.110,157.70,0.890,0.900,620.26,0.07,5,620.26,4050.38,2536.18,0.0000873,-0.0010176,-0.0012127
1790614890.7,1790614800,90.7,209.3,83595.61,chainlink,83675.62,twap60,,7.699,0.2122,0.180,0.190,10.00,0.810,0.820,1488.01,0.07,5,1488.01,4238.01,479.00,0.0002322,-0.0003231,-0.0009581
1790614905.7,1790614800,105.7,194.3,83569.91,chainlink,83675.62,twap60,,7.699,0.1345,0.080,0.090,1401.78,0.910,0.920,164.83,0.07,5,164.83,2170.50,3883.60,-0.0003935,-0.0004717,-0.0012789
1790614920.7,1790614800,120.7,179.3,83575.42,chainlink,83675.62,twap60,,7.699,0.1350,0.070,0.080,95.00,0.920,0.930,280.79,0.07,5,280.79,3746.29,1973.33,0.0000655,0.0000381,-0.0009312
1790614935.8,1790614800,135.8,164.3,83568.79,chainlink,83675.62,twap60,,7.699,0.1066,0.090,0.100,184.83,0.900,0.910,172.93,0.07,5,204.63,1780.74,2018.37,-0.0000562,-0.0000887,-0.0012355
1790614950.8,1790614800,150.8,149.2,83586.49,chainlink,83675.62,twap60,,7.699,0.1340,0.100,0.140,5.00,0.860,0.900,11.00,0.07,5,11.00,166.43,123.39,0.0001217,-0.0001951,-0.0008570
1790614965.8,1790614800,165.8,134.2,83689.33,chainlink,83675.62,twap60,,7.699,0.5728,0.580,0.590,102.92,0.410,0.420,435.86,0.07,5,435.86,3464.88,820.89,0.0011950,0.0014276,0.0006822
1790614980.8,1790614800,180.8,119.2,83728.79,chainlink,83675.62,twap60,,7.699,0.7812,0.690,0.700,100.21,0.300,0.310,120.00,0.07,5,120.00,559.17,1283.10,0.0004714,0.0018566,0.0009487
1790614995.8,1790614800,195.8,104.2,83722.31,chainlink,83675.62,twap60,,7.699,0.7755,0.740,0.750,747.50,0.250,0.260,30.00,0.07,5,30.00,692.87,2469.33,-0.0000854,0.0017453,0.0005792
1790615010.9,1790614800,210.9,89.1,83698.81,chainlink,83675.62,twap60,,7.699,0.6663,0.840,0.850,40.00,0.150,0.160,429.18,0.07,5,439.18,3380.35,681.43,-0.0001852,0.0013083,0.0003003
1790615025.9,1790614800,225.9,74.1,83621.13,chainlink,83675.62,twap60,,7.699,0.1128,0.040,0.050,990.96,0.950,0.960,66.35,0.07,5,66.35,10554.35,3937.30,-0.0010919,-0.0008153,-0.0006028
1790615040.9,1790614800,240.9,59.1,83623.52,chainlink,83675.62,twap60,83623.68,7.699,0.0608,0.050,0.060,281.83,0.940,0.950,16.73,0.07,5,66.84,2613.35,2788.83,0.0001386,-0.0012661,-0.0006357
1790615055.9,1790614800,255.9,44.1,83625.12,chainlink,83675.62,twap60,83623.88,7.699,0.0095,,0.010,13414.75,0.990,,,0.07,5,,,14075.06,0.0000173,-0.0010659,-0.0006262
1790615071.0,1790614800,271.0,29.0,83633.35,chainlink,83675.62,twap60,83620.35,7.699,0.0010,,0.010,30718.58,0.990,,,0.07,5,,,31498.92,0.0001071,-0.0009456,-0.0004800
1790615086.0,1790614800,286.0,14.0,83612.36,chainlink,83675.62,twap60,83618.82,7.699,0.0010,,0.010,65775.19,0.990,,,0.07,5,,,66665.61,-0.0002323,0.0000051,-0.0007362
1790615115.0,1790615100,15.0,285.0,83593.23,chainlink,83619.09,twap60,,8.615,0.4240,0.450,0.460,85.00,0.540,0.550,834.99,0.07,5,834.99,2581.38,1733.43,-0.0002206,-0.0003727,-0.0008537
1790615130.0,1790615100,30.0,270.0,83593.32,chainlink,83619.09,twap60,,8.615,0.4218,0.370,0.380,10.00,0.620,0.630,2163.20,0.07,5,2163.20,5220.25,326.00,-0.0001726,-0.0004599,-0.0003504
1790615145.1,1790615100,45.1,254.9,83597.91,chainlink,83619.09,twap60,,8.615,0.4334,0.430,0.440,56.00,0.560,0.570,1667.95,0.07,5,1652.95,3801.08,1636.50,0.0000615,-0.0002674,-0.0001367
1790615160.1,1790615100,60.1,239.9,83603.88,chainlink,83619.09,twap60,,8.615,0.4503,0.420,0.430,640.00,0.570,0.580,20.51,0.07,5,20.51,665.51,4690.30,0.0000552,-0.0000933,0.0003786
1790615175.1,1790615100,75.1,224.9,83570.20,chainlink,83619.09,twap60,,8.615,0.3382,0.220,0.230,63.00,0.770,0.780,1179.09,0.07,5,1179.09,4973.93,409.07,-0.0004005,-0.0004492,-0.0000718
1790615190.1,1790615100,90.1,209.9,83586.39,chainlink,83619.09,twap60,,8.615,0.3854,0.340,0.350,89.00,0.650,0.660,1475.91,0.07,5,1475.91,3426.95,1520.52,0.0003239,-0.0000764,-0.0001963
1790615205.2,1790615100,105.2,194.8,83623.74,chainlink,83619.09,twap60,,8.615,0.5173,0.590,0.600,843.92,0.400,0.410,136.00,0.07,5,136.00,507.00,4808.85,0.0004322,0.0002927,0.0006434
1790615220.2,1790615100,120.2,179.8,83626.56,chainlink,83619.09,twap60,,8.615,0.5292,0.490,0.510,98.00,0.490,0.510,90.00,0.07,5,90.00,272.00,5936.51,-0.0000966,0.0002736,0.0006349
1790615235.2,1790615100,135.2,164.8,83612.07,chainlink,83619.09,twap60,,8.615,0.4709,0.420,0.430,8.00,0.570,0.580,1229.28,0.07,5,1182.28,3916.88,247.00,-0.0001687,0.0006310,0.0004276
1790615250.2,1790615100,150.2,149.8,83616.08,chainlink,83619.09,twap60,,8.615,0.4867,0.380,0.390,965.72,0.610,0.620,178.00,0.07,5,178.00,248.00,3025.99,0.0000548,0.0003406,0.0003194
1790615265.3,1790615100,165.3,134.7,83598.58,chainlink,83619.09,twap60,,8.615,0.4034,0.280,0.290,278.89,0.710,0.720,446.51,0.07,5,446.51,2869.65,2283.19,-0.0001790,-0.0004312,-0.0010850
1790615280.3,1790615100,180.3,119.7,83569.00,chainlink,83619.09,twap60,,8.615,0.2575,0.120,0.130,124.49,0.870,0.880,1341.01,0.07,5,1341.01,3454.21,1222.75,-0.0003385,-0.0006839,-0.0019183
1790615295.3,1790615100,195.3,104.7,83555.90,chainlink,83619.09,twap60,,8.615,0.1809,0.110,0.140,448.00,0.860,0.890,2802.29,0.07,5,2942.29,7086.44,913.80,-0.0001551,-0.0006652,-0.0018941
1790615310.3,1790615100,210.3,89.7,83562.33,chainlink,83619.09,twap60,,8.615,0.1750,0.070,0.080,129.97,0.920,0.930,194.98,0.07,5,219.98,4610.23,1722.25,0.0000769,-0.0006127,-0.0017952
1790615325.3,1790615100,225.3,74.7,83562.19,chainlink,83619.09,twap60,,8.615,0.1310,0.020,0.030,1272.97,0.970,0.980,1782.44,0.07,5,1781.41,9140.17,2348.95,-0.0000086,-0.0004200,-0.0005950
1790615340.4,1790615100,240.4,59.6,83543.44,chainlink,83619.09,twap60,83543.44,8.615,0.0238,,0.010,14910.03,0.990,,,0.07,5,,,18236.83,-0.0002206,-0.0003043,-0.0009600
1790615355.4,1790615100,255.4,44.6,83550.86,chainlink,83619.09,twap60,83544.19,8.615,0.0023,,0.010,40051.98,0.990,,,0.07,5,,,43463.91,0.0001650,-0.0000604,-0.0008797
1790615370.4,1790615100,270.4,29.6,83551.34,chainlink,83619.09,twap60,83548.69,8.615,0.0010,,0.010,56262.01,0.990,,,0.07,5,,,59233.13,0.0000056,-0.0001385,-0.0009623
1790615385.4,1790615100,285.4,14.6,83550.58,chainlink,83619.09,twap60,83549.34,8.615,0.0010,,0.010,57041.81,0.990,,,0.07,5,,,59968.03,0.0000028,-0.0001351,-0.0008338
1790615415.5,1790615400,15.5,284.5,83540.07,chainlink,83548.97,twap60,,8.535,0.4734,0.510,0.520,21.00,0.480,0.490,128.86,0.07,5,128.86,823.86,559.21,-0.0000464,-0.0001293,-0.0008099
1790615430.5,1790615400,30.5,269.5,83558.20,chainlink,83548.97,twap60,,8.535,0.5285,0.540,0.550,1586.81,0.450,0.460,20.26,0.07,5,20.26,721.26,2915.81,0.0002067,0.0000941,-0.0004137
1790615445.5,1790615400,45.5,254.5,83558.46,chainlink,83548.97,twap60,,8.535,0.5302,0.640,0.650,1154.38,0.350,0.360,201.09,0.07,5,201.09,1362.02,3533.98,0.0000068,0.0000943,-0.0004882
1790615460.5,1790615400,60.5,239.5,83559.27,chainlink,83548.97,twap60,,8.535,0.5340,0.550,0.560,1458.65,0.440,0.450,82.77,0.07,5,82.77,2507.71,4458.71,-0.0001185,0.0001834,-0.0005313
1790615475.5,1790615400,75.5,224.5,83569.10,chainlink,83548.97,twap60,,8.535,0.5689,0.630,0.640,1698.44,0.360,0.370,66.00,0.07,5,66.00,678.56,4316.55,0.0001202,0.0003371,0.0001171
1790615490.6,1790615400,90.6,209.4,83722.51,chainlink,83548.97,twap60,,8.535,0.9409,0.960,0.970,194.00,0.030,0.040,157.92,0.07,5,157.92,2459.31,4608.54,0.0018316,0.0019682,0.0016127
1790615505.6,1790615400,105.6,194.4,83869.34,chainlink,83548.97,twap60,,8.535,0.9987,0.980,0.990,614.06,0.010,0.020,217.44,0.07,5,217.44,2636.05,614.06,0.0011471,0.0035855,0.0028024
1790615520.6,1790615400,120.6,179.4,83942.10,chainlink,83548.97,twap60,,8.535,0.9990,0.990,,,,0.010,7039.01,0.07,5,7039.01,9479.67,,0.0007266,0.0045736,0.0037707
1790615535.6,1790615400,135.6,164.4,83935.30,chainlink,83548.97,twap60,,8.535,0.9990,0.990,,,,0.010,6708.89,0.07,5,6708.89,9231.35,,-0.0002228,0.0043699,0.0038652
1790615550.7,1790615400,150.7,149.3,83957.43,chainlink,83548.97,twap60,,8.535,0.9990,0.990,,,,0.010,10763.55,0.07,5,10763.55,13437.01,,0.0002914,0.0021969,0.0041044
1790615565.7,1790615400,165.7,134.3,83904.48,chainlink,83548.97,twap60,,8.535,0.9990,0.990,,,,0.010,7823.54,0.07,5,7823.54,10380.00,,-0.0007402,0.0002783,0.0036678
1790615580.7,1790615400,180.7,119.3,83979.96,chainlink,83548.97,twap60,,8.535,0.9990,0.990,,,,0.010,13215.17,0.07,5,13215.17,15724.10,,0.0010049,0.0003091,0.0049072
1790615595.7,1790615400,195.7,104.3,83952.05,chainlink,83548.97,twap60,,8.535,0.9990,0.990,,,,0.010,19079.14,0.07,5,19094.14,21545.42,,-0.0003489,0.0002273,0.0047298
1790615610.7,1790615400,210.7,89.3,84055.75,chainlink,83548.97,twap60,,8.535,0.9990,0.990,,,,0.010,27013.99,0.07,5,27013.99,30317.50,,0.0011016,0.0010611,0.0058804
1790615625.8,1790615400,225.8,74.2,84115.88,chainlink,83548.97,twap60,,8.535,0.9990,0.990,,,,0.010,23908.84,0.07,5,23908.84,27297.35,,0.0006976,0.0026221,0.0066080
1790615640.8,1790615400,240.8,59.2,84132.92,chainlink,83548.97,twap60,84132.92,8.535,0.9990,0.990,,,,0.010,33781.05,0.07,5,33781.05,36848.49,,0.0001866,0.0018033,0.0071074
1790615655.8,1790615400,255.8,44.2,84193.23,chainlink,83548.97,twap60,84160.75,8.535,0.9990,0.990,,,,0.010,49101.62,0.07,5,49031.62,52128.37,,0.0007420,0.0027358,0.0076588
1790615670.8,1790615400,270.8,29.2,84117.36,chainlink,83548.97,twap60,84159.77,8.535,0.9990,0.990,,,,0.010,64408.44,0.07,5,64408.44,66730.19,,-0.0010359,0.0007152,0.0067636
1790615685.8,1790615400,285.8,14.2,84118.00,chainlink,83548.97,twap60,84146.44,8.535,0.9990,0.999,,,,0.001,22354.10,0.07,5,22354.10,87547.62,,0.0001555,0.0000093,0.0067685
1790615715.9,1790615700,15.9,284.1,84174.65,chainlink,84151.73,twap60,,11.135,0.5524,0.500,0.510,856.61,0.490,0.500,37.00,0.07,5,37.00,2046.58,3158.61,-0.0003836,-0.0003551,0.0075571
1790615730.9,1790615700,30.9,269.1,84108.73,chainlink,84151.73,twap60,,11.135,0.3993,0.310,0.320,446.75,0.680,0.690,1374.62,0.07,5,1334.62,4558.97,1144.96,-0.0007732,0.0000452,0.0065706
1790615745.9,1790615700,45.9,254.1,84102.49,chainlink,84151.73,twap60,,11.135,0.3812,0.370,0.380,225.99,0.620,0.630,885.00,0.07,5,885.00,2810.85,1341.37,0.0000019,-0.0002320,0.0063615
1790615760.9,1790615700,60.9,239.1,84156.58,chainlink,84151.73,twap60,,11.135,0.5123,0.550,0.560,69.99,0.440,0.450,764.46,0.07,5,764.46,3265.54,1673.50,0.0006570,-0.0005983,0.0071255
1790615776.0,1790615700,76.0,224.0,84281.08,chainlink,84151.73,twap60,,11.135,0.8041,0.620,0.640,504.00,0.360,0.380,35.62,0.07,5,35.62,818.62,1949.18,0.0013252,0.0012739,0.0084810
1790615791.0,1790615700,91.0,209.0,84290.02,chainlink,84151.73,twap60,,11.135,0.8303,0.830,0.840,65.82,0.160,0.170,351.00,0.07,5,441.00,3543.59,1033.83,0.0001997,0.0022293,0.0061505
1790615806.0,1790615700,106.0,194.0,84285.62,chainlink,84151.73,twap60,,11.135,0.8337,0.720,0.740,235.00,0.260,0.280,88.00,0.07,5,88.00,986.91,3163.84,-0.0000600,0.0021892,0.0048106
1790615820.0,1790615700,120.0,180.0,84258.78,chainlink,84151.73,twap60,,11.135,0.7917,0.790,0.800,38.00,0.200,0.210,653.80,0.07,5,653.80,3447.80,594.59,-0.0003385,0.0010606,0.0036237
1790615835.0,1790615700,135.0,165.0,84266.75,chainlink,84151.73,twap60,,11.135,0.8222,0.720,0.730,296.30,0.270,0.280,5.00,0.07,5,5.00,2214.82,1971.84,-0.0001086,-0.0000765,0.0039688
1790615850.0,1790615700,150.0,150.0,84275.26,chainlink,84151.73,twap60,,11.135,0.8550,0.850,0.860,117.49,0.140,0.150,1072.88,0.07,5,1072.88,2937.53,1458.49,0.0003698,-0.0001830,0.0036691
1790615865.1,1790615700,165.1,134.9,84175.11,chainlink,84151.73,twap60,,11.135,0.5853,0.510,0.520,617.38,0.480,0.490,146.00,0.07,5,86.00,1081.00,3099.50,-0.0010921,-0.0013320,0.0033260
1790615880.1,1790615700,180.1,119.9,84151.00,chainlink,84151.73,twap60,,11.135,0.4971,0.420,0.430,436.00,0.570,0.580,66.00,0.07,5,66.00,673.00,2535.18,-0.0002472,-0.0014830,0.0020182
1790615895.1,1790615700,195.1,104.9,84120.08,chainlink,84151.73,twap60,,11.135,0.3621,0.220,0.230,316.38,0.770,0.780,1306.40,0.07,5,1306.40,3593.57,730.38,-0.0003802,-0.0014732,0.0018666
1790615910.1,1790615700,210.1,89.9,84069.47,chainlink,84151.73,twap60,,11.135,0.1478,0.040,0.050,1100.70,0.950,0.960,511.15,0.07,5,463.77,12546.01,1929.30,-0.0004586,-0.0023479,0.0001457
1790615925.2,1790615700,225.2,74.8,84057.61,chainlink,84151.73,twap60,,11.135,0.0761,0.030,0.040,205.00,0.950,0.960,658.00,0.07,5,525.08,10631.10,3026.15,0.0000290,-0.0013576,-0.0007089
1790615940.2,1790615700,240.2,59.8,84037.79,chainlink,84151.73,twap60,84037.67,11.135,0.0108,,0.010,10318.10,0.990,,,0.07,5,,,11770.09,-0.0002030,-0.0013589,-0.0011059
1790615955.2,1790615700,255.2,44.8,84041.17,chainlink,84151.73,twap60,84038.40,11.135,0.0010,,0.010,25838.10,0.990,,,0.07,5,,,27263.87,0.0000312,-0.0007953,-0.0019422
1790615970.2,1790615700,270.2,29.8,84020.08,chainlink,84151.73,twap60,84037.07,11.135,0.0010,,0.010,58086.66,0.990,,,0.07,5,,,60639.07,-0.0002900,-0.0004176,-0.0010094
1790615985.2,1790615700,285.2,14.8,84013.03,chainlink,84151.73,twap60,84021.55,11.135,0.0010,,0.010,74723.33,0.990,,,0.07,5,,,77230.74,0.0000944,-0.0004977,-0.0012962
1790616015.3,1790616000,15.3,284.7,83992.65,chainlink,84022.22,twap60,,10.807,0.4306,0.320,0.330,212.20,0.670,0.680,1511.97,0.07,5,1511.97,3463.23,1083.31,-0.0001379,-0.0006166,-0.0021543
1790616030.3,1790616000,30.3,269.7,83957.97,chainlink,84022.22,twap60,,10.807,0.3474,0.260,0.270,418.31,0.730,0.740,182.50,0.07,5,182.50,3657.70,1852.31,-0.0003218,-0.0005612,-0.0017179
1790616045.3,1790616000,45.3,254.7,83964.35,chainlink,84022.22,twap60,,10.807,0.3574,0.280,0.290,224.95,0.710,0.720,618.83,0.07,5,618.83,3580.36,3220.74,0.0001375,-0.0006154,-0.0016297
1790616060.3,1790616000,60.3,239.7,84000.95,chainlink,84022.22,twap60,,10.807,0.4446,0.400,0.410,1006.00,0.590,0.600,45.24,0.07,5,45.24,752.38,4158.79,0.0005576,-0.0000390,-0.0020040
1790616075.4,1790616000,75.4,224.6,84009.32,chainlink,84022.22,twap60,,10.807,0.4650,0.490,0.500,483.19,0.500,0.510,1872.46,0.07,5,1723.45,4083.16,823.19,0.0000958,0.0002896,-0.0031361
1790616090.4,1790616000,90.4,209.6,83995.38,chainlink,84022.22,twap60,,10.807,0.4244,0.440,0.450,46.00,0.550,0.560,752.37,0.07,5,484.37,4144.19,927.00,-0.0002790,0.0005069,-0.0035096
1790616105.4,1790616000,105.4,194.6,84023.99,chainlink,84022.22,twap60,,10.807,0.5052,0.490,0.500,697.52,0.500,0.510,45.00,0.07,5,45.00,1149.79,2701.10,0.0002810,0.0008318,-0.0031290
1790616120.4,1790616000,120.4,179.6,83993.83,chainlink,84022.22,twap60,,10.807,0.4120,0.360,0.370,497.01,0.630,0.640,1403.26,0.07,5,454.97,3544.50,1319.14,-0.0003173,-0.0000886,-0.0033525
1790616135.5,1790616000,135.5,164.5,83996.67,chainlink,84022.22,twap60,,10.807,0.4161,0.370,0.380,50.00,0.610,0.630,30.00,0.07,5,20.00,500.00,4316.83,0.0000378,-0.0002636,-0.0029413
1790616150.5,1790616000,150.5,149.5,83985.45,chainlink,84022.22,twap60,,10.807,0.3725,0.220,0.230,100.00,0.770,0.780,349.00,0.07,5,429.00,1904.11,508.18,-0.0001337,-0.0001777,-0.0033478
1790616165.5,1790616000,165.5,134.5,83981.88,chainlink,84022.22,twap60,,10.807,0.3505,0.300,0.310,484.99,0.690,0.700,990.48,0.07,5,990.48,2247.44,3718.25,-0.0000002,-0.0004597,-0.0022590
1790616180.5,1790616000,180.5,119.5,83990.34,chainlink,84022.22,twap60,,10.807,0.3703,0.280,0.290,419.89,0.690,0.700,44.10,0.07,5,181.00,1700.72,2689.95,0.0001018,-0.0000376,-0.0019237
1790616195.5,1790616000,195.5,104.5,83991.30,chainlink,84022.22,twap60,,10.807,0.3608,0.330,0.340,321.33,0.660,0.670,1835.00,0.07,5,1835.00,3580.79,2472.81,-0.0000151,-0.0000641,-0.0013888
1790616210.6,1790616000,210.6,89.4,84022.53,chainlink,84022.22,twap60,,10.807,0.5016,0.620,0.630,84.98,0.370,0.380,146.67,0.07,5,146.67,817.86,1140.98,0.0004001,0.0004838,-0.0003884
1790616225.6,1790616000,225.6,74.4,83996.64,chainlink,84022.22,twap60,,10.807,0.3433,0.240,0.250,1487.10,0.750,0.760,79.00,0.07,5,79.00,567.00,2542.01,-0.0004229,0.0001769,-0.0006927
1790616240.6,1790616000,240.6,59.4,83954.45,chainlink,84022.22,twap60,83954.45,10.807,0.0772,0.010,0.020,276.31,0.980,0.990,625.62,0.07,5,625.62,625.62,1430.11,-0.0005055,-0.0004540,-0.0010012
1790616255.6,1790616000,255.6,44.4,83973.46,chainlink,84022.22,twap60,83969.70,10.807,0.0528,,0.010,1667.70,0.990,,,0.07,5,,,5509.14,0.0000995,-0.0001841,-0.0008450
1790616270.7,1790616000,270.7,29.3,84001.23,chainlink,84022.22,twap60,83978.69,10.807,0.0246,,0.010,5501.17,0.990,,,0.07,5,,,9105.61,0.0003431,-0.0003683,-0.0000461
1790616285.7,1790616000,285.7,14.3,83995.04,chainlink,84022.22,twap60,83985.09,10.807,0.0010,,0.010,47241.44,0.990,,,0.07,5,,,51220.99,-0.0000814,-0.0000222,-0.0002500
1790616315.7,1790616300,15.7,284.3,83960.95,chainlink,83983.38,twap60,,10.615,0.4462,0.450,0.460,776.42,0.540,0.550,32.00,0.07,5,32.00,643.00,3050.64,-0.0002302,-0.0001365,-0.0002863
1790616330.7,1790616300,30.7,269.3,83966.10,chainlink,83983.38,twap60,,10.615,0.4572,0.380,0.400,80.00,0.600,0.610,5.00,0.07,5,99.59,1401.59,2754.51,0.0000641,-0.0004260,0.0001583
1790616345.8,1790616300,45.8,254.3,83955.42,chainlink,83983.38,twap60,,10.615,0.4286,0.370,0.380,85.00,0.620,0.630,783.18,0.07,5,783.18,4706.06,1365.00,-0.0001205,-0.0004500,0.0000154
1790616360.8,1790616300,60.8,239.2,83965.03,chainlink,83983.38,twap60,,10.615,0.4512,0.480,0.490,115.59,0.510,0.520,1459.00,0.07,5,1459.00,3110.88,3477.81,0.0001088,-0.0001816,-0.0004316
1790616375.8,1790616300,75.8,224.2,83963.29,chainlink,83983.38,twap60,,10.615,0.4445,0.350,0.360,27.00,0.640,0.650,620.63,0.07,5,620.63,3720.11,1305.64,-0.0001753,0.0000307,-0.0006610
1790616390.8,1790616300,90.8,209.2,83958.36,chainlink,83983.38,twap60,,10.615,0.4281,0.360,0.370,2193.96,0.630,0.640,105.00,0.07,5,105.00,916.00,4229.42,-0.0000576,-0.0000855,-0.0005003
1790616405.8,1790616300,105.8,194.2,83935.59,chainlink,83983.38,twap60,,10.615,0.3585,0.240,0.250,914.45,0.750,0.760,98.13,0.07,5,98.13,3252.91,3721.94,-0.0002658,-0.0002418,-0.0010109
1790616420.9,1790616300,120.9,179.1,83907.60,chainlink,83983.38,twap60,,10.615,0.2725,0.130,0.140,36.71,0.860,0.870,1317.49,0.07,5,1317.49,4831.60,3863.02,-0.0003204,-0.0008387,-0.0010231
1790616435.9,1790616300,135.9,164.1,83898.26,chainlink,83983.38,twap60,,10.615,0.2358,0.090,0.100,304.10,0.900,0.910,361.49,0.07,5,361.49,4024.12,2890.35,-0.0001058,-0.0007737,-0.0011724
1790616450.9,1790616300,150.9,149.1,83866.74,chainlink,83983.38,twap60,,10.615,0.1464,0.030,0.040,1088.85,0.960,0.970,1183.63,0.07,5,1183.63,16905.09,4662.82,-0.0003825,-0.0010865,-0.0013721
1790616465.9,1790616300,165.9,134.1,83850.20,chainlink,83983.38,twap60,,10.615,0.0979,0.020,0.030,573.61,0.970,0.980,845.39,0.07,5,845.39,8920.94,3245.06,-0.0001992,-0.0010047,-0.0015680
1790616480.9,1790616300,180.9,119.1,83855.27,chainlink,83983.38,twap60,,10.615,0.0873,0.010,0.020,4122.89,0.980,0.990,1376.79,0.07,5,1376.79,1376.79,7210.94,0.0000626,-0.0006183,-0.0016360
1790616496.0,1790616300,196.0,104.0,83858.12,chainlink,83983.38,twap60,,10.615,0.0701,,0.010,6081.65,0.990,,,0.07,5,,,8579.98,0.0000900,-0.0004853,-0.0015587
1790616511.0,1790616300,211.0,89.0,83845.63,chainlink,83983.38,twap60,,10.615,0.0319,,0.010,8279.06,0.990,,,0.07,5,,,13436.19,-0.0001316,-0.0002538,-0.0022224
1790616525.0,1790616300,225.0,75.0,83888.80,chainlink,83983.38,twap60,,10.615,0.0660,,0.010,3395.04,0.990,,,0.07,5,,,6103.98,0.0005154,0.0004623,-0.0012878
1790616540.0,1790616300,240.0,60.0,83890.92,chainlink,83983.38,twap60,83890.83,10.615,0.0256,,0.010,11422.02,0.990,,,0.07,5,,,14098.39,0.0000158,0.0004811,-0.0008840
1790616555.1,1790616300,255.1,44.9,83885.07,chainlink,83983.38,twap60,83875.53,10.615,0.0010,,0.010,34188.71,0.990,,,0.07,5,,,37100.55,0.0000769,0.0003386,-0.0010407
1790616570.1,1790616300,270.1,29.9,83901.11,chainlink,83983.38,twap60,83885.64,10.615,0.0010,,0.010,71579.64,0.990,,,0.07,5,,,75193.40,0.0000827,0.0006621,-0.0012003
1790616585.1,1790616300,285.1,14.9,83883.70,chainlink,83983.38,twap60,83887.73,10.615,0.0010,,0.001,27262.59,0.999,,,0.07,5,,,100049.07,-0.0002105,-0.0000702,-0.0013046
1790616615.1,1790616600,15.1,284.9,83918.34,chainlink,83884.32,twap60,,9.948,0.5865,0.650,0.660,249.00,0.340,0.350,9.91,0.07,5,9.91,14.91,5582.51,0.0005602,0.0002880,-0.0005049
1790616630.2,1790616600,30.2,269.8,83917.00,chainlink,83884.32,twap60,,9.948,0.5858,0.670,0.680,30.00,0.320,0.330,409.90,0.07,5,404.90,3134.48,914.62,-0.0001192,0.0001863,-0.0005783
1790616645.2,1790616600,45.2,254.8,83963.50,chainlink,83884.32,twap60,,9.948,0.7065,0.770,0.780,1354.91,0.220,0.230,137.50,0.07,5,137.50,1419.92,5555.50,0.0005315,0.0009661,0.0000906
1790616660.2,1790616600,60.2,239.8,83966.94,chainlink,83884.32,twap60,,9.948,0.7216,0.790,0.800,105.00,0.200,0.210,1813.35,0.07,5,1813.35,3877.03,3987.40,0.0000508,0.0011392,-0.0001318
1790616675.2,1790616600,75.2,224.8,83946.68,chainlink,83884.32,twap60,,9.948,0.6777,0.740,0.750,1658.85,0.250,0.260,90.15,0.07,5,90.15,769.41,4704.61,-0.0002453,0.0002345,-0.0001967
1790616690.3,1790616600,90.3,209.7,83931.83,chainlink,83884.32,twap60,,9.948,0.6430,0.750,0.760,88.35,0.240,0.250,1711.17,0.07,5,1711.17,3884.61,3144.35,-0.0001616,0.0001542,-0.0003107
1790616705.3,1790616600,105.3,194.7,83945.04,chainlink,83884.32,twap60,,9.948,0.6882,0.780,0.790,1825.86,0.210,0.220,40.27,0.07,5,40.27,716.27,5257.38,0.0000737,-0.0002100,0.0001257
1790616720.3,1790616600,120.3,179.7,83939.97,chainlink,83884.32,twap60,,9.948,0.6820,0.790,0.800,1266.33,0.200,0.210,157.00,0.07,5,157.00,1771.26,4793.33,-0.0000563,-0.0003252,0.0003913
1790616735.3,1790616600,135.3,164.7,83923.11,chainlink,83884.32,twap60,,9.948,0.6366,0.700,0.710,499.45,0.290,0.300,41.00,0.07,5,41.00,1257.97,4181.64,-0.0003262,-0.0002654,0.0002895
1790616750.3,1790616600,150.3,149.7,83931.35,chainlink,83884.32,twap60,,9.948,0.6742,0.790,0.800,63.75,0.200,0.210,547.68,0.07,5,547.68,2519.75,3989.29,0.0000852,-0.0000894,0.0007681
1790616765.4,1790616600,165.4,134.6,83946.11,chainlink,83884.32,twap60,,9.948,0.7384,0.880,0.890,388.08,0.110,0.120,473.36,0.07,5,473.36,2545.95,2338.47,0.0001552,0.0000169,0.0011453
1790616780.4,1790616600,180.4,119.6,83961.75,chainlink,83884.32,twap60,,9.948,0.8085,0.920,0.930,1005.32,0.070,0.080,258.00,0.07,5,243.00,1943.54,5646.86,0.0001856,0.0001341,0.0013252
1790616795.4,1790616600,195.4,104.6,83947.23,chainlink,83884.32,twap60,,9.948,0.7843,0.880,0.890,114.60,0.110,0.120,1109.95,0.07,5,1109.95,3146.75,3567.94,-0.0001906,0.0002744,0.0010794
1790616810.4,1790616600,210.4,89.6,83914.39,chainlink,83884.32,twap60,,9.948,0.6661,0.670,0.680,849.86,0.320,0.330,188.00,0.07,5,325.00,747.73,3592.86,-0.0002896,-0.0002228,0.0008204
1790616825.4,1790616600,225.4,74.6,83920.77,chainlink,83884.32,twap60,,9.948,0.7334,0.880,0.890,1780.88,0.110,0.120,706.52,0.07,5,706.52,721.52,6181.69,0.0001539,-0.0003026,0.0003715
1790616840.5,1790616600,240.5,59.5,83898.39,chainlink,83884.32,twap60,83898.39,9.948,0.6255,0.780,0.790,8.00,0.210,0.220,100.00,0.07,5,100.00,442.00,2574.94,-0.0002720,-0.0007725,0.0002357
1790616855.5,1790616600,255.5,44.5,83879.38,chainlink,83884.32,twap60,83889.26,9.948,0.4666,0.360,0.370,110.00,0.630,0.640,45.00,0.07,5,50.00,224.75,1150.00,-0.0002155,-0.0007068,-0.0001763
1790616870.5,1790616600,270.5,29.5,83859.73,chainlink,83884.32,twap60,83878.05,9.948,0.1597,,0.010,725.10,0.990,,,0.07,5,,,781.10,-0.0002479,-0.0005738,-0.0004964
1790616885.5,1790616600,285.5,14.5,83859.34,chainlink,83884.32,twap60,83871.28,9.948,0.0013,,0.010,33762.72,0.990,,,0.07,5,,,34644.71,0.0000622,-0.0007376,-0.0002753
1790616915.6,1790616900,15.6,284.4,83863.38,chainlink,83868.80,twap60,,10.061,0.4863,0.540,0.550,720.60,0.450,0.460,382.61,0.07,5,382.61,707.95,1925.21,0.0002113,-0.0002043,-0.0007583
1790616930.6,1790616900,30.6,269.4,83860.12,chainlink,83868.80,twap60,,10.061,0.4773,0.470,0.480,80.89,0.520,0.530,634.28,0.07,5,634.28,2607.52,1189.83,-0.0001040,0.0000716,-0.0007004
1790616945.6,1790616900,45.6,254.4,83873.70,chainlink,83868.80,twap60,,10.061,0.5133,0.480,0.490,45.00,0.510,0.520,207.00,0.07,5,1732.43,4438.03,895.62,0.0001533,0.0001550,-0.0010603
1790616960.6,1790616900,60.6,239.4,83895.75,chainlink,83868.80,twap60,,10.061,0.5752,0.680,0.690,649.58,0.310,0.320,271.00,0.07,5,221.00,1957.01,3169.93,0.0002644,0.0005972,-0.0008521
1790616975.6,1790616900,75.6,224.4,83903.66,chainlink,83868.80,twap60,,10.061,0.6007,0.630,0.640,529.01,0.360,0.370,236.00,0.07,5,236.00,1283.58,4354.58,0.0000851,0.0004150,-0.0004973
1790616990.7,1790616900,90.7,209.3,83915.40,chainlink,83868.80,twap60,,10.061,0.6391,0.720,0.730,131.95,0.270,0.280,77.33,0.07,5,77.33,1915.37,1028.06,0.0002977,0.0006504,-0.0002795
1790617005.7,1790616900,105.7,194.3,83900.74,chainlink,83868.80,twap60,,10.061,0.6008,0.610,0.620,108.00,0.380,0.390,812.62,0.07,5,807.62,2633.00,1074.13,-0.0001748,0.0003239,-0.0005238
1790617020.7,1790616900,120.7,179.3,83898.34,chainlink,83868.80,twap60,,10.061,0.5982,0.660,0.670,361.09,0.330,0.340,304.03,0.07,5,304.03,2647.20,1501.11,0.0000451,0.0000218,-0.0006214
1790617035.7,1790616900,135.7,164.3,83891.28,chainlink,83868.80,twap60,,10.061,0.5794,0.580,0.590,494.00,0.410,0.420,65.00,0.07,5,65.00,815.40,2656.61,-0.0000712,0.0000102,-0.0003923
1790617050.8,1790616900,150.8,149.2,83864.72,chainlink,83868.80,twap60,,10.061,0.4845,0.410,0.420,45.00,0.580,0.590,641.71,0.07,5,598.71,2510.41,415.00,-0.0003082,-0.0006041,-0.0008148
1790617065.8,1790616900,165.8,134.2,83825.62,chainlink,83868.80,twap60,,10.061,0.3292,0.190,0.200,84.00,0.800,0.810,1083.28,0.07,5,1083.28,4002.17,1020.26,-0.0004495,-0.0008220,-0.0014370
1790617080.8,1790616900,180.8,119.2,83818.15,chainlink,83868.80,twap60,,10.061,0.2858,0.150,0.160,30.00,0.840,0.850,826.15,0.07,5,826.15,3685.91,758.33,-0.0000873,-0.0009432,-0.0017293
1790617095.9,1790616900,195.9,104.1,83831.24,chainlink,83868.80,twap60,,10.061,0.3205,0.120,0.130,34.00,0.870,0.880,585.57,0.07,5,585.57,2157.33,998.31,0.0001453,-0.0007076,-0.0012810
1790617110.9,1790616900,210.9,89.1,83849.97,chainlink,83868.80,twap60,,10.061,0.3947,0.340,0.350,927.07,0.650,0.660,72.00,0.07,5,72.00,520.00,1543.48,0.0002423,-0.0001590,-0.0006900
1790617125.9,1790616900,225.9,74.1,83891.98,chainlink,83868.80,twap60,,10.061,0.6534,0.790,0.800,282.50,0.200,0.210,19.00,0.07,5,19.00,770.30,933.50,0.0004791,0.0007931,-0.0003484
1790617140.9,1790616900,240.9,59.1,83912.42,chainlink,83868.80,twap60,83913.56,10.061,0.8396,0.950,0.960,504.31,0.040,0.050,147.38,0.07,5,147.38,1550.13,5906.80,0.0002492,0.0011132,0.0001783
1790617155.9,1790616900,255.9,44.1,83891.74,chainlink,83868.80,twap60,83902.90,10.061,0.8199,0.990,,,,0.010,5905.35,0.07,5,5905.35,6788.35,,-0.0002600,0.0007402,0.0001338
1790617171.0,1790616900,271.0,29.0,83906.31,chainlink,83868.80,twap60,83904.29,10.061,0.9920,0.990,,,,0.010,29883.74,0.07,5,29883.74,31146.73,,0.0001796,0.0006498,0.0006222
1790617186.0,1790616900,286.0,14.0,83894.19,chainlink,83868.80,twap60,83904.09,10.061,0.9990,0.990,,,,0.010,73651.61,0.07,5,73651.61,75154.72,,-0.0001469,0.0000320,0.0003993
1790617215.0,1790617200,15.0,285.0,83922.20,chainlink,83904.08,twap60,,10.215,0.5451,0.530,0.540,313.00,0.460,0.470,510.53,0.07,5,510.53,2546.55,2191.76,0.0002339,0.0003690,0.0006359
1790617230.0,1790617200,30.0,270.0,83895.68,chainlink,83904.08,twap60,,10.215,0.4784,0.450,0.460,1598.86,0.540,0.550,15.81,0.07,5,15.81,679.81,4585.86,-0.0002841,-0.0001292,0.0004154
1790617245.1,1790617200,45.1,254.9,83897.44,chainlink,83904.08,twap60,,10.215,0.4823,0.470,0.480,1022.60,0.520,0.530,50.00,0.07,5,50.00,978.90,3405.23,0.0000247,0.0000398,0.0002846
1790617260.1,1790617200,60.1,239.9,83896.34,chainlink,83904.08,twap60,,10.215,0.4786,0.490,0.510,5.00,0.490,0.500,100.00,0.07,5,110.00,1978.55,956.00,0.0000290,-0.0000742,-0.0000021
1790617275.1,1790617200,75.1,224.9,83903.15,chainlink,83904.08,twap60,,10.215,0.4974,0.600,0.610,62.30,0.390,0.400,1005.00,0.07,5,896.00,4917.35,309.68,0.0000941,-0.0001950,0.0001517
1790617290.1,1790617200,90.1,209.9,83943.70,chainlink,83904.08,twap60,,10.215,0.6170,0.680,0.690,73.33,0.310,0.320,855.48,0.07,5,860.48,4237.64,997.33,0.0004016,0.0005758,0.0003371
1790617305.1,1790617200,105.1,194.9,83946.79,chainlink,83904.08,twap60,,10.215,0.6316,0.800,0.810,196.00,0.190,0.200,785.61,0.07,5,785.61,3337.86,1635.08,0.0000542,0.0006302,0.0006224
1790617320.2,1790617200,120.2,179.8,83980.31,chainlink,83904.08,twap60,,10.215,0.7360,0.870,0.890,1370.95,0.110,0.130,162.38,0.07,5,162.38,3384.07,5668.41,0.0003013,0.0010132,0.0009895
1790617335.2,1790617200,135.2,164.8,83946.69,chainlink,83904.08,twap60,,10.215,0.6456,0.740,0.750,21.00,0.250,0.260,1060.00,0.07,5,1055.00,5000.22,800.23,-0.0004097,0.0004373,0.0006687
1790617350.2,1790617200,150.2,149.8,83922.33,chainlink,83904.08,twap60,,10.215,0.5677,0.570,0.580,1504.04,0.420,0.430,77.25,0.07,5,77.25,880.25,2781.14,-0.0002430,-0.0002373,0.0007035
1790617365.2,1790617200,165.2,134.8,83912.80,chainlink,83904.08,twap60,,10.215,0.5350,0.680,0.690,122.92,0.310,0.320,1637.17,0.07,5,1637.17,3192.43,1487.25,-0.0000689,-0.0005028,0.0010413
1790617380.3,1790617200,180.3,119.7,83944.71,chainlink,83904.08,twap60,,10.215,0.6720,0.900,0.910,258.96,0.090,0.100,323.00,0.07,5,453.11,3346.40,3409.17,0.0003004,-0.0004334,0.0014979
1790617395.3,1790617200,195.3,104.7,83950.45,chainlink,83904.08,twap60,,10.215,0.7137,0.900,0.910,304.00,0.090,0.100,126.11,0.07,5,126.11,1282.83,4005.87,-0.0000613,0.0000920,0.0014399
1790617410.3,1790617200,210.3,89.7,83968.81,chainlink,83904.08,twap60,,10.215,0.8156,0.970,0.980,994.22,0.020,0.030,184.65,0.07,5,184.65,2988.14,5900.79,0.0002187,0.0005984,0.0013945
1790617425.3,1790617200,225.3,74.7,83983.24,chainlink,83904.08,twap60,,10.215,0.9059,0.990,,,,0.010,9152.17,0.07,5,9152.17,12144.03,,0.0000834,0.0007593,0.0010928
1790617440.3,1790617200,240.3,59.7,83970.73,chainlink,83904.08,twap60,83970.73,10.215,0.9295,0.990,,,,0.010,9402.65,0.07,5,9402.65,13412.95,,-0.0001528,0.0001803,0.0006811
1790617455.4,1790617200,255.4,44.6,83957.51,chainlink,83904.08,twap60,83961.69,10.215,0.9685,0.990,,,,0.010,20223.81,0.07,5,20223.81,24444.60,,-0.0001576,0.0000840,0.0007896
1790617470.4,1790617200,270.4,29.6,83968.19,chainlink,83904.08,twap60,83965.18,10.215,0.9990,0.990,,,,0.010,51766.83,0.07,5,51766.83,55270.70,,0.0000247,-0.0000958,0.0007348
1790617485.4,1790617200,285.4,14.6,83981.01,chainlink,83904.08,twap60,83970.40,10.215,0.9990,0.990,,,,0.010,71861.88,0.07,5,71861.88,75468.79,,0.0000516,-0.0000304,0.0010354
1790617515.5,1790617500,15.5,284.5,84005.26,chainlink,83972.54,twap60,,10.209,0.5812,0.610,0.620,1735.03,0.380,0.390,21.65,0.07,5,21.65,1698.65,3837.03,0.0003259,0.0004661,0.0010212
1790617530.5,1790617500,30.5,269.5,84017.39,chainlink,83972.54,twap60,,10.209,0.6141,0.620,0.630,736.15,0.370,0.380,85.00,0.07,5,85.00,1703.97,3356.58,0.0001856,0.0004847,0.0014533
1790617545.5,1790617500,45.5,254.5,83991.70,chainlink,83972.54,twap60,,10.209,0.5510,0.550,0.560,1949.94,0.440,0.450,45.00,0.07,5,45.00,298.00,3737.01,-0.0002845,0.0001235,0.0011650
1790617560.5,1790617500,60.5,239.5,83964.65,chainlink,83972.54,twap60,,10.209,0.4782,0.550,0.560,1504.93,0.440,0.450,45.00,0.07,5,45.00,801.00,3099.48,-0.0001752,-0.0001576,0.0008268
1790617575.5,1790617500,75.5,224.5,83961.00,chainlink,83972.54,twap60,,10.209,0.4669,0.420,0.430,464.77,0.570,0.580,202.72,0.07,5,202.72,1532.72,3649.94,-0.0001317,-0.0004856,0.0006078
1790617590.6,1790617500,90.6,209.4,83944.99,chainlink,83972.54,twap60,,10.209,0.4179,0.380,0.390,1572.64,0.610,0.620,5.00,0.07,5,5.00,1202.06,3611.62,-0.0001789,-0.0008407,0.0000327
1790617605.6,1790617500,105.6,194.4,83952.08,chainlink,83972.54,twap60,,10.209,0.4360,0.360,0.370,1297.42,0.630,0.640,66.00,0.07,5,66.00,792.00,5368.54,0.0000769,-0.0003249,-0.0000348
1790617620.6,1790617500,120.6,179.4,83955.45,chainlink,83972.54,twap60,,10.209,0.4436,0.330,0.340,2138.36,0.660,0.670,26.00,0.07,5,26.00,1642.14,4003.19,0.0000369,-0.0001978,-0.0003054
1790617635.6,1790617500,135.6,164.4,83954.72,chainlink,83972.54,twap60,,10.209,0.4378,0.390,0.400,1031.07,0.600,0.610,17.00,0.07,5,17.00,1389.06,3542.64,0.0000097,-0.0000631,0.0001428
1790617650.6,1790617500,150.6,149.4,83951.22,chainlink,83972.54,twap60,,10.209,0.4209,0.320,0.330,65.00,0.670,0.680,588.13,0.07,5,588.13,4227.36,1888.44,-0.0000426,0.0000666,0.0003889
1790617665.7,1790617500,165.7,134.3,83934.85,chainlink,83972.54,twap60,,10.209,0.3519,0.180,0.190,826.64,0.810,0.820,60.40,0.07,5,60.40,2131.99,3282.29,-0.0001837,-0.0002086,0.0001829
1790617680.7,1790617500,180.7,119.3,83901.45,chainlink,83972.54,twap60,,10.209,0.2171,0.050,0.060,1272.10,0.940,0.950,160.00,0.07,5,160.00,5633.69,3062.45,-0.0003933,-0.0006250,-0.0006452
1790617695.7,1790617500,195.7,104.3,83899.26,chainlink,83972.54,twap60,,10.209,0.1853,0.030,0.040,963.40,0.960,0.970,675.39,0.07,5,675.39,12302.85,7042.65,-0.0000282,-0.0006617,-0.0006100
1790617710.7,1790617500,210.7,89.3,83902.49,chainlink,83972.54,twap60,,10.209,0.1641,0.010,0.020,2242.40,0.980,0.990,9316.97,0.07,5,9326.97,9326.97,3959.66,0.0000200,-0.0005692,-0.0008785
1790617725.8,1790617500,225.8,74.2,83904.69,chainlink,83972.54,twap60,,10.209,0.1280,0.010,0.020,9324.50,0.980,0.990,351.74,0.07,5,351.74,351.74,11939.27,0.0000095,-0.0003547,-0.0009396
1790617740.8,1790617500,240.8,59.2,83917.65,chainlink,83972.54,twap60,83918.13,10.209,0.1102,,0.010,9653.73,0.990,,,0.07,5,,,15455.19,0.0000639,0.0001910,-0.0006323
1790617755.8,1790617500,255.8,44.2,83917.26,chainlink,83972.54,twap60,83916.53,10.209,0.0273,,0.010,29776.19,0.990,,,0.07,5,,,36431.99,-0.0000279,0.0001961,-0.0005820
1790617770.8,1790617500,270.8,29.2,83907.71,chainlink,83972.54,twap60,83912.98,10.209,0.0010,,0.010,80058.83,0.990,,,0.07,5,,,85967.71,-0.0001136,0.0000455,-0.0008215
1790617785.8,1790617500,285.8,14.2,83889.32,chainlink,83972.54,twap60,83904.71,10.209,0.0010,,0.010,80098.49,0.990,,,0.07,5,,,84732.37,-0.0001534,-0.0002738,-0.0010961
1790617815.9,1790617800,15.9,284.1,83886.13,chainlink,83901.41,twap60,,10.184,0.4617,0.370,0.380,1012.72,0.620,0.630,68.41,0.07,5,68.41,1170.41,3766.31,-0.0000040,-0.0003709,-0.0013778
1790617830.9,1790617800,30.9,269.1,83877.68,chainlink,83901.41,twap60,,10.184,0.4388,0.390,0.400,240.00,0.600,0.610,521.31,0.07,5,585.28,2970.89,1690.00,-0.0001008,-0.0002923,-0.0016430
1790617845.9,1790617800,45.9,254.1,83869.67,chainlink,83901.41,twap60,,10.184,0.4156,0.300,0.310,49.64,0.690,0.700,2012.70,0.07,5,2012.70,5806.16,1320.64,-0.0000930,-0.0002354,-0.0013071
1790617861.0,1790617800,61.0,239.0,83865.22,chainlink,83901.41,twap60,,10.184,0.4006,0.220,0.230,100.00,0.770,0.780,40.00,0.07,5,40.00,1061.11,4454.83,-0.0000160,-0.0002533,-0.0012732
1790617876.0,1790617800,76.0,224.0,83839.06,chainlink,83901.41,twap60,,10.184,0.3259,0.200,0.210,179.00,0.790,0.800,1520.29,0.07,5,1520.29,3462.64,1493.98,-0.0003035,-0.0005612,-0.0014416
1790617891.0,1790617800,91.0,209.0,83834.17,chainlink,83901.41,twap60,,10.184,0.3058,0.200,0.210,519.95,0.790,0.800,291.73,0.07,5,291.73,1835.62,4471.47,-0.0000766,-0.0005164,-0.0013287
1790617905.0,1790617800,105.0,195.0,83865.94,chainlink,83901.41,twap60,,10.184,0.3898,0.290,0.300,186.00,0.700,0.710,1360.17,0.07,5,1360.17,2475.32,1536.43,0.0003666,-0.0000073,-0.0010298
1790617920.0,1790617800,120.0,180.0,83859.53,chainlink,83901.41,twap60,,10.184,0.3641,0.220,0.230,594.28,0.770,0.780,8.85,0.07,5,8.85,2899.49,1769.67,-0.0000603,-0.0000594,-0.0011247
1790617935.1,1790617800,135.1,164.9,83889.52,chainlink,83901.41,twap60,,10.184,0.4584,0.450,0.460,80.65,0.540,0.550,378.67,0.07,5,478.67,1443.20,1766.85,0.0003578,0.0005835,-0.0007778
1790617950.1,1790617800,150.1,149.9,83906.27,chainlink,83901.41,twap60,,10.184,0.5181,0.400,0.410,131.00,0.590,0.600,397.63,0.07,5,359.20,558.34,296.94,0.0001859,0.0008473,-0.0005242
1790617965.1,1790617800,165.1,134.9,83891.13,chainlink,83901.41,twap60,,10.184,0.4587,0.720,0.730,707.47,0.270,0.280,248.98,0.07,5,248.98,1174.71,2091.65,0.0000265,0.0003165,-0.0005163
1790617980.1,1790617800,180.1,119.9,83927.40,chainlink,83901.41,twap60,,10.184,0.6124,0.710,0.720,430.59,0.280,0.290,90.00,0.07,5,90.00,2179.82,2301.59,0.0000170,0.0008093,0.0003071
1790617995.2,1790617800,195.2,104.8,83912.75,chainlink,83901.41,twap60,,10.184,0.5550,0.510,0.520,75.00,0.470,0.490,124.03,0.07,5,203.03,1230.89,2794.93,-0.0002040,0.0002631,0.0001423
1790618010.2,1790617800,210.2,89.8,83915.61,chainlink,83901.41,twap60,,10.184,0.5783,0.690,0.700,30.00,0.300,0.310,444.48,0.07,5,449.45,1680.90,436.75,0.0000759,0.0003182,0.0001396
1790618025.2,1790617800,225.2,74.8,83910.18,chainlink,83901.41,twap60,,10.184,0.5580,0.470,0.480,44.61,0.520,0.530,473.00,0.07,5,508.00,2980.99,951.57,-0.0000537,-0.0001881,-0.0000251
1790618040.2,1790617800,240.2,59.8,83896.14,chainlink,83901.41,twap60,83896.14,10.184,0.4536,0.050,0.060,56.99,0.940,0.950,346.94,0.07,5,346.94,3177.42,912.16,-0.0000992,-0.0004020,-0.0002797
1790618055.2,1790617800,255.2,44.8,83877.60,chainlink,83901.41,twap60,83873.41,10.184,0.1983,0.030,0.040,494.25,0.960,0.970,6.97,0.07,5,6.97,2636.86,2036.25,0.0000269,-0.0003771,-0.0004726
1790618070.3,1790617800,270.3,29.7,83868.74,chainlink,83901.41,twap60,83873.37,10.184,0.0282,,0.010,25260.88,0.990,,,0.07,5,,,27000.18,-0.0001184,-0.0005478,-0.0003989
1790618085.3,1790617800,285.3,14.7,83875.63,chainlink,83901.41,twap60,83873.79,10.184,0.0010,,0.010,72247.07,0.990,,,0.07,5,,,75328.27,0.0000548,-0.0003436,-0.0001643
1790618115.3,1790618100,15.3,284.7,83847.87,chainlink,83870.73,twap60,,10.311,0.4437,0.400,0.410,348.00,0.590,0.600,60.00,0.07,5,60.00,411.00,3469.98,0.0000404,-0.0003672,-0.0004562
1790618130.3,1790618100,30.3,269.7,83826.85,chainlink,83870.73,twap60,,10.311,0.3894,0.240,0.250,13.00,0.750,0.760,1704.41,0.07,5,1704.41,3826.76,1138.20,-0.0002033,-0.0005269,-0.0006036
1790618145.4,1790618100,45.4,254.6,83830.53,chainlink,83870.73,twap60,,10.311,0.3951,0.360,0.370,2520.06,0.630,0.640,88.00,0.07,5,88.00,1424.00,4435.06,0.0001529,-0.0004840,-0.0004297
1790618160.4,1790618100,60.4,239.6,83865.51,chainlink,83870.73,twap60,,10.311,0.4857,0.500,0.510,760.87,0.490,0.500,119.00,0.07,5,79.00,1113.27,4470.71,0.0003621,0.0002507,0.0000118
1790618175.4,1790618100,75.4,224.6,83885.21,chainlink,83870.73,twap60,,10.311,0.5412,0.520,0.530,184.24,0.470,0.480,295.00,0.07,5,295.00,3981.75,2154.04,0.0002095,0.0004926,0.0005321
1790618190.4,1790618100,90.4,209.6,83879.02,chainlink,83870.73,twap60,,10.311,0.5246,0.570,0.580,1105.06,0.420,0.430,34.30,0.07,5,34.30,870.88,4027.28,-0.0000567,0.0007312,0.0005224
1790618205.4,1790618100,105.4,194.6,83894.65,chainlink,83870.73,twap60,,10.311,0.5740,0.630,0.640,680.36,0.360,0.370,89.00,0.07,5,89.00,1067.35,2805.16,0.0001599,0.0007095,0.0003584
1790618220.5,1790618100,120.5,179.5,83875.32,chainlink,83870.73,twap60,,10.311,0.5150,0.540,0.550,1769.31,0.450,0.460,10.00,0.07,5,10.00,525.00,4519.31,-0.0002106,0.0000915,0.0001885
1790618235.5,1790618100,135.5,164.5,83886.80,chainlink,83870.73,twap60,,10.311,0.5556,0.580,0.590,415.87,0.410,0.420,30.00,0.07,5,30.00,1338.53,2856.71,0.0001323,0.0000362,-0.0000462
1790618250.5,1790618100,150.5,149.5,83901.83,chainlink,83870.73,twap60,,10.311,0.6134,0.650,0.660,341.45,0.340,0.350,11.15,0.07,5,116.15,1077.15,921.45,0.0002211,0.0002455,0.0001540
1790618265.5,1790618100,165.5,134.5,83883.97,chainlink,83870.73,twap60,,10.311,0.5526,0.580,0.590,24.39,0.410,0.420,168.07,0.07,5,168.07,4034.37,715.39,-0.0001831,-0.0001073,-0.0005006
1790618280.6,1790618100,180.6,119.4,83893.90,chainlink,83870.73,twap60,,10.311,0.5995,0.700,0.710,924.22,0.290,0.300,6.00,0.07,5,6.00,669.00,2278.08,0.0001506,0.0002169,-0.0004287
1790618295.6,1790618100,195.6,104.4,83890.11,chainlink,83870.73,twap60,,10.311,0.5926,0.660,0.670,345.00,0.330,0.340,163.75,0.07,5,163.75,2399.65,2054.08,-0.0000401,0.0000815,-0.0002280
1790618310.6,1790618100,210.6,89.4,83890.17,chainlink,83870.73,twap60,,10.311,0.6057,0.760,0.770,246.62,0.230,0.240,411.12,0.07,5,411.12,1163.57,3108.62,-0.0000031,-0.0001093,-0.0002923
1790618325.6,1790618100,225.6,74.4,83871.45,chainlink,83870.73,twap60,,10.311,0.5048,0.520,0.530,25.00,0.470,0.480,160.00,0.07,5,160.00,2680.10,731.00,-0.0002166,-0.0001170,-0.0003935
1790618340.6,1790618100,240.6,59.4,83871.69,chainlink,83870.73,twap60,83871.69,10.311,0.5085,0.570,0.580,220.39,0.420,0.430,149.99,0.07,5,149.99,329.99,1983.39,0.0000028,-0.0002597,-0.0000435
1790618355.7,1790618100,255.7,44.3,83849.45,chainlink,83870.73,twap60,83867.31,10.311,0.2852,0.140,0.160,50.00,0.840,0.860,63.39,0.07,5,63.39,460.39,694.38,-0.0002645,-0.0004885,-0.0003484
1790618370.7,1790618100,270.7,29.3,83849.06,chainlink,83870.73,twap60,83860.00,10.311,0.1536,,0.010,3280.77,0.990,,,0.07,5,,,6139.89,-0.0000317,-0.0004836,-0.0002620
1790618385.7,1790618100,285.7,14.3,83845.41,chainlink,83870.73,twap60,83855.63,10.311,0.0010,,0.010,55213.45,0.990,,,0.07,5,,,58469.61,-0.0000392,-0.0003106,-0.0003065
1790618415.8,1790618400,15.8,284.2,83840.27,chainlink,83853.49,twap60,,10.088,0.4666,0.440,0.450,173.65,0.550,0.560,1708.35,0.07,5,1668.35,4881.35,1486.03,-0.0000510,-0.0001366,-0.0000434
1790618430.8,1790618400,30.8,269.2,83819.49,chainlink,83853.49,twap60,,10.088,0.4119,0.310,0.320,147.39,0.680,0.690,2613.57,0.07,5,2613.57,5185.57,1618.20,-0.0002609,-0.0003484,0.0000213
1790618445.8,1790618400,45.8,254.2,83820.75,chainlink,83853.49,twap60,,10.088,0.4122,0.380,0.390,149.00,0.610,0.620,100.00,0.07,5,100.00,3428.05,971.57,0.0000139,-0.0002936,-0.0001718
1790618460.8,1790618400,60.8,239.2,83819.56,chainlink,83853.49,twap60,,10.088,0.4058,0.360,0.370,268.69,0.630,0.640,1597.00,0.07,5,1597.00,3358.05,1145.68,-0.0000106,-0.0002980,-0.0005735
1790618475.9,1790618400,75.9,224.1,83838.19,chainlink,83853.49,twap60,,10.088,0.4555,0.330,0.340,430.00,0.660,0.670,40.00,0.07,5,40.00,627.00,2329.41,0.0002223,-0.0000378,-0.0005435
1790618490.9,1790618400,90.9,209.1,83818.50,chainlink,83853.49,twap60,,10.088,0.3948,0.250,0.260,176.42,0.740,0.750,20.00,0.07,5,20.00,419.89,2800.09,-0.0002171,-0.0000129,-0.0007482
1790618505.9,1790618400,105.9,194.1,83822.35,chainlink,83853.49,twap60,,10.088,0.4018,0.330,0.340,294.05,0.660,0.670,354.75,0.07,5,354.75,2234.21,4740.97,0.0000504,0.0000228,-0.0008422
1790618520.9,1790618400,120.9,179.1,83856.05,chainlink,83853.49,twap60,,10.088,0.5086,0.490,0.500,115.00,0.500,0.510,1193.78,0.07,5,1193.78,3997.08,1081.93,0.0003977,0.0004353,-0.0002343
1790618535.9,1790618400,135.9,164.1,83884.43,chainlink,83853.49,twap60,,10.088,0.6085,0.760,0.770,195.00,0.230,0.240,485.00,0.07,5,504.54,2318.54,2399.15,0.0003388,0.0005692,0.0000138
1790618551.0,1790618400,151.0,149.0,83901.94,chainlink,83853.49,twap60,,10.088,0.6772,0.780,0.790,725.61,0.210,0.220,256.33,0.07,5,248.20,2766.84,2601.99,0.0001628,0.0009994,0.0000310
1790618566.0,1790618400,166.0,134.0,83912.70,chainlink,83853.49,twap60,,10.088,0.7275,0.880,0.890,35.00,0.110,0.120,907.97,0.07,5,907.97,2665.65,3620.89,0.0001258,0.0010730,0.0003747
1790618580.0,1790618400,180.0,120.0,83920.78,chainlink,83853.49,twap60,,10.088,0.7721,0.960,0.970,1264.74,0.030,0.040,1201.99,0.07,5,1206.99,4202.10,12650.23,0.0000991,0.0007719,0.0003254
1790618595.0,1790618400,195.0,105.0,83911.64,chainlink,83853.49,twap60,,10.088,0.7627,0.900,0.910,473.37,0.090,0.100,160.83,0.07,5,170.83,3070.40,3330.66,-0.0001754,0.0002784,0.0002529
1790618610.0,1790618400,210.0,90.0,83910.28,chainlink,83853.49,twap60,,10.088,0.7871,0.980,0.990,2590.11,0.020,0.030,2718.83,0.07,5,85.00,4728.79,2590.11,0.0000574,0.0000970,0.0002463
1790618625.1,1790618400,225.1,74.9,83918.15,chainlink,83853.49,twap60,,10.088,0.8609,0.990,,,,0.010,344.64,0.07,5,349.69,2461.74,,-0.0000459,0.0000678,0.0005566
1790618640.1,1790618400,240.1,59.9,83905.46,chainlink,83853.49,twap60,83904.97,10.088,0.8759,0.990,,,,0.010,1355.34,0.07,5,1355.34,3326.06,,-0.0001519,-0.0002490,0.0004033
1790618655.1,1790618400,255.1,44.9,83925.83,chainlink,83853.49,twap60,83910.73,10.088,0.9906,0.990,,,,0.010,27284.35,0.07,5,27284.35,29905.13,,0.0002487,0.0002426,0.0008834
1790618670.1,1790618400,270.1,29.9,83938.74,chainlink,83853.49,twap60,83918.29,10.088,0.9990,0.990,,,,0.010,53562.15,0.07,5,53570.15,56566.54,,0.0001145,0.0001995,0.0010733
1790618685.2,1790618400,285.2,14.8,83911.89,chainlink,83853.49,twap60,83919.66,10.088,0.9990,0.990,,,,0.010,74949.61,0.07,5,74939.61,77856.00,,-0.0003483,-0.0000754,0.0007932
1790618715.2,1790618700,15.2,284.8,83922.59,chainlink,83920.04,twap60,,9.644,0.5068,0.480,0.490,336.00,0.510,0.520,387.17,0.07,5,387.17,3366.91,2982.00,-0.0000690,-0.0000779,0.0009684
1790618730.2,1790618700,30.2,269.8,83927.98,chainlink,83920.04,twap60,,9.644,0.5217,0.550,0.560,781.60,0.440,0.450,23.00,0.07,5,23.00,1167.59,4031.44,0.0000705,-0.0001564,0.0012925
1790618745.2,1790618700,45.2,254.8,83924.11,chainlink,83920.04,twap60,,9.644,0.5115,0.530,0.540,39.70,0.460,0.470,804.94,0.07,5,804.94,3497.97,757.70,-0.0000479,0.0001454,0.0012360
1790618760.3,1790618700,60.3,239.7,83912.04,chainlink,83920.04,twap60,,9.644,0.4766,0.490,0.500,675.07,0.500,0.510,35.00,0.07,5,35.00,1389.89,4008.35,-0.0001417,-0.0001948,0.0011027
1790618775.3,1790618700,75.3,224.7,83910.15,chainlink,83920.04,twap60,,9.644,0.4699,0.470,0.480,85.16,0.520,0.530,1577.43,0.07,5,1577.43,2974.06,2497.16,-0.0000593,-0.0001421,0.0008757
1790618790.3,1790618700,90.3,209.7,83912.90,chainlink,83920.04,twap60,,9.644,0.4773,0.330,0.340,810.52,0.660,0.670,40.00,0.07,5,30.00,1700.84,2678.01,0.0000161,-0.0001815,0.0011301
1790618805.3,1790618700,105.3,194.7,83876.42,chainlink,83920.04,twap60,,9.644,0.3580,0.360,0.370,81.45,0.630,0.640,1425.05,0.07,5,1425.05,2998.87,1094.31,-0.0003079,-0.0005663,0.0006405
1790618820.4,1790618700,120.4,179.6,83887.76,chainlink,83920.04,twap60,,9.644,0.3885,0.260,0.270,651.22,0.730,0.740,85.00,0.07,5,85.00,1752.00,3195.88,0.0000261,-0.0003262,0.0003784
1790618835.4,1790618700,135.4,164.6,83880.83,chainlink,83920.04,twap60,,9.644,0.3579,0.200,0.210,675.67,0.790,0.800,384.42,0.07,5,384.42,4127.42,3199.60,-0.0001006,-0.0003661,-0.0000888
1790618850.4,1790618700,150.4,149.6,83865.92,chainlink,83920.04,twap60,,9.644,0.2959,0.190,0.200,752.71,0.800,0.810,188.18,0.07,5,188.18,1807.56,4615.31,-0.0001756,-0.0004331,-0.0004319
1790618865.4,1790618700,165.4,134.6,83888.61,chainlink,83920.04,twap60,,9.644,0.3688,0.190,0.200,333.23,0.800,0.810,309.54,0.07,5,309.54,2521.36,1604.54,0.0001689,0.0000362,-0.0002843
1790618880.5,1790618700,180.5,119.5,83867.67,chainlink,83920.04,twap60,,9.644,0.2713,0.170,0.180,540.34,0.820,0.830,5.00,0.07,5,5.00,1244.18,1601.66,-0.0002105,-0.0002576,-0.0006995
1790618895.5,1790618700,195.5,104.5,83874.29,chainlink,83920.04,twap60,,9.644,0.2774,0.090,0.100,24.00,0.900,0.910,574.65,0.07,5,574.65,4194.69,324.72,0.0000201,-0.0000757,-0.0003716
1790618910.5,1790618700,210.5,89.5,83891.05,chainlink,83920.04,twap60,,9.644,0.3346,0.230,0.240,35.00,0.760,0.770,466.07,0.07,5,506.07,3049.01,303.00,0.0001995,0.0001981,-0.0003688
1790618925.5,1790618700,225.5,74.5,83908.59,chainlink,83920.04,twap60,,9.644,0.4199,0.230,0.240,736.00,0.760,0.770,84.16,0.07,5,84.16,1229.94,2458.13,0.0002014,0.0002774,-0.0001146
1790618940.5,1790618700,240.5,59.5,83905.74,chainlink,83920.04,twap60,83905.74,9.644,0.3685,0.040,0.050,730.25,0.950,0.960,103.99,0.07,5,103.99,3790.28,1343.24,-0.0000094,0.0003950,0.0000094
1790618955.6,1790618700,255.6,44.4,83896.21,chainlink,83920.04,twap60,83894.07,9.644,0.1875,0.010,0.020,235.25,0.980,0.990,763.64,0.07,5,763.64,763.64,3538.20,-0.0001144,0.0002610,-0.0003923
1790618970.6,1790618700,270.6,29.4,83887.83,chainlink,83920.04,twap60,83893.65,9.644,0.0241,,0.010,29330.93,0.990,,,0.07,5,,,31337.31,-0.0001073,-0.0000461,-0.0006350
1790618985.6,1790618700,285.6,14.4,83879.89,chainlink,83920.04,twap60,83891.15,9.644,0.0010,,0.010,73207.68,0.990,,,0.07,5,,,76791.37,-0.0000836,-0.0003176,-0.0003817
1790619015.7,1790619000,15.7,284.3,83898.93,chainlink,83891.00,twap60,,9.601,0.5211,0.590,0.600,994.33,0.400,0.410,60.36,0.07,5,60.36,638.08,5610.23,0.0001118,0.0000250,-0.0002758
1790619030.7,1790619000,30.7,269.3,83904.71,chainlink,83891.00,twap60,,9.601,0.5376,0.720,0.730,35.00,0.270,0.280,1654.05,0.07,5,1654.05,3500.39,1836.57,0.0000291,0.0002122,-0.0002792
1790619045.7,1790619000,45.7,254.3,83913.35,chainlink,83891.00,twap60,,9.601,0.5632,0.670,0.680,273.20,0.320,0.330,557.38,0.07,5,557.38,2890.87,1958.51,-0.0001161,0.0003469,-0.0001261
1790619060.7,1790619000,60.7,239.3,83907.56,chainlink,83891.00,twap60,,9.601,0.5486,0.600,0.610,10.00,0.390,0.400,108.00,0.07,5,108.00,3005.57,50.00,-0.0001240,0.0002147,-0.0000902
1790619075.7,1790619000,75.7,224.3,83908.76,chainlink,83891.00,twap60,,9.601,0.5542,0.540,0.560,177.00,0.440,0.460,50.00,0.07,5,50.00,1555.30,911.31,0.0000302,0.0000774,-0.0000332
1790619090.8,1790619000,90.8,209.2,83904.72,chainlink,83891.00,twap60,,9.601,0.5437,0.600,0.610,50.00,0.390,0.400,1577.78,0.07,5,1577.78,2925.38,1067.56,0.0000311,-0.0002189,0.0000295
1790619105.8,1790619000,105.8,194.2,83919.64,chainlink,83891.00,twap60,,9.601,0.5949,0.690,0.710,75.00,0.300,0.310,85.00,0.07,5,85.00,690.00,1046.32,0.0001778,0.0000199,0.0004060
1790619120.8,1790619000,120.8,179.2,83924.53,chainlink,83891.00,twap60,,9.601,0.6164,0.810,0.820,975.16,0.180,0.190,5.00,0.07,5,5.00,612.66,3444.59,0.0000403,0.0002182,0.0004202
1790619135.8,1790619000,135.8,164.2,83941.88,chainlink,83891.00,twap60,,9.601,0.6828,0.830,0.840,194.18,0.160,0.170,542.84,0.07,5,542.84,3696.01,2141.67,0.0001689,0.0004740,0.0007298
1790619150.8,1790619000,150.8,149.2,83935.71,chainlink,83891.00,twap60,,9.601,0.6721,0.860,0.870,308.95,0.130,0.140,438.46,0.07,5,438.46,2126.92,2289.61,-0.0000549,0.0003693,0.0007303
1790619165.9,1790619000,165.9,134.1,83932.23,chainlink,83891.00,twap60,,9.601,0.6710,0.790,0.800,443.75,0.200,0.210,645.25,0.07,5,645.25,4423.00,1746.23,-0.0000501,0.0001320,0.0005591
1790619180.9,1790619000,180.9,119.1,83916.26,chainlink,83891.00,twap60,,9.601,0.6163,0.690,0.700,629.93,0.300,0.310,10.00,0.07,5,10.00,595.99,1215.13,-0.0001132,-0.0001364,0.0005204
1790619195.9,1790619000,195.9,104.1,83909.15,chainlink,83891.00,twap60,,9.601,0.5933,0.730,0.740,185.00,0.260,0.270,523.63,0.07,5,523.63,2558.63,1412.28,-0.0000936,-0.0003713,0.0004153
1790619210.9,1790619000,210.9,89.1,83928.63,chainlink,83891.00,twap60,,9.601,0.7120,0.790,0.800,281.80,0.200,0.210,15.00,0.07,5,15.00,371.24,1034.80,0.0002388,-0.0000930,0.0004401
1790619225.9,1790619000,225.9,74.1,83907.56,chainlink,83891.00,twap60,,9.601,0.6162,0.800,0.810,62.95,0.190,0.200,194.89,0.07,5,194.89,486.10,2847.24,-0.0002515,-0.0002170,0.0000122
1790619241.0,1790619000,241.0,59.0,83929.32,chainlink,83891.00,twap60,83929.32,9.601,0.8198,0.970,0.980,271.86,0.020,0.030,1316.14,0.07,5,1316.14,4828.83,3236.89,0.0002542,0.0001467,0.0002802
1790619256.0,1790619000,256.0,44.0,83928.81,chainlink,83891.00,twap60,83929.27,9.601,0.9201,0.990,,,,0.010,23126.19,0.07,5,23126.19,27395.37,,-0.0000404,0.0002410,0.0003810
1790619270.0,1790619000,270.0,30.0,83936.70,chainlink,83891.00,twap60,83931.42,9.601,0.9977,0.990,,,,0.010,50662.39,0.07,5,50662.39,55073.93,,0.0000912,0.0000957,0.0005935
1790619285.0,1790619000,285.0,15.0,83943.05,chainlink,83891.00,twap60,83935.14,9.601,0.9990,0.990,,,,0.010,76376.78,0.07,5,76376.78,80143.96,,0.0000360,0.0004178,0.0007009
1790619315.1,1790619300,15.1,284.9,83944.65,chainlink,83936.35,twap60,,6.273,0.5337,0.570,0.580,1844.03,0.420,0.430,15.00,0.07,5,15.00,460.00,5096.03,0.0000210,0.0001858,0.0005050
1790619330.1,1790619300,30.1,269.9,83944.73,chainlink,83936.35,twap60,,6.273,0.5351,0.550,0.560,75.00,0.440,0.450,1687.26,0.07,5,1687.26,3632.91,1746.34,0.0000007,0.0000560,0.0002579
1790619345.1,1790619300,45.1,254.9,83960.61,chainlink,83936.35,twap60,,6.273,0.6040,0.520,0.530,509.38,0.470,0.480,125.00,0.07,5,100.00,895.01,1834.13,0.0001859,0.0002124,0.0005080
1790619360.1,1790619300,60.1,239.9,83931.18,chainlink,83936.35,twap60,,6.273,0.4767,0.420,0.430,1566.20,0.570,0.580,125.13,0.07,5,85.13,2917.71,3024.20,-0.0002576,-0.0001394,0.0002974
1790619375.2,1790619300,75.2,224.8,83910.57,chainlink,83936.35,twap60,,6.273,0.3812,0.280,0.290,933.08,0.710,0.720,10.00,0.07,5,10.00,1232.68,3304.95,-0.0002100,-0.0004063,0.0001009
1790619390.2,1790619300,90.2,209.8,83908.85,chainlink,83936.35,twap60,,6.273,0.3682,0.360,0.380,5.00,0.620,0.650,1938.19,0.07,5,408.00,5129.19,465.47,-0.0000237,-0.0004308,0.0000492
1790619405.2,1790619300,105.2,194.8,83910.47,chainlink,83936.35,twap60,,6.273,0.3701,0.440,0.450,18.00,0.550,0.560,448.04,0.07,5,448.04,2831.24,511.52,0.0000042,-0.0005044,-0.0001273
1790619420.2,1790619300,120.2,179.8,83935.44,chainlink,83936.35,twap60,,6.273,0.4951,0.510,0.520,1087.78,0.480,0.490,455.91,0.07,5,455.91,1886.91,1566.29,0.0001807,0.0000864,0.0000921
1790619435.2,1790619300,135.2,164.8,83932.57,chainlink,83936.35,twap60,,6.273,0.4784,0.420,0.430,117.00,0.570,0.580,874.45,0.07,5,867.12,2347.08,1088.68,-0.0000337,0.0002589,-0.0000924
1790619450.3,1790619300,150.3,149.7,83912.54,chainlink,83936.35,twap60,,6.273,0.3585,0.250,0.260,120.00,0.740,0.750,641.89,0.07,5,641.89,4221.89,1168.22,-0.0002504,0.0000289,-0.0002846
1790619465.3,1790619300,165.3,134.7,83907.86,chainlink,83936.35,twap60,,6.273,0.3204,0.200,0.210,970.84,0.790,0.800,86.08,0.07,5,86.08,2054.59,3562.96,-0.0000193,-0.0001480,-0.0002133
1790619480.3,1790619300,180.3,119.7,83878.09,chainlink,83936.35,twap60,,6.273,0.1491,0.040,0.050,581.57,0.950,0.960,120.00,0.07,5,120.00,10436.92,4559.92,-0.0003437,-0.0006830,-0.0004639
1790619495.3,1790619300,195.3,104.7,83869.55,chainlink,83936.35,twap60,,6.273,0.0927,0.020,0.030,847.38,0.970,0.980,1057.20,0.07,5,1057.20,9125.10,4267.32,-0.0000192,-0.0007629,-0.0004653
1790619510.4,1790619300,210.4,89.6,83877.41,chainlink,83936.35,twap60,,6.273,0.0912,0.020,0.030,131.00,0.970,0.980,589.13,0.07,5,762.71,8532.42,2654.70,0.0000969,-0.0003823,-0.0006109
1790619525.4,1790619300,225.4,74.6,83888.67,chainlink,83936.35,twap60,,6.273,0.0982,0.020,0.030,451.14,0.970,0.980,493.95,0.07,5,493.95,7709.27,2883.73,0.0001386,-0.0002176,-0.0002302
1790619540.4,1790619300,240.4,59.6,83894.93,chainlink,83936.35,twap60,83894.93,6.273,0.0680,,0.010,3903.44,0.990,,,0.07,5,,,7668.19,0.0000773,0.0002834,-0.0004441
1790619555.4,1790619300,255.4,44.6,83887.14,chainlink,83936.35,twap60,83887.83,6.273,0.0032,,0.010,42110.76,0.990,,,0.07,5,,,47304.85,-0.0000679,0.0002129,-0.0004995
1790619570.4,1790619300,270.4,29.6,83878.29,chainlink,83936.35,twap60,83886.33,6.273,0.0010,,0.010,78485.03,0.990,,,0.07,5,,,82421.08,-0.0001056,0.0000149,-0.0007358
1790619585.5,1790619300,285.5,14.5,83870.86,chainlink,83936.35,twap60,83881.28,6.273,0.0010,,0.010,80347.45,0.990,,,0.07,5,,,84238.60,-0.0000499,-0.0002096,-0.0008571
1790619615.5,1790619600,15.5,284.5,83882.82,chainlink,83881.99,twap60,,5.402,0.5039,0.490,0.500,925.40,0.500,0.510,6.41,0.07,5,6.41,2690.34,3705.52,-0.0000341,-0.0000516,-0.0007371
1790619630.5,1790619600,30.5,269.5,83872.97,chainlink,83881.99,twap60,,5.402,0.4561,0.450,0.460,1600.25,0.540,0.550,31.00,0.07,5,31.00,829.00,2956.83,-0.0001208,-0.0000248,-0.0008584
1790619645.6,1790619600,45.6,254.4,83884.77,chainlink,83881.99,twap60,,5.402,0.5140,0.550,0.560,68.00,0.440,0.450,724.12,0.07,5,729.12,2657.39,2285.40,0.0001193,0.0001640,-0.0008107
1790619660.6,1790619600,60.6,239.4,83898.05,chainlink,83881.99,twap60,,5.402,0.5834,0.610,0.620,142.62,0.390,0.400,134.00,0.07,5,383.00,2401.18,2622.46,0.0001483,0.0001475,-0.0003592
1790619675.6,1790619600,75.6,224.4,83898.71,chainlink,83881.99,twap60,,5.402,0.5902,0.630,0.640,16.43,0.360,0.370,1578.12,0.07,5,1558.12,2903.86,753.65,0.0000274,0.0001861,-0.0001445
1790619690.6,1790619600,90.6,209.4,83897.01,chainlink,83881.99,twap60,,5.402,0.5846,0.520,0.530,527.02,0.470,0.480,145.00,0.07,5,145.00,2537.08,2448.72,-0.0000179,0.0002652,-0.0001562
1790619705.6,1790619600,105.6,194.4,83890.62,chainlink,83881.99,twap60,,5.402,0.5512,0.610,0.620,75.00,0.380,0.390,147.00,0.07,5,147.00,2562.16,207.00,0.0000034,0.0000597,-0.0003535
1790619720.7,1790619600,120.7,179.3,83897.03,chainlink,83881.99,twap60,,5.402,0.5933,0.590,0.600,63.33,0.400,0.410,1537.93,0.07,5,1537.93,4669.89,673.33,0.0000786,0.0000074,-0.0004572
1790619735.7,1790619600,135.7,164.3,83901.87,chainlink,83881.99,twap60,,5.402,0.6294,0.680,0.690,135.00,0.310,0.320,980.47,0.07,5,980.47,3480.96,2322.84,0.0000581,0.0000400,-0.0003776
1790619750.7,1790619600,150.7,149.3,83920.25,chainlink,83881.99,twap60,,5.402,0.7510,0.890,0.900,360.42,0.100,0.110,966.64,0.07,5,966.64,2534.97,2480.93,0.0002195,0.0003565,0.0001283
1790619765.7,1790619600,165.7,134.3,83945.68,chainlink,83881.99,twap60,,5.402,0.8877,0.950,0.960,847.32,0.040,0.050,396.22,0.07,5,396.22,2063.39,12206.03,0.0002225,0.0006582,0.0004617
1790619780.8,1790619600,180.8,119.2,83957.59,chainlink,83881.99,twap60,,5.402,0.9420,0.960,0.970,329.30,0.030,0.040,1037.24,0.07,5,1037.24,5660.50,3667.70,0.0001157,0.0007220,0.0010299
1790619795.8,1790619600,195.8,104.2,83964.37,chainlink,83881.99,twap60,,5.402,0.9715,0.990,,,,0.010,5246.49,0.07,5,5246.49,12059.11,,0.0000845,0.0007451,0.0011332
1790619810.8,1790619600,210.8,89.2,83962.35,chainlink,83881.99,twap60,,5.402,0.9830,0.990,,,,0.010,7749.44,0.07,5,7749.44,11636.19,,-0.0000124,0.0004210,0.0010164
1790619825.8,1790619600,225.8,74.2,83938.49,chainlink,83881.99,twap60,,5.402,0.9632,0.990,,,,0.010,6204.04,0.07,5,6204.04,10068.86,,-0.0002637,-0.0001118,0.0005963
1790619840.8,1790619600,240.8,59.2,83921.92,chainlink,83881.99,twap60,83921.92,5.402,0.9543,0.990,,,,0.010,850.43,0.07,5,850.43,4037.63,,-0.0001981,-0.0004212,0.0003467
1790619855.9,1790619600,255.9,44.1,83910.41,chainlink,83881.99,twap60,83916.26,5.402,0.9754,0.990,,,,0.010,2245.75,0.07,5,2245.75,7674.28,,-0.0001019,-0.0006311,0.0002772
1790619870.9,1790619600,270.9,29.1,83929.52,chainlink,83881.99,twap60,83917.36,5.402,0.9990,0.990,,,,0.010,37751.44,0.07,5,37751.44,42893.27,,0.0002359,-0.0003705,0.0006492
1790619885.9,1790619600,285.9,14.1,83934.92,chainlink,83881.99,twap60,83922.37,5.402,0.9990,0.990,,,,0.010,44299.45,0.07,5,44299.45,49228.95,,0.0000435,-0.0000431,0.0007617
1790619915.9,1790619900,15.9,284.1,83962.94,chainlink,83925.00,twap60,,5.537,0.6696,0.710,0.720,190.27,0.280,0.290,704.08,0.07,5,704.08,3070.24,2630.35,0.0003415,0.0006341,0.0009514
1790619931.0,1790619900,31.0,269.0,83950.20,chainlink,83925.00,twap60,,5.537,0.6182,0.580,0.590,696.93,0.410,0.420,165.00,0.07,5,165.00,2827.00,2777.88,-0.0001423,0.0002254,0.0008989
1790619946.0,1790619900,46.0,254.0,83928.22,chainlink,83925.00,twap60,,5.537,0.5159,0.370,0.380,19.47,0.620,0.630,1444.46,0.07,5,1444.46,4469.04,388.47,-0.0002603,-0.0000932,0.0005078
1790619960.0,1790619900,60.0,240.0,83924.80,chainlink,83925.00,twap60,,5.537,0.4990,0.460,0.470,45.00,0.530,0.540,1608.95,0.07,5,1608.95,4347.83,768.00,0.0000020,-0.0001129,0.0003383
1790619975.0,1790619900,75.0,225.0,83923.92,chainlink,83925.00,twap60,,5.537,0.4943,0.400,0.410,689.09,0.590,0.600,310.00,0.07,5,310.00,2693.02,2544.25,-0.0000026,-0.0004553,0.0003028
1790619990.1,1790619900,90.1,209.9,83916.58,chainlink,83925.00,twap60,,5.537,0.4536,0.600,0.610,45.82,0.390,0.400,387.83,0.07,5,387.83,956.83,250.82,-0.0000154,-0.0003990,0.0003128
1790620005.1,1790619900,105.1,194.9,83935.73,chainlink,83925.00,twap60,,5.537,0.5619,0.590,0.600,65.00,0.400,0.410,1977.80,0.07,5,1977.80,4323.58,581.66,0.0000924,0.0001323,0.0005398
1790620020.1,1790619900,120.1,179.9,83934.91,chainlink,83925.00,twap60,,5.537,0.5601,0.740,0.750,329.47,0.250,0.260,487.99,0.07,5,347.99,1208.99,687.47,-0.0000094,0.0001283,0.0004518
1790620035.1,1790619900,135.1,164.9,83965.08,chainlink,83925.00,twap60,,5.537,0.7414,0.830,0.840,373.95,0.160,0.170,483.68,0.07,5,494.37,3509.24,3511.69,0.0003351,0.0005625,0.0007536
1790620050.2,1790619900,150.2,149.8,83967.34,chainlink,83925.00,twap60,,5.537,0.7672,0.860,0.870,400.27,0.130,0.140,1355.80,0.07,5,1355.80,4714.80,2742.38,0.0000296,0.0004688,0.0004805
1790620065.2,1790619900,165.2,134.8,83951.85,chainlink,83925.00,twap60,,5.537,0.6908,0.800,0.810,77.00,0.190,0.200,795.27,0.07,5,795.27,3276.60,3339.09,-0.0001823,0.0001924,0.0000474
1790620080.2,1790619900,180.2,119.8,83963.25,chainlink,83925.00,twap60,,5.537,0.7803,0.900,0.910,19.00,0.100,0.110,1238.77,0.07,5,959.39,2955.90,3399.11,0.0001085,0.0003132,0.0000712
1790620095.2,1790619900,195.2,104.8,83925.35,chainlink,83925.00,twap60,,5.537,0.5032,0.460,0.470,2867.60,0.530,0.540,5.00,0.07,5,5.00,100.00,3594.61,-0.0004507,-0.0004706,-0.0004531
1790620110.2,1790619900,210.2,89.8,83909.71,chainlink,83925.00,twap60,,5.537,0.3478,0.350,0.360,5.00,0.640,0.650,886.02,0.07,5,886.02,2280.02,100.00,-0.0001631,-0.0006844,-0.0006066
1790620125.3,1790619900,225.3,74.7,83905.62,chainlink,83925.00,twap60,,5.537,0.2764,0.150,0.160,698.33,0.840,0.850,33.82,0.07,5,33.82,1380.23,2970.51,-0.0000298,-0.0005781,-0.0003923
1790620140.3,1790619900,240.3,59.7,83916.04,chainlink,83925.00,twap60,83916.04,5.537,0.3578,0.290,0.300,612.13,0.700,0.710,105.38,0.07,5,105.38,1140.38,1510.02,0.0001236,-0.0005616,-0.0000348
1790620155.3,1790619900,255.3,44.7,83906.95,chainlink,83925.00,twap60,83910.09,5.537,0.1394,0.010,0.020,84.00,0.980,0.990,1707.57,0.07,5,1707.57,1707.57,564.00,-0.0001084,-0.0001961,-0.0000330
1790620170.3,1790619900,270.3,29.7,83913.29,chainlink,83925.00,twap60,83909.89,5.537,0.0596,,0.010,2430.28,0.990,,,0.07,5,,,3060.27,0.0000757,0.0000616,-0.0002143
1790620185.3,1790619900,285.3,14.7,83907.51,chainlink,83925.00,twap60,83910.45,5.537,0.0010,,0.010,51111.40,0.990,,,0.07,5,,,54046.48,-0.0000745,0.0000220,-0.0003399
1790620215.4,1790620200,15.4,284.6,83912.21,chainlink,83910.86,twap60,,5.094,0.5067,0.480,0.490,875.84,0.510,0.520,96.86,0.07,5,96.86,1374.24,2502.84,0.0000994,0.0000628,-0.0005949
1790620230.4,1790620200,30.4,269.6,83907.60,chainlink,83910.86,twap60,,5.094,0.4832,0.410,0.420,413.58,0.580,0.590,233.11,0.07,5,233.11,2627.15,2840.58,-0.0000238,-0.0000734,-0.0005059
1790620245.4,1790620200,45.4,254.6,83864.50,chainlink,83910.86,twap60,,5.094,0.2672,0.210,0.220,233.00,0.780,0.790,1157.39,0.07,5,1157.39,5490.02,1144.00,-0.0005082,-0.0005536,-0.0007167
1790620260.4,1790620200,60.4,239.6,83894.06,chainlink,83910.86,twap60,,5.094,0.4077,0.450,0.460,2250.18,0.540,0.550,5.00,0.07,5,5.00,206.99,5004.44,0.0003711,-0.0001169,-0.0003585
1790620275.5,1790620200,75.5,224.5,83892.32,chainlink,83910.86,twap60,,5.094,0.3944,0.270,0.280,759.28,0.720,0.730,182.70,0.07,5,162.70,3167.86,2254.28,-0.0000208,-0.0002059,-0.0003045
1790620290.5,1790620200,90.5,209.5,83864.48,chainlink,83910.86,twap60,,5.094,0.2422,0.220,0.230,23.04,0.770,0.780,1454.95,0.07,5,1454.95,4508.48,1960.44,-0.0002090,-0.0005085,-0.0007569
1790620305.5,1790620200,105.5,194.5,83848.22,chainlink,83910.86,twap60,,5.094,0.1613,0.180,0.190,35.00,0.810,0.820,1229.73,0.07,5,1229.73,4540.41,1272.15,-0.0002086,-0.0001755,-0.0010427
1790620320.5,1790620200,120.5,179.5,83865.40,chainlink,83910.86,twap60,,5.094,0.2249,0.210,0.220,1855.14,0.780,0.790,10.00,0.07,5,10.00,767.25,3446.04,0.0000690,-0.0003417,-0.0008529
1790620335.6,1790620200,135.6,164.4,83838.71,chainlink,83910.86,twap60,,5.094,0.1021,0.060,0.070,1220.04,0.930,0.940,25.00,0.07,5,25.00,4646.70,3401.36,-0.0003388,-0.0005163,-0.0015034
1790620350.6,1790620200,150.6,149.4,83812.41,chainlink,83910.86,twap60,,5.094,0.0323,0.040,0.050,145.42,0.950,0.960,621.61,0.07,5,621.61,7650.90,2148.93,-0.0003125,-0.0006358,-0.0018447
1790620365.6,1790620200,165.6,134.4,83800.39,chainlink,83910.86,twap60,,5.094,0.0128,0.010,0.020,1640.63,0.980,0.990,2247.70,0.07,5,2247.70,2247.70,4583.26,-0.0001670,-0.0007064,-0.0018330
1790620380.6,1790620200,180.6,119.4,83784.15,chainlink,83910.86,twap60,,5.094,0.0026,,0.010,11912.52,0.990,,,0.07,5,,,17248.33,-0.0001928,-0.0009899,-0.0021346
1790620395.6,1790620200,195.6,104.4,83793.87,chainlink,83910.86,twap60,,5.094,0.0021,,0.010,13203.43,0.990,,,0.07,5,,,18537.62,0.0001784,-0.0005338,-0.0015447
1790620410.7,1790620200,210.7,89.3,83804.99,chainlink,83910.86,twap60,,5.094,0.0015,,0.010,14757.91,0.990,,,0.07,5,,,20102.09,0.0001265,-0.0001122,-0.0012299
1790620425.7,1790620200,225.7,74.3,83794.18,chainlink,83910.86,twap60,,5.094,0.0010,,0.010,20600.92,0.990,,,0.07,5,,,25986.72,-0.0001054,-0.0000731,-0.0013296
1790620440.7,1790620200,240.7,59.3,83779.84,chainlink,83910.86,twap60,83779.84,5.094,0.0010,,0.010,36641.63,0.990,,,0.07,5,,,41396.52,-0.0001055,0.0000110,-0.0016244
1790620455.7,1790620200,255.7,44.3,83794.34,chainlink,83910.86,twap60,83788.44,5.094,0.0010,,0.010,53100.65,0.990,,,0.07,5,,,58040.04,0.0001739,-0.0000005,-0.0013428
1790620470.8,1790620200,270.8,29.2,83798.51,chainlink,83910.86,twap60,83790.25,5.094,0.0010,,0.010,84288.32,0.990,,,0.07,5,,,88341.62,0.0000941,-0.0000537,-0.0013744
1790620485.8,1790620200,285.8,14.2,83830.68,chainlink,83910.86,twap60,83797.55,5.094,0.0010,,0.010,82794.04,0.990,,,0.07,5,,,86827.34,0.0003845,0.0005012,-0.0009570
1790620515.8,1790620500,15.8,284.2,83820.10,chainlink,83808.14,twap60,,5.248,0.5580,0.600,0.610,1589.29,0.390,0.400,90.00,0.07,5,90.00,1444.27,4294.00,-0.0003332,0.0003517,-0.0010671
1790620530.8,1790620500,30.8,269.2,83832.07,chainlink,83808.14,twap60,,5.248,0.6184,0.710,0.720,699.02,0.280,0.290,329.00,0.07,5,308.00,912.00,2678.02,0.0000802,0.0004011,-0.0008951
1790620545.8,1790620500,45.8,254.2,83840.42,chainlink,83808.14,twap60,,5.248,0.6628,0.720,0.730,75.09,0.270,0.280,285.00,0.07,5,305.00,2748.09,2698.72,0.0000919,0.0000378,-0.0002686
1790620560.9,1790620500,60.9,239.1,83848.83,chainlink,83808.14,twap60,,5.248,0.7086,0.730,0.740,218.00,0.260,0.270,10.00,0.07,5,10.00,88.00,5751.04,0.0000943,0.0000095,-0.0005393
1790620575.9,1790620500,75.9,224.1,83848.33,chainlink,83808.14,twap60,,5.248,0.7137,0.660,0.670,1621.02,0.330,0.340,23.00,0.07,5,23.00,228.00,4260.18,-0.0000060,0.0002741,-0.0004016
1790620590.9,1790620500,90.9,209.1,83831.49,chainlink,83808.14,twap60,,5.248,0.6339,0.690,0.700,30.00,0.300,0.310,1790.66,0.07,5,1830.66,3536.87,535.00,-0.0001727,-0.0000146,-0.0004081
1790620605.9,1790620500,105.9,194.1,83843.20,chainlink,83808.14,twap60,,5.248,0.7048,0.750,0.760,620.00,0.240,0.250,5.00,0.07,5,5.00,1340.67,4852.52,0.0001045,0.0000272,-0.0001957
1790620621.0,1790620500,121.0,179.0,83853.15,chainlink,83808.14,twap60,,5.248,0.7665,0.840,0.850,209.42,0.150,0.160,1395.45,0.07,5,1395.45,3392.45,3513.98,0.0001189,0.0000516,-0.0001666
1790620636.0,1790620500,136.0,164.0,83871.67,chainlink,83808.14,twap60,,5.248,0.8615,0.920,0.930,1781.37,0.070,0.080,36.91,0.07,5,36.91,1283.39,6909.75,0.0002030,0.0003065,0.0003943
1790620651.0,1790620500,151.0,149.0,83853.68,chainlink,83808.14,twap60,,5.248,0.7971,0.850,0.860,568.22,0.140,0.150,134.76,0.07,5,134.76,3388.60,3818.59,-0.0002273,0.0002295,0.0004688
1790620665.0,1790620500,165.0,135.0,83858.87,chainlink,83808.14,twap60,,5.248,0.8393,0.930,0.940,701.22,0.060,0.070,217.08,0.07,5,217.08,2470.26,5848.58,0.0000459,0.0001871,0.0006986
1790620680.0,1790620500,180.0,120.0,83845.12,chainlink,83808.14,twap60,,5.248,0.7846,0.870,0.880,221.59,0.120,0.130,716.83,0.07,5,716.83,1914.42,2911.87,-0.0001938,-0.0001137,0.0007898
1790620695.1,1790620500,195.1,104.9,83855.81,chainlink,83808.14,twap60,,5.248,0.8702,0.940,0.950,284.40,0.050,0.060,1120.30,0.07,5,1120.30,2628.06,6054.74,0.0001265,-0.0002019,0.0007329
1790620710.1,1790620500,210.1,89.9,83856.65,chainlink,83808.14,twap60,,5.248,0.9046,0.860,0.870,155.27,0.130,0.140,1131.00,0.07,5,1131.00,2981.02,626.31,0.0000055,0.0000195,0.0006399
1790620725.1,1790620500,225.1,74.9,83838.80,chainlink,83808.14,twap60,,5.248,0.8386,0.820,0.830,24.93,0.170,0.180,749.43,0.07,5,799.43,2377.42,293.29,0.0000031,-0.0002692,0.0005980
1790620740.1,1790620500,240.1,59.9,83828.20,chainlink,83808.14,twap60,83827.80,5.248,0.8043,0.630,0.640,88.00,0.360,0.370,5.00,0.07,5,5.00,233.00,438.00,-0.0000775,-0.0002029,0.0005779
1790620755.1,1790620500,255.1,44.9,83797.60,chainlink,83808.14,twap60,83810.32,5.248,0.3143,0.370,0.380,25.00,0.620,0.630,72.00,0.07,5,57.00,717.00,119.00,-0.0003571,-0.0006990,0.0000832
1790620770.2,1790620500,270.2,29.8,83796.15,chainlink,83808.14,twap60,83805.60,5.248,0.1893,0.030,0.040,396.24,0.970,0.980,402.18,0.07,5,164.52,2805.08,2610.45,-0.0000801,-0.0005057,-0.0000275
1790620785.2,1790620500,285.2,14.8,83772.35,chainlink,83808.14,twap60,83797.22,5.248,0.0010,,0.010,56432.52,0.990,,,0.07,5,,,58192.42,-0.0002720,-0.0007440,-0.0007744
1790620815.2,1790620800,15.2,284.8,83787.12,chainlink,83793.56,twap60,,4.913,0.4666,0.510,0.520,1877.47,0.480,0.490,50.59,0.07,5,50.59,686.50,4851.73,0.0001032,-0.0001878,-0.0004561
1790620830.3,1790620800,30.3,269.7,83794.74,chainlink,83793.56,twap60,,4.913,0.5063,0.540,0.560,137.00,0.440,0.460,642.52,0.07,5,642.52,2910.51,879.42,0.0000870,-0.0000048,-0.0004531
1790620845.3,1790620800,45.3,254.7,83779.76,chainlink,83793.56,twap60,,4.913,0.4240,0.450,0.460,74.87,0.540,0.550,286.49,0.07,5,286.49,1916.17,1112.87,-0.0001818,0.0001334,-0.0007298
1790620860.3,1790620800,60.3,239.7,83804.13,chainlink,83793.56,twap60,,4.913,0.5605,0.590,0.600,1498.77,0.400,0.410,79.00,0.07,5,79.00,1091.86,4065.56,0.0002014,0.0003061,-0.0005333
1790620875.3,1790620800,75.3,224.7,83830.71,chainlink,83793.56,twap60,,4.913,0.7110,0.630,0.640,1510.92,0.360,0.370,64.00,0.07,5,64.00,307.98,3108.71,0.0003203,0.0005163,-0.0001820
1790620890.4,1790620800,90.4,209.6,83787.99,chainlink,83793.56,twap60,,4.913,0.4653,0.420,0.430,1368.56,0.570,0.580,40.00,0.07,5,40.00,564.00,2700.06,-0.0003927,-0.0000836,-0.0005543
1790620905.4,1790620800,105.4,194.6,83790.83,chainlink,83793.56,twap60,,4.913,0.4822,0.590,0.600,161.00,0.400,0.410,405.00,0.07,5,405.00,1298.36,2385.00,0.0000678,0.0000427,-0.0006246
1790620920.4,1790620800,120.4,179.6,83814.30,chainlink,83793.56,twap60,,4.913,0.6396,0.700,0.710,553.62,0.290,0.300,43.98,0.07,5,43.98,1165.50,2911.62,0.0002128,0.0001245,-0.0004813
1790620935.4,1790620800,135.4,164.6,83830.37,chainlink,83793.56,twap60,,4.913,0.7489,0.820,0.830,64.93,0.170,0.180,724.60,0.07,5,724.60,2622.47,812.01,0.0001882,0.0001129,-0.0005054
1790620950.4,1790620800,150.4,149.6,83822.75,chainlink,83793.56,twap60,,4.913,0.7149,0.740,0.750,358.30,0.250,0.260,1116.56,0.07,5,1116.56,2050.38,1177.30,-0.0001226,0.0004487,-0.0003848
1790620965.5,1790620800,165.5,134.5,83811.93,chainlink,83793.56,twap60,,4.913,0.6497,0.650,0.660,173.41,0.340,0.350,70.00,0.07,5,70.00,392.00,1092.95,-0.0001184,0.0001845,-0.0005897
1790620980.5,1790620800,180.5,119.5,83798.83,chainlink,83793.56,twap60,,4.913,0.5478,0.640,0.650,75.00,0.350,0.360,562.27,0.07,5,562.27,1778.97,508.00,-0.0001576,-0.0001881,-0.0005533
1790620995.5,1790620800,195.5,104.5,83802.45,chainlink,83793.56,twap60,,4.913,0.5891,0.640,0.650,172.84,0.350,0.360,238.19,0.07,5,238.19,1739.76,809.90,0.0000121,-0.0003648,-0.0006411
1790621010.5,1790620800,210.5,89.5,83785.99,chainlink,83793.56,twap60,,4.913,0.4132,0.360,0.370,168.94,0.630,0.640,495.37,0.07,5,495.37,1449.48,1402.02,-0.0001915,-0.0004279,-0.0006270
1790621025.6,1790620800,225.6,74.4,83784.91,chainlink,83793.56,twap60,,4.913,0.3820,0.350,0.360,10.00,0.640,0.650,30.00,0.07,5,30.00,454.25,233.00,0.0000251,-0.0003237,-0.0005941
1790621040.6,1790620800,240.6,59.4,83800.87,chainlink,83793.56,twap60,83800.87,4.913,0.6321,0.770,0.780,1501.89,0.220,0.230,53.00,0.07,5,53.00,108.00,2254.42,0.0002054,-0.0000067,-0.0003180
1790621055.6,1790620800,255.6,44.4,83807.82,chainlink,83793.56,twap60,83806.73,4.913,0.8411,0.970,0.980,563.00,0.020,0.030,238.10,0.07,5,238.10,1122.56,2408.52,0.0000748,0.0000691,0.0000592
1790621070.6,1790620800,270.6,29.4,83825.33,chainlink,83793.56,twap60,83811.45,4.913,0.9990,0.990,,,,0.010,36188.64,0.07,5,36188.64,39283.08,,0.0002058,0.0005074,0.0003603
1790621085.6,1790620800,285.6,14.4,83836.78,chainlink,83793.56,twap60,83818.47,4.913,0.9990,0.990,,,,0.010,79028.05,0.07,5,79028.05,82797.22,,0.0001128,0.0006338,0.0008138
1790621115.7,1790621100,15.7,284.3,83793.56,chainlink,83821.11,twap60,,4.716,0.3543,0.390,0.400,487.50,0.600,0.610,226.09,0.07,5,226.09,1533.09,3519.07,-0.0004967,-0.0001733,0.0000730
1790621130.7,1790621100,30.7,269.3,83799.19,chainlink,83821.11,twap60,,4.716,0.3795,0.390,0.400,301.00,0.600,0.610,707.17,0.07,5,707.17,3200.89,1793.29,0.0000231,-0.0003357,0.0000501
1790621145.7,1790621100,45.7,254.3,83793.97,chainlink,83821.11,twap60,,4.716,0.3472,0.290,0.300,160.00,0.700,0.710,445.64,0.07,5,445.64,2419.34,2638.41,-0.0000726,-0.0004754,0.0000802
1790621160.7,1790621100,60.7,239.3,83789.81,chainlink,83821.11,twap60,,4.716,0.3191,0.410,0.430,136.52,0.570,0.590,41.69,0.07,5,41.69,434.69,2678.94,-0.0000167,-0.0005415,-0.0001678
1790621175.7,1790621100,75.7,224.3,83796.37,chainlink,83821.11,twap60,,4.716,0.3496,0.320,0.330,83.72,0.670,0.680,887.51,0.07,5,887.51,4078.66,1287.72,0.0000380,-0.0000106,-0.0002927
1790621190.7,1790621100,90.7,209.3,83800.63,chainlink,83821.11,twap60,,4.716,0.3693,0.300,0.310,1555.62,0.690,0.700,164.99,0.07,5,164.99,1620.08,3033.24,0.0000522,0.0000069,0.0001848
1790621205.8,1790621100,105.8,194.2,83798.98,chainlink,83821.11,twap60,,4.716,0.3528,0.410,0.420,54.00,0.580,0.590,1750.88,0.07,5,1750.88,3218.47,1870.27,-0.0000197,0.0000928,0.0000300
1790621220.8,1790621100,120.8,179.2,83797.46,chainlink,83821.11,twap60,,4.716,0.3354,0.330,0.340,75.99,0.660,0.670,1164.56,0.07,5,1164.56,4918.75,2278.99,-0.0000798,0.0000511,-0.0002044
1790621235.8,1790621100,135.8,164.2,83802.56,chainlink,83821.11,twap60,,4.716,0.3620,0.340,0.350,663.38,0.650,0.660,117.87,0.07,5,117.87,1199.09,3618.82,0.0000607,0.0000752,-0.0003636
1790621250.8,1790621100,150.8,149.2,83801.11,chainlink,83821.11,twap60,,4.716,0.3424,0.180,0.190,341.00,0.810,0.820,1158.03,0.07,5,1158.03,3021.55,1897.38,-0.0000164,0.0000057,-0.0002474
1790621265.9,1790621100,165.9,134.1,83785.99,chainlink,83821.11,twap60,,4.716,0.2214,0.120,0.130,825.73,0.870,0.880,328.22,0.07,5,328.22,1127.21,4163.45,-0.0000392,-0.0002168,-0.0003108
1790621280.9,1790621100,180.9,119.1,83843.18,chainlink,83821.11,twap60,,4.716,0.7006,0.800,0.810,691.17,0.190,0.200,15.00,0.07,5,15.00,401.00,2477.69,0.0007506,0.0005453,0.0004980
1790621295.9,1790621100,195.9,104.1,83843.06,chainlink,83821.11,twap60,,4.716,0.7195,0.690,0.700,248.00,0.300,0.310,262.67,0.07,5,262.67,1940.22,1017.06,-0.0001147,0.0004840,0.0004895
1790621310.9,1790621100,210.9,89.1,83844.21,chainlink,83821.11,twap60,,4.716,0.7579,0.860,0.870,921.24,0.130,0.140,105.00,0.07,5,105.00,519.00,2561.77,0.0000177,0.0006554,0.0007326
1790621326.0,1790621100,226.0,74.0,83865.84,chainlink,83821.11,twap60,,4.716,0.9480,0.970,0.980,1823.52,0.020,0.030,407.99,0.07,5,407.99,1459.23,14650.75,0.0002603,0.0010208,0.0009804
1790621341.0,1790621100,241.0,59.0,83878.78,chainlink,83821.11,twap60,83878.78,4.716,0.9975,0.980,0.990,173.09,0.010,0.020,279.70,0.07,5,279.70,1290.17,173.09,0.0001455,0.0003113,0.0009212
1790621356.0,1790621100,256.0,44.0,83856.95,chainlink,83821.11,twap60,83863.99,4.716,0.9978,0.990,,,,0.010,10931.25,0.07,5,11956.25,15850.73,,-0.0002269,0.0001696,0.0005829
1790621370.0,1790621100,270.0,30.0,83849.67,chainlink,83821.11,twap60,83857.44,4.716,0.9990,0.990,,,,0.010,34953.55,0.07,5,34963.55,39013.68,,-0.0000913,0.0000675,0.0002665
1790621385.0,1790621100,285.0,15.0,83844.29,chainlink,83821.11,twap60,83854.68,4.716,0.9990,0.990,,,,0.010,60423.57,0.07,5,60423.57,63820.93,,-0.0000653,-0.0002658,0.0001249
1790621415.1,1790621400,15.1,284.9,83843.73,chainlink,83854.20,twap60,,4.788,0.4444,0.460,0.470,25.00,0.530,0.540,1713.00,0.07,5,1713.00,6212.21,180.00,0.0000044,-0.0001621,0.0005544
1790621430.1,1790621400,30.1,269.9,83881.13,chainlink,83854.20,twap60,,4.788,0.6447,0.640,0.650,1832.80,0.350,0.360,10.47,0.07,5,10.47,304.71,3823.19,0.0004462,0.0003740,0.0009670
1790621445.1,1790621400,45.1,254.9,83869.65,chainlink,83854.20,twap60,,4.788,0.5871,0.510,0.520,70.38,0.480,0.490,3083.78,0.07,5,3083.78,5177.56,1017.24,-0.0001377,0.0002610,0.0009357
1790621460.2,1790621400,60.2,239.8,83863.15,chainlink,83854.20,twap60,,4.788,0.5526,0.540,0.550,6.44,0.450,0.460,1777.61,0.07,5,1777.61,4756.67,853.56,-0.0000347,0.0002360,0.0008346
1790621475.2,1790621400,75.2,224.8,83862.87,chainlink,83854.20,twap60,,4.788,0.5529,0.540,0.550,1714.02,0.450,0.460,54.00,0.07,5,54.00,814.00,3467.02,-0.0000057,0.0002284,0.0007946
1790621490.2,1790621400,90.2,209.8,83869.22,chainlink,83854.20,twap60,,4.788,0.5951,0.630,0.640,691.00,0.360,0.370,192.00,0.07,5,192.00,2673.50,3479.52,0.0000955,-0.0001428,0.0008181
1790621505.2,1790621400,105.2,194.8,83875.42,chainlink,83854.20,twap60,,4.788,0.6391,0.680,0.690,866.36,0.310,0.320,95.00,0.07,5,95.00,1742.78,3065.32,0.0000481,0.0001116,0.0008500
1790621520.2,1790621400,120.2,179.8,83878.59,chainlink,83854.20,twap60,,4.788,0.6667,0.720,0.730,1657.32,0.270,0.280,19.71,0.07,5,19.71,913.38,3646.32,0.0000161,0.0001817,0.0009675
1790621535.3,1790621400,135.3,164.7,83909.27,coinbase,83854.20,twap60,,4.788,0.8484,0.810,0.820,72.00,0.180,0.190,1116.29,0.07,5,1116.29,2943.00,1734.00,0.0002461,0.0005643,0.0011730
1790621550.3,1790621400,150.3,149.7,83941.63,coinbase,83854.20,twap60,,4.788,0.9593,0.930,0.940,235.38,0.060,0.070,723.15,0.07,5,723.15,3996.31,3965.82,0.0003856,0.0007611,0.0018530
1790621565.3,1790621400,165.3,134.7,83926.23,chainlink,83854.20,twap60,,4.788,0.9389,0.950,0.960,341.78,0.040,0.050,1252.49,0.07,5,1252.49,5190.28,15487.10,,0.0005840,0.0017407
1790621580.3,1790621400,180.3,119.7,83940.41,chainlink,83854.20,twap60,,4.788,0.9781,0.970,0.980,2402.68,0.020,0.030,150.26,0.07,5,150.26,2006.06,5734.58,0.0001649,0.0007368,0.0010457
1790621595.3,1790621400,195.3,104.7,83955.87,chainlink,83854.20,twap60,,4.788,0.9959,0.990,,,,0.010,13361.78,0.07,5,13361.78,17958.61,,0.0001714,,0.0013485
1790621610.4,1790621400,210.4,89.6,83964.19,chainlink,83854.20,twap60,,4.788,0.9990,0.990,,,,0.010,11436.54,0.07,5,11436.54,16973.26,,-0.0000850,,0.0014323
1790621625.4,1790621400,225.4,74.6,83954.28,chainlink,83854.20,twap60,,4.788,0.9990,0.990,,,,0.010,18266.32,0.07,5,18266.32,23830.03,,-0.0000723,0.0003301,0.0010451
1790621640.4,1790621400,240.4,59.6,83975.02,chainlink,83854.20,twap60,83975.02,4.788,0.9990,0.990,,,,0.010,34422.79,0.07,5,34422.79,39392.24,,0.0001403,0.0003994,0.0011801
1790621655.4,1790621400,255.4,44.6,83976.37,chainlink,83854.20,twap60,83977.49,4.788,0.9990,0.990,,,,0.010,45828.61,0.07,5,45828.61,51038.13,,0.0000319,0.0000601,0.0014187
1790621670.4,1790621400,270.4,29.6,83954.12,chainlink,83854.20,twap60,83971.84,4.788,0.9990,0.990,,,,0.010,61237.28,0.07,5,61237.28,65657.85,,-0.0002568,-0.0000742,0.0012437
1790621685.5,1790621400,285.5,14.5,83984.56,chainlink,83854.20,twap60,83974.14,4.788,0.9990,0.990,,,,0.010,81335.49,0.07,5,81335.49,85741.06,,0.0003627,0.0002539,0.0016302
1790621715.5,1790621700,15.5,284.5,83991.35,chainlink,83977.37,twap60,,4.603,0.5770,0.590,0.600,43.66,0.400,0.410,1547.99,0.07,5,1542.99,3643.13,1733.83,-0.0000297,0.0001866,0.0017593
1790621730.5,1790621700,30.5,269.5,83979.03,chainlink,83977.37,twap60,,4.603,0.5095,0.500,0.510,43.00,0.490,0.500,1387.49,0.07,5,1392.49,3920.21,236.00,-0.0001483,0.0002968,0.0011656
1790621745.5,1790621700,45.5,254.5,83985.00,chainlink,83977.37,twap60,,4.603,0.5451,0.530,0.540,82.00,0.460,0.470,523.14,0.07,5,573.14,3976.53,1247.23,0.0000680,0.0000140,0.0014172
1790621760.5,1790621700,60.5,239.5,83993.34,chainlink,83977.37,twap60,,4.603,0.5971,0.530,0.540,60.00,0.460,0.470,813.40,0.07,5,813.40,2689.76,915.54,0.0000979,-0.0000059,0.0015489
1790621775.6,1790621700,75.6,224.4,83982.66,chainlink,83977.37,twap60,,4.603,0.5337,0.530,0.540,999.80,0.460,0.470,255.00,0.07,5,255.00,1287.98,2123.82,-0.0000531,-0.0001051,0.0014472
1790621790.6,1790621700,90.6,209.4,83987.11,chainlink,83977.37,twap60,,4.603,0.5646,0.540,0.550,5.00,0.450,0.460,1892.10,0.07,5,1892.10,4353.39,868.00,0.0000156,0.0000931,0.0013789
1790621805.6,1790621700,105.6,194.4,83989.56,chainlink,83977.37,twap60,,4.603,0.5844,0.390,0.400,185.00,0.600,0.610,299.00,0.07,5,299.00,816.75,524.58,0.0000230,0.0000529,0.0013383
1790621820.6,1790621700,120.6,179.4,83973.79,chainlink,83977.37,twap60,,4.603,0.4738,0.450,0.460,646.44,0.540,0.550,131.78,0.07,5,131.78,990.78,4264.31,-0.0001099,-0.0001587,0.0011344
1790621835.6,1790621700,135.6,164.4,84001.00,chainlink,83977.37,twap60,,4.603,0.6774,0.660,0.670,419.75,0.330,0.340,89.75,0.07,5,89.75,2837.71,1311.42,0.0003365,0.0001809,
1790621850.7,1790621700,150.7,149.3,84000.62,chainlink,83977.37,twap60,,4.603,0.6854,0.690,0.700,100.00,0.300,0.310,645.02,0.07,5,645.02,4087.74,1191.82,0.0000111,0.0001547,
1790621865.7,1790621700,165.7,134.3,83994.73,chainlink,83977.37,twap60,,4.603,0.6511,0.610,0.620,418.30,0.380,0.390,198.00,0.07,5,198.00,2005.44,2356.52,-0.0000721,0.0001394,0.0008118
1790621880.7,1790621700,180.7,119.3,83990.97,chainlink,83977.37,twap60,,4.603,0.6300,0.690,0.700,20.00,0.300,0.310,701.85,0.07,5,701.85,2661.97,2494.13,-0.0000324,0.0002171,0.0005893
1790621895.7,1790621700,195.7,104.3,83997.90,chainlink,83977.37,twap60,,4.603,0.7110,0.760,0.770,123.00,0.230,0.240,902.40,0.07,5,902.40,3142.82,1576.74,0.0000818,-0.0000213,0.0003163
1790621910.7,1790621700,210.7,89.3,83992.91,chainlink,83977.37,twap60,,4.603,0.6848,0.730,0.740,75.00,0.260,0.270,514.47,0.07,5,504.47,1825.32,773.88,-0.0000580,-0.0000937,0.0003878
1790621925.8,1790621700,225.8,74.2,83998.88,chainlink,83977.37,twap60,,4.603,0.7878,0.910,0.920,665.31,0.080,0.090,7.77,0.07,5,7.77,663.54,1820.95,0.0000717,0.0000618,0.0004244
1790621940.8,1790621700,240.8,59.2,84003.88,chainlink,83977.37,twap60,84006.60,4.603,0.9058,0.970,0.980,2170.09,0.020,0.030,560.30,0.07,5,560.30,1905.02,4047.84,0.0000598,0.0001530,0.0003594
1790621955.8,1790621700,255.8,44.2,84011.63,chainlink,83977.37,twap60,84006.75,4.603,0.9944,0.990,,,,0.010,18442.05,0.07,5,18442.05,21310.58,,0.0000607,0.0001648,0.0004280
1790621970.8,1790621700,270.8,29.2,84012.20,chainlink,83977.37,twap60,84008.86,4.603,0.9990,0.990,,,,0.010,47643.34,0.07,5,47643.34,50356.67,,0.0000119,0.0002302,0.0006918
1790621985.9,1790621700,285.9,14.1,84010.32,chainlink,83977.37,twap60,84009.53,4.603,0.9990,0.990,,,,0.010,74946.74,0.07,5,74946.74,78833.03,,-0.0000356,0.0001364,0.0003154
1790622015.9,1790622000,15.9,284.1,84007.08,chainlink,84009.61,twap60,,4.560,0.4858,0.370,0.380,75.00,0.620,0.630,17.00,0.07,5,17.00,1015.30,677.91,0.0000006,-0.0000491,0.0001856
1790622030.9,1790622000,30.9,269.1,83995.70,chainlink,84009.61,twap60,,4.560,0.4201,0.370,0.380,143.00,0.620,0.630,626.56,0.07,5,626.56,3322.64,1642.43,-0.0001354,-0.0002096,0.0001953
1790622046.0,1790622000,46.0,254.0,83971.36,chainlink,84009.61,twap60,,4.560,0.2832,0.220,0.230,227.00,0.770,0.780,696.67,0.07,5,696.67,4979.56,1754.46,-0.0002804,-0.0004619,-0.0001638
1790622061.0,1790622000,61.0,239.0,83948.70,chainlink,84009.61,twap60,,4.560,0.1718,0.210,0.220,1396.82,0.780,0.790,21.50,0.07,5,21.50,1592.64,3029.71,-0.0002377,-0.0006946,-0.0004576
1790622076.0,1790622000,76.0,224.0,83953.52,chainlink,84009.61,twap60,,4.560,0.1822,0.160,0.170,977.21,0.830,0.840,170.00,0.07,5,170.00,3573.66,4925.59,0.0000555,-0.0006377,-0.0003844
1790622090.0,1790622000,90.0,210.0,83933.27,chainlink,84009.61,twap60,,4.560,0.0995,0.050,0.060,346.23,0.940,0.950,183.00,0.07,5,183.00,5246.67,3708.26,-0.0002413,-0.0007342,-0.0006474
1790622105.0,1790622000,105.0,195.0,83893.08,chainlink,84009.61,twap60,,4.560,0.0200,0.030,0.040,189.40,0.960,0.970,2321.79,0.07,5,2321.79,8534.16,3679.35,-0.0002411,-0.0009005,-0.0010716
1790622120.1,1790622000,120.1,179.9,83903.18,chainlink,84009.61,twap60,,4.560,0.0242,0.030,0.040,94.00,0.960,0.970,793.08,0.07,5,762.92,8206.29,4480.77,0.0001090,-0.0005444,-0.0008287
1790622135.1,1790622000,135.1,164.9,83877.08,chainlink,84009.61,twap60,,4.560,0.0047,,0.010,5030.51,0.990,,,0.07,5,,,8107.64,-0.0003008,-0.0009109,-0.0014606
1790622150.1,1790622000,150.1,149.9,83869.67,chainlink,84009.61,twap60,,4.560,0.0017,,0.010,979.92,0.990,,,0.07,5,,,3409.63,-0.0000364,-0.0005201,-0.0015621
1790622165.1,1790622000,165.1,134.9,83857.26,chainlink,84009.61,twap60,,4.560,0.0010,,0.010,8657.35,0.990,,,0.07,5,,,12836.05,-0.0001568,-0.0004384,-0.0016256
1790622180.2,1790622000,180.2,119.8,83844.88,chainlink,84009.61,twap60,,4.560,0.0010,,0.010,16598.68,0.990,,,0.07,5,,,20782.82,-0.0000610,-0.0006848,-0.0017415
1790622195.2,1790622000,195.2,104.8,83856.73,chainlink,84009.61,twap60,,4.560,0.0010,,0.010,19926.85,0.990,,,0.07,5,,,24375.33,0.0000970,-0.0001907,-0.0016807
1790622210.2,1790622000,210.2,89.8,83834.60,chainlink,84009.61,twap60,,4.560,0.0010,,0.010,24817.68,0.990,,,0.07,5,,,29879.48,-0.0002970,-0.0004271,-0.0018860
1790622225.2,1790622000,225.2,74.8,83842.02,chainlink,84009.61,twap60,,4.560,0.0010,,0.001,9575.30,0.999,,,0.07,5,,,38734.65,0.0000949,-0.0000951,-0.0018688
1790622240.2,1790622000,240.2,59.8,83832.10,chainlink,84009.61,twap60,83829.35,4.560,0.0010,,0.001,4320.00,0.999,,,0.07,5,,,42755.44,-0.0001130,-0.0001967,-0.0020785
1790622255.3,1790622000,255.3,44.7,83821.87,chainlink,84009.61,twap60,83823.69,4.560,0.0010,,0.001,20504.32,0.999,,,0.07,5,,,73769.94,-0.0000591,-0.0004488,-0.0022561
1790622270.3,1790622000,270.3,29.7,83789.18,chainlink,84009.61,twap60,83816.62,4.560,0.0010,,0.001,20615.33,0.999,,,0.07,5,,,79245.30,-0.0003781,-0.0005356,-0.0026714
1790622285.3,1790622000,285.3,14.7,83799.84,chainlink,84009.61,twap60,83809.87,4.560,0.0010,,0.001,30822.76,0.999,,,0.07,5,,,109084.73,0.0001552,-0.0004980,-0.0025066
1790622315.3,1790622300,15.3,284.7,83771.28,chainlink,83808.61,twap60,,4.581,0.3012,0.310,0.320,372.55,0.680,0.690,883.37,0.07,5,883.37,5222.41,2479.44,-0.0001648,-0.0005917,-0.0028108
1790622330.4,1790622300,30.4,269.6,83759.42,chainlink,83808.61,twap60,,4.581,0.2393,0.250,0.260,1346.85,0.740,0.750,185.00,0.07,5,165.00,2276.56,4840.59,-0.0001509,-0.0003272,-0.0028077
1790622345.4,1790622300,45.4,254.6,83771.88,chainlink,83808.61,twap60,,4.581,0.2921,0.340,0.350,158.77,0.650,0.660,1764.73,0.07,5,1764.73,3964.63,3234.35,0.0001924,-0.0003375,-0.0023462
1790622360.4,1790622300,60.4,239.6,83782.81,chainlink,83808.61,twap60,,4.581,0.3451,0.420,0.430,456.00,0.570,0.580,88.00,0.07,5,88.00,1405.73,1962.19,0.0001113,-0.0000271,-0.0019800
1790622375.4,1790622300,75.4,224.6,83779.65,chainlink,83808.61,twap60,,4.581,0.3209,0.250,0.260,604.00,0.740,0.750,65.00,0.07,5,65.00,2337.24,2119.18,-0.0000642,0.0000906,-0.0020732
1790622390.4,1790622300,90.4,209.6,83773.73,chainlink,83808.61,twap60,,4.581,0.2794,0.160,0.170,617.00,0.830,0.840,511.17,0.07,5,511.17,3682.67,2549.00,-0.0000700,0.0002145,-0.0016646
1790622405.5,1790622300,105.5,194.5,83760.54,chainlink,83808.61,twap60,,4.581,0.1993,0.200,0.220,676.65,0.780,0.800,292.00,0.07,5,217.00,2069.81,3172.22,-0.0000728,-0.0001546,-0.0015925
1790622420.5,1790622300,120.5,179.5,83714.50,chainlink,83808.61,twap60,,4.581,0.0410,0.050,0.060,442.23,0.940,0.950,495.89,0.07,5,495.89,5639.85,2938.32,-0.0005408,-0.0008423,-0.0022411
1790622435.5,1790622300,135.5,164.5,83724.93,chainlink,83808.61,twap60,,4.581,0.0508,0.090,0.100,59.00,0.900,0.910,1494.65,0.07,5,1489.65,3851.24,2581.00,0.0001307,-0.0006528,-0.0017637
1790622450.5,1790622300,150.5,149.5,83723.94,chainlink,83808.61,twap60,,4.581,0.0387,0.070,0.080,307.77,0.920,0.930,634.99,0.07,5,634.99,3743.25,1261.12,-0.0000262,-0.0005099,-0.0017479
1790622465.5,1790622300,165.5,134.5,83712.04,chainlink,83808.61,twap60,,4.581,0.0150,0.020,0.030,765.49,0.970,0.980,2734.71,0.07,5,2734.71,6458.63,2862.85,-0.0001918,-0.0005702,-0.0016466
1790622480.6,1790622300,180.6,119.4,83689.49,chainlink,83808.61,twap60,,4.581,0.0018,,0.010,5737.34,0.990,,,0.07,5,,,8496.62,-0.0002701,-0.0002926,-0.0018993
1790622495.6,1790622300,195.6,104.4,83685.64,chainlink,83808.61,twap60,,4.581,0.0010,,0.010,8507.46,0.990,,,0.07,5,,,11592.83,-0.0000135,-0.0004838,-0.0020754
1790622510.6,1790622300,210.6,89.4,83711.43,chainlink,83808.61,twap60,,4.581,0.0013,,0.010,6982.86,0.990,,,0.07,5,,,10171.42,0.0003043,-0.0001990,-0.0014640
1790622525.6,1790622300,225.6,74.4,83702.09,chainlink,83808.61,twap60,,4.581,0.0010,,0.010,18706.48,0.990,,,0.07,5,,,22114.40,-0.0000944,-0.0001196,-0.0016651
1790622540.6,1790622300,240.6,59.4,83715.78,chainlink,83808.61,twap60,83715.78,4.581,0.0010,,0.010,29853.44,0.990,,,0.07,5,,,32863.54,0.0001708,0.0003467,-0.0013256
1790622555.7,1790622300,255.7,44.3,83674.06,coinbase,83808.61,twap60,83715.78,4.581,0.0010,,0.010,48675.33,0.990,,,0.07,5,,,51793.27,-0.0004101,-0.0002030,-0.0017386
1790622570.7,1790622300,270.7,29.3,83646.27,coinbase,83808.61,twap60,83715.78,4.581,0.0010,,0.001,22730.14,0.999,,,0.07,5,,,100134.68,-0.0003322,-0.0008965,-0.0017400
1790622585.7,1790622300,285.7,14.3,83646.23,chainlink,83808.61,twap60,83694.83,4.581,0.0010,,0.001,31789.72,0.999,,,0.07,5,,,109277.26,,-0.0006603,-0.0018385
1790622615.8,1790622600,15.8,284.2,83635.77,chainlink,83658.36,twap60,,4.784,0.3813,0.420,0.430,442.90,0.570,0.580,152.40,0.07,5,152.40,1358.72,2114.10,-0.0000816,,-0.0016282
1790622630.8,1790622600,30.8,269.2,83630.25,chainlink,83658.36,twap60,,4.784,0.3490,0.550,0.560,855.29,0.440,0.450,85.86,0.07,5,67.07,127.07,1534.83,-0.0000975,,-0.0014997
1790622645.8,1790622600,45.8,254.2,83656.02,chainlink,83658.36,twap60,,4.784,0.4867,0.410,0.420,438.58,0.580,0.590,127.30,0.07,5,127.30,1066.88,1297.07,0.0003269,0.0001277,-0.0014032
1790622660.8,1790622600,60.8,239.2,83638.68,chainlink,83658.36,twap60,,4.784,0.3854,0.470,0.480,66.00,0.520,0.530,533.00,0.07,5,533.00,3753.74,287.00,-0.0002070,-0.0000469,-0.0017483
1790622675.8,1790622600,75.8,224.2,83657.15,chainlink,83658.36,twap60,,4.784,0.4926,0.570,0.580,66.00,0.420,0.430,160.00,0.07,5,160.00,1894.43,1222.74,0.0001812,0.0002241,-0.0014626
1790622690.9,1790622600,90.9,209.1,83652.98,chainlink,83658.36,twap60,,4.784,0.4656,0.450,0.460,70.00,0.540,0.550,660.74,0.07,5,660.74,3075.26,858.62,-0.0000492,0.0002906,-0.0013578
1790622705.9,1790622600,105.9,194.1,83631.94,chainlink,83658.36,twap60,,4.784,0.3282,0.340,0.350,492.22,0.650,0.660,220.00,0.07,5,230.00,1284.18,3642.61,-0.0002516,-0.0002876,-0.0015275
1790622720.9,1790622600,120.9,179.1,83635.07,chainlink,83658.36,twap60,,4.784,0.3399,0.300,0.310,914.93,0.690,0.700,254.50,0.07,5,254.50,3259.20,4719.93,0.0000433,-0.0000827,-0.0009431
1790622735.9,1790622600,135.9,164.1,83637.34,chainlink,83658.36,twap60,,4.784,0.3467,0.320,0.330,1943.12,0.670,0.680,5.00,0.07,5,5.00,332.00,4201.98,0.0000287,-0.0002362,-0.0010611
1790622750.9,1790622600,150.9,149.1,83633.39,chainlink,83658.36,twap60,,4.784,0.3087,0.270,0.280,58.27,0.720,0.730,1189.91,0.07,5,1189.91,2649.00,1351.72,-0.0000436,-0.0002342,-0.0011317
1790622766.0,1790622600,166.0,134.0,83654.87,chainlink,83658.36,twap60,,4.784,0.4701,0.560,0.570,1131.88,0.430,0.440,15.00,0.07,5,15.00,342.55,5419.71,0.0002545,0.0002800,-0.0006839
1790622781.0,1790622600,181.0,119.0,83677.97,chainlink,83658.36,twap60,,4.784,0.6777,0.730,0.740,364.87,0.260,0.270,1350.22,0.07,5,1350.22,2310.69,1790.24,0.0002715,0.0005143,-0.0001051
1790622795.0,1790622600,195.0,105.0,83706.90,chainlink,83658.36,twap60,,4.784,0.8959,0.930,0.940,294.32,0.060,0.070,530.34,0.07,5,718.34,2872.45,6008.58,0.0003471,0.0008350,0.0002503
1790622810.0,1790622600,210.0,90.0,83714.68,chainlink,83658.36,twap60,,4.784,0.9521,0.950,0.960,371.34,0.040,0.050,783.77,0.07,5,783.77,2674.31,14603.38,0.0000749,0.0009692,0.0000559
1790622825.0,1790622600,225.0,75.0,83708.53,chainlink,83658.36,twap60,,4.784,0.9620,0.980,0.990,6771.65,0.010,0.020,819.20,0.07,5,819.20,5773.79,6771.65,-0.0000666,0.0006367,0.0000842
1790622840.1,1790622600,240.1,59.9,83715.48,chainlink,83658.36,twap60,83715.48,4.784,0.9963,0.990,,,,0.010,5293.53,0.07,5,5293.53,7153.73,,0.0001448,0.0004495,-0.0000036
1790622855.1,1790622600,255.1,44.9,83688.28,chainlink,83658.36,twap60,83695.94,4.784,0.9892,0.990,,,,0.010,4069.23,0.07,5,4069.23,7501.78,,-0.0003113,-0.0002405,
1790622870.1,1790622600,270.1,29.9,83685.20,chainlink,83658.36,twap60,83690.82,4.784,0.9990,0.990,,,,0.010,41588.73,0.07,5,41588.73,44668.77,,-0.0000307,-0.0003453,
1790622885.1,1790622600,285.1,14.9,83687.86,chainlink,83658.36,twap60,83689.09,4.784,0.9990,0.990,,,,0.010,73055.21,0.07,5,73055.21,76286.01,,0.0000359,-0.0001852,0.0005082
1790622915.2,1790622900,15.2,284.8,83667.66,chainlink,83691.00,twap60,,4.858,0.3794,0.390,0.400,842.44,0.600,0.610,259.00,0.07,5,259.00,1724.27,5288.24,-0.0003230,-0.0002403,0.0003497
1790622930.2,1790622900,30.2,269.8,83637.30,chainlink,83691.00,twap60,,4.858,0.2329,0.270,0.280,24.72,0.720,0.730,100.00,0.07,5,100.00,5372.32,1011.72,-0.0004272,-0.0005684,0.0001032
1790622945.2,1790622900,45.2,254.8,83667.53,chainlink,83691.00,twap60,,4.858,0.3708,0.380,0.390,82.00,0.610,0.620,1644.75,0.07,5,1644.75,3546.29,2844.70,0.0003353,-0.0002426,0.0001379
1790622960.2,1790622900,60.2,239.8,83672.05,chainlink,83691.00,twap60,,4.858,0.3913,0.410,0.420,169.36,0.580,0.590,507.58,0.07,5,507.58,3317.43,3354.38,0.0000558,-0.0002705,0.0003593
1790622975.2,1790622900,75.2,224.8,83683.93,chainlink,83691.00,twap60,,4.858,0.4574,0.440,0.450,1745.58,0.550,0.560,10.00,0.07,5,10.00,2823.38,3376.91,0.0001425,0.0001301,0.0003207
1790622990.3,1790622900,90.3,209.7,83670.94,chainlink,83691.00,twap60,,4.858,0.3757,0.400,0.410,1229.10,0.590,0.600,84.00,0.07,5,84.00,1110.22,3217.06,-0.0001648,0.0003760,0.0002147
1790623005.3,1790622900,105.3,194.7,83661.02,chainlink,83691.00,twap60,,4.858,0.3099,0.260,0.270,343.64,0.730,0.740,594.83,0.07,5,594.83,4221.80,1670.79,-0.0001274,-0.0000761,0.0003535
1790623020.3,1790622900,120.3,179.7,83646.11,chainlink,83691.00,twap60,,4.858,0.2171,0.190,0.200,138.00,0.800,0.810,474.22,0.07,5,474.22,2764.38,1876.52,-0.0001781,-0.0003095,0.0001335
1790623035.3,1790622900,135.3,164.7,83687.08,chainlink,83691.00,twap60,,4.858,0.4712,0.510,0.520,1614.86,0.480,0.490,80.00,0.07,5,80.00,974.25,4669.18,0.0005027,0.0000280,0.0005981
1790623050.3,1790622900,150.3,149.7,83663.41,chainlink,83691.00,twap60,,4.858,0.2938,0.230,0.240,1236.77,0.760,0.770,23.37,0.07,5,23.37,757.29,3546.61,-0.0002826,-0.0000989,0.0003565
1790623065.4,1790622900,165.4,134.6,83661.22,chainlink,83691.00,twap60,,4.858,0.2643,0.300,0.310,23.00,0.690,0.700,909.20,0.07,5,909.20,4000.04,578.00,-0.0000026,0.0000025,0.0000714
1790623080.4,1790622900,180.4,119.6,83675.75,chainlink,83691.00,twap60,,4.858,0.3625,0.340,0.350,105.00,0.650,0.660,395.08,0.07,5,370.08,3740.09,303.00,0.0001398,0.0003674,-0.0000251
1790623095.4,1790622900,195.4,104.6,83677.88,chainlink,83691.00,twap60,,4.858,0.3684,0.340,0.350,97.00,0.650,0.660,558.42,0.07,5,558.42,2022.62,2719.39,0.0000233,-0.0001096,-0.0003648
1790623110.4,1790622900,210.4,89.6,83666.49,chainlink,83691.00,twap60,,4.858,0.2368,0.200,0.210,285.76,0.790,0.800,256.72,0.07,5,256.72,996.52,1290.87,-0.0001346,0.0000603,-0.0005689
1790623125.5,1790622900,225.5,74.5,83657.79,chainlink,83691.00,twap60,,4.858,0.1224,0.040,0.050,746.87,0.950,0.960,1373.47,0.07,5,1359.57,15741.66,3558.68,-0.0000868,-0.0000748,-0.0005445
1790623140.5,1790622900,240.5,59.5,83689.69,chainlink,83691.00,twap60,83689.34,4.858,0.4756,0.300,0.310,76.00,0.690,0.700,5.00,0.07,5,2.14,88.14,2330.80,0.0003970,0.0001643,-0.0002945
1790623155.5,1790622900,255.5,44.5,83686.77,chainlink,83691.00,twap60,83686.99,4.858,0.3819,0.040,0.050,85.00,0.950,0.960,107.49,0.07,5,106.44,3500.61,722.00,-0.0000144,0.0001079,-0.0000119
1790623170.5,1790622900,270.5,29.5,83668.96,chainlink,83691.00,twap60,83680.37,4.858,0.0150,,0.010,5655.34,0.990,,,0.07,5,,,7977.39,-0.0001334,0.0000467,-0.0001899
1790623185.5,1790622900,285.5,14.5,83654.27,chainlink,83691.00,twap60,83674.16,4.858,0.0010,,0.010,63813.24,0.990,,,0.07,5,,,67490.58,-0.0001597,-0.0000263,-0.0004011
1790623215.6,1790623200,15.6,284.4,83694.10,chainlink,83670.94,twap60,,4.738,0.6227,0.600,0.610,772.25,0.390,0.400,10.00,0.07,5,10.00,2825.65,4755.25,0.0001475,0.0001669,0.0002516
1790623230.6,1790623200,30.6,269.4,83680.75,chainlink,83670.94,twap60,,4.738,0.5544,0.510,0.520,630.72,0.480,0.490,106.92,0.07,5,106.92,1179.38,4125.63,-0.0001596,0.0001567,0.0004932
1790623245.6,1790623200,45.6,254.4,83660.72,chainlink,83670.94,twap60,,4.738,0.4414,0.440,0.450,94.56,0.550,0.560,516.00,0.07,5,516.00,3107.84,957.74,-0.0002296,0.0000825,-0.0000797
1790623260.6,1790623200,60.6,239.4,83664.07,chainlink,83670.94,twap60,,4.738,0.4591,0.430,0.440,138.63,0.560,0.570,542.32,0.07,5,557.38,4223.33,2720.61,0.0000262,-0.0002114,-0.0000948
1790623275.7,1790623200,75.7,224.3,83650.38,chainlink,83670.94,twap60,,4.738,0.3746,0.310,0.320,394.96,0.680,0.690,190.00,0.07,5,190.00,1290.23,1661.38,-0.0001638,-0.0005226,-0.0004106
1790623290.7,1790623200,90.7,209.3,83645.79,chainlink,83670.94,twap60,,4.738,0.3417,0.310,0.320,1410.24,0.680,0.690,146.57,0.07,5,146.57,856.84,3360.24,-0.0000082,-0.0004081,-0.0003095
1790623305.7,1790623200,105.7,194.3,83659.44,chainlink,83670.94,twap60,,4.738,0.4225,0.510,0.520,1547.43,0.480,0.490,5.00,0.07,5,5.00,448.74,3802.74,0.0001632,-0.0000292,-0.0000188
1790623320.7,1790623200,120.7,179.3,83676.58,chainlink,83670.94,twap60,,4.738,0.5402,0.370,0.380,1289.98,0.620,0.630,55.18,0.07,5,10.18,253.18,2051.53,0.0002027,0.0001494,0.0003773
1790623335.7,1790623200,135.7,164.3,83660.67,chainlink,83670.94,twap60,,4.738,0.4229,0.390,0.400,1245.12,0.600,0.610,26.36,0.07,5,26.36,2310.50,2399.78,-0.0000727,0.0001697,-0.0003153
1790623350.7,1790623200,150.7,149.3,83670.66,chainlink,83670.94,twap60,,4.738,0.4978,0.510,0.520,1304.36,0.480,0.490,78.68,0.07,5,78.68,711.68,3566.14,0.0001205,0.0002973,0.0001102
1790623365.8,1790623200,165.8,134.2,83647.08,chainlink,83670.94,twap60,,4.738,0.3020,0.280,0.290,178.56,0.710,0.720,245.38,0.07,5,245.38,1987.20,1040.52,-0.0002806,-0.0001500,-0.0002029
1790623380.8,1790623200,180.8,119.2,83654.33,chainlink,83670.94,twap60,,4.738,0.3468,0.340,0.350,140.00,0.650,0.660,95.00,0.07,5,15.00,507.16,1913.78,0.0000908,-0.0001485,-0.0002582
1790623395.8,1790623200,195.8,104.2,83643.15,chainlink,83670.94,twap60,,4.738,0.2321,0.150,0.160,450.00,0.840,0.850,510.39,0.07,5,515.39,3084.70,1265.97,-0.0001232,-0.0002083,-0.0004135
1790623410.8,1790623200,210.8,89.2,83641.20,chainlink,83670.94,twap60,,4.738,0.1854,0.090,0.100,709.07,0.900,0.910,188.52,0.07,5,188.52,3068.08,2214.26,-0.0000224,-0.0003509,-0.0002852
1790623425.8,1790623200,225.8,74.2,83640.50,chainlink,83670.94,twap60,,4.738,0.1358,0.030,0.040,1814.45,0.960,0.970,299.84,0.07,5,299.84,8491.76,5491.16,-0.0000269,-0.0000745,-0.0001909
1790623440.9,1790623200,240.9,59.1,83637.84,chainlink,83670.94,twap60,83637.84,4.738,0.0552,,0.010,6143.17,0.990,,,0.07,5,,,7804.93,-0.0000303,-0.0001867,-0.0005993
1790623455.9,1790623200,255.9,44.1,83637.56,chainlink,83670.94,twap60,83637.63,4.738,0.0063,,0.010,20065.04,0.990,,,0.07,5,,,22946.42,-0.0000033,-0.0000659,-0.0005088
1790623470.9,1790623200,270.9,29.1,83636.26,chainlink,83670.94,twap60,83637.16,4.738,0.0010,,0.010,72197.48,0.990,,,0.07,5,,,75325.69,-0.0000130,-0.0000776,-0.0003751
1790623485.9,1790623200,285.9,14.1,83645.40,chainlink,83670.94,twap60,83638.93,4.738,0.0010,,0.010,74894.24,0.990,,,0.07,5,,,79618.41,0.0001128,0.0000601,-0.0001006
1790623516.0,1790623500,16.0,284.0,83639.14,chainlink,83640.19,twap60,,4.628,0.4942,0.480,0.490,95.00,0.510,0.520,353.00,0.07,5,65.00,3095.17,874.40,-0.0000948,0.0000215,-0.0006569
1790623531.0,1790623500,31.0,269.0,83645.10,chainlink,83640.19,twap60,,4.628,0.5280,0.460,0.470,1596.64,0.530,0.540,23.89,0.07,5,23.89,133.89,2935.64,0.0000642,0.0001093,-0.0004163
1790623545.0,1790623500,45.0,255.0,83629.97,chainlink,83640.19,twap60,,4.628,0.4401,0.430,0.440,125.00,0.560,0.570,610.24,0.07,5,610.24,2383.29,2529.85,-0.0001807,-0.0001747,-0.0003816
1790623560.0,1790623500,60.0,240.0,83634.97,chainlink,83640.19,twap60,,4.628,0.4682,0.430,0.440,118.00,0.560,0.570,808.52,0.07,5,808.52,4393.82,945.64,0.0000695,-0.0001447,-0.0003480
1790623575.1,1790623500,75.1,224.9,83627.17,chainlink,83640.19,twap60,,4.628,0.4180,0.460,0.470,123.87,0.530,0.540,790.92,0.07,5,775.92,2491.02,638.87,-0.0000773,-0.0001502,-0.0002309
1790623590.1,1790623500,90.1,209.9,83653.66,chainlink,83640.19,twap60,,4.628,0.5883,0.630,0.640,1298.27,0.360,0.370,94.00,0.07,5,84.00,660.70,3782.89,0.0003063,0.0001026,0.0000941
1790623605.1,1790623500,105.1,194.9,83641.05,chainlink,83640.19,twap60,,4.628,0.5060,0.450,0.460,1627.58,0.540,0.550,30.00,0.07,5,30.00,569.56,3362.58,-0.0001504,0.0001422,-0.0002220
1790623620.1,1790623500,120.1,179.9,83633.26,chainlink,83640.19,twap60,,4.628,0.4496,0.450,0.460,606.63,0.540,0.550,165.00,0.07,5,155.00,1208.68,3664.80,-0.0000691,-0.0000045,-0.0004004
1790623635.1,1790623500,135.1,164.9,83636.33,chainlink,83640.19,twap60,,4.628,0.4703,0.410,0.420,36.28,0.580,0.590,1099.93,0.07,5,1099.93,4784.12,566.28,0.0000441,0.0000991,-0.0002898
1790623650.2,1790623500,150.2,149.8,83633.21,chainlink,83640.19,twap60,,4.628,0.4428,0.420,0.430,93.15,0.570,0.580,606.18,0.07,5,645.19,3215.71,797.15,-0.0000013,-0.0002443,-0.0004464
1790623665.2,1790623500,165.2,134.8,83646.18,chainlink,83640.19,twap60,,4.628,0.5529,0.650,0.660,40.00,0.340,0.350,1450.54,0.07,5,1450.54,2369.34,536.00,0.0001547,0.0000854,-0.0000066
1790623680.2,1790623500,180.2,119.8,83641.59,chainlink,83640.19,twap60,,4.628,0.5135,0.480,0.490,1112.95,0.510,0.520,5.00,0.07,5,80.00,618.84,2595.14,-0.0001236,0.0001069,-0.0001419
1790623695.2,1790623500,195.2,104.8,83639.66,chainlink,83640.19,twap60,,4.628,0.4943,0.490,0.500,85.00,0.500,0.510,1564.24,0.07,5,1564.24,2322.85,891.71,-0.0000230,0.0000759,-0.0000408
1790623710.3,1790623500,210.3,89.8,83632.82,chainlink,83640.19,twap60,,4.628,0.4106,0.500,0.510,480.06,0.490,0.500,215.01,0.07,5,215.01,739.58,989.36,-0.0000809,-0.0000052,-0.0001187
1790623725.3,1790623500,225.3,74.7,83638.72,chainlink,83640.19,twap60,,4.628,0.4785,0.450,0.460,1009.25,0.540,0.550,30.00,0.07,5,30.00,208.94,2711.06,0.0000395,-0.0001578,-0.0000198
1790623740.3,1790623500,240.3,59.7,83637.73,chainlink,83640.19,twap60,83637.73,4.628,0.4524,0.360,0.370,255.68,0.630,0.640,438.73,0.07,5,438.73,2948.10,365.68,-0.0000155,-0.0000461,-0.0000013
1790623755.3,1790623500,255.3,44.7,83603.26,chainlink,83640.19,twap60,83617.27,4.628,0.0061,,0.010,3135.99,0.990,,,0.07,5,,,6416.15,-0.0004066,-0.0004343,-0.0004076
1790623770.3,1790623500,270.3,29.7,83606.44,chainlink,83640.19,twap60,83612.48,4.628,0.0010,,0.010,34360.27,0.990,,,0.07,5,,,36786.20,-0.0000297,-0.0003465,-0.0003531
1790623785.3,1790623500,285.3,14.7,83600.01,chainlink,83640.19,twap60,83609.08,4.628,0.0010,,0.010,68635.41,0.990,,,0.07,5,,,72359.14,-0.0000694,-0.0004667,-0.0005329
1790623815.4,1790623800,15.4,284.6,83608.99,chainlink,83609.08,twap60,,4.521,0.4995,0.380,0.390,697.00,0.610,0.620,123.53,0.07,5,118.53,740.01,2993.98,0.0000408,0.0000008,-0.0003677
1790623830.4,1790623800,30.4,269.6,83608.28,chainlink,83609.08,twap60,,4.521,0.4953,0.500,0.510,267.00,0.490,0.500,70.00,0.07,5,70.00,2032.76,4101.68,0.0000345,0.0000295,-0.0004401
1790623845.4,1790623800,45.4,254.6,83598.72,chainlink,83609.08,twap60,,4.521,0.4378,0.500,0.510,422.10,0.490,0.500,74.00,0.07,5,74.00,2415.60,2417.31,-0.0001144,-0.0000606,-0.0003641
1790623860.5,1790623800,60.5,239.5,83592.75,chainlink,83609.08,twap60,,4.521,0.3991,0.360,0.370,1270.64,0.630,0.640,98.00,0.07,5,98.00,2636.71,2274.14,-0.0002549,-0.0001533,-0.0004889
1790623875.5,1790623800,75.5,224.5,83579.06,chainlink,83609.08,twap60,,4.521,0.3125,0.410,0.420,294.00,0.580,0.590,30.00,0.07,5,30.00,386.79,1884.76,-0.0001587,-0.0003150,-0.0005858
1790623890.5,1790623800,90.5,209.5,83599.71,chainlink,83609.08,twap60,,4.521,0.4368,0.440,0.450,543.57,0.550,0.560,56.57,0.07,5,56.57,686.69,2418.57,0.0001170,-0.0001025,-0.0006448
1790623905.5,1790623800,105.5,194.5,83603.47,chainlink,83609.08,twap60,,4.521,0.4602,0.290,0.300,140.00,0.700,0.710,793.25,0.07,5,783.25,3117.45,2305.00,0.0000443,-0.0001268,-0.0004254
1790623920.5,1790623800,120.5,179.5,83588.55,chainlink,83609.08,twap60,,4.521,0.3503,0.350,0.360,163.86,0.640,0.650,1004.16,0.07,5,1004.16,3120.38,879.44,0.0000485,-0.0000452,-0.0005274
1790623935.6,1790623800,135.6,164.4,83589.83,chainlink,83609.08,twap60,,4.521,0.3513,0.290,0.300,1735.24,0.700,0.710,104.00,0.07,5,104.00,996.00,2398.48,0.0000153,-0.0000013,-0.0005201
1790623950.6,1790623800,150.6,149.4,83588.26,chainlink,83609.08,twap60,,4.521,0.3299,0.320,0.330,629.85,0.670,0.680,118.46,0.07,5,118.46,2318.86,2694.31,0.0000459,-0.0001376,-0.0005381
1790623965.6,1790623800,165.6,134.4,83603.82,chainlink,83609.08,twap60,,4.521,0.4524,0.430,0.440,372.40,0.560,0.570,117.91,0.07,5,152.91,1580.73,1121.40,0.0001884,0.0002311,-0.0005752
1790623980.6,1790623800,180.6,119.4,83557.51,chainlink,83609.08,twap60,,4.521,0.1003,0.150,0.160,1474.67,0.830,0.840,10.00,0.07,5,5.00,428.13,2740.80,-0.0005545,-0.0003714,-0.0010057
1790623995.6,1790623800,195.6,104.4,83554.66,chainlink,83609.08,twap60,,4.521,0.0668,0.070,0.080,14.73,0.920,0.930,292.71,0.07,5,292.71,3555.11,862.73,-0.0000346,-0.0003562,-0.0010159
1790624010.6,1790623800,210.6,89.4,83502.82,chainlink,83609.08,twap60,,4.521,0.0010,,0.010,8017.15,0.990,,,0.07,5,,,12006.57,-0.0006147,-0.0010204,-0.0015866
1790624025.7,1790623800,225.7,74.3,83501.75,chainlink,83609.08,twap60,,4.521,0.0010,,0.010,13960.47,0.990,,,0.07,5,,,19526.41,-0.0000046,-0.0012221,-0.0016427
1790624040.7,1790623800,240.7,59.3,83491.43,chainlink,83609.08,twap60,83491.43,4.521,0.0010,,0.010,27162.47,0.990,,,0.07,5,,,32608.40,-0.0001261,-0.0007917,-0.0017452
1790624055.7,1790623800,255.7,44.3,83492.38,chainlink,83609.08,twap60,83492.41,4.521,0.0010,,0.010,40555.09,0.990,,,0.07,5,,,46577.99,0.0000114,-0.0007397,-0.0013949
1790624070.7,1790623800,270.7,29.3,83474.85,chainlink,83609.08,twap60,83485.20,4.521,0.0010,,0.010,76169.80,0.990,,,0.07,5,,,81659.74,-0.0001413,-0.0003267,-0.0015676
1790624085.7,1790623800,285.7,14.3,83494.64,chainlink,83609.08,twap60,83485.10,4.521,0.0010,,0.010,76484.29,0.990,,,0.07,5,,,81983.84,0.0002399,-0.0000877,-0.0013064
1790624115.7,1790624100,15.7,284.3,83494.59,chainlink,83489.71,twap60,,4.186,0.5297,0.470,0.480,1452.85,0.520,0.530,122.81,0.07,5,122.81,1140.24,4582.87,-0.0000674,0.0000951,-0.0013262
1790624130.8,1790624100,30.8,269.2,83473.45,chainlink,83489.71,twap60,,4.186,0.3988,0.400,0.410,756.53,0.590,0.600,197.66,0.07,5,197.66,1667.06,3676.48,-0.0002152,-0.0000138,-0.0016139
1790624145.8,1790624100,45.8,254.2,83465.55,chainlink,83489.71,twap60,,4.186,0.3466,0.340,0.350,1559.42,0.650,0.660,87.63,0.07,5,87.63,3215.49,3168.43,-0.0000946,-0.0003644,-0.0017778
1790624160.8,1790624100,60.8,239.2,83457.44,chainlink,83489.71,twap60,,4.186,0.2924,0.320,0.330,1606.75,0.670,0.680,35.00,0.07,5,35.00,2249.60,3449.95,-0.0000755,-0.0005125,-0.0016149
1790624175.8,1790624100,75.8,224.2,83434.10,chainlink,83489.71,twap60,,4.186,0.1638,0.180,0.190,147.00,0.810,0.820,553.84,0.07,5,553.84,4240.53,1728.47,-0.0002796,-0.0006868,-0.0018660
1790624190.9,1790624100,90.9,209.1,83409.15,chainlink,83489.71,twap60,,4.186,0.0695,0.110,0.120,272.73,0.880,0.890,137.25,0.07,5,137.25,4297.47,2152.25,-0.0002641,-0.0007706,-0.0022827
1790624205.9,1790624100,105.9,194.1,83393.92,chainlink,83489.71,twap60,,4.186,0.0326,0.090,0.100,1024.01,0.900,0.910,18.70,0.07,5,18.70,1853.49,4755.67,-0.0001823,-0.0008368,-0.0022827
1790624220.9,1790624100,120.9,179.1,83405.18,chainlink,83489.71,twap60,,4.186,0.0434,0.100,0.110,582.62,0.890,0.900,216.33,0.07,5,216.33,3555.18,3500.48,0.0001030,-0.0006264,-0.0021962
1790624235.9,1790624100,135.9,164.1,83395.47,chainlink,83489.71,twap60,,4.186,0.0216,0.050,0.060,173.59,0.940,0.950,588.00,0.07,5,588.00,6420.47,1836.34,-0.0001900,-0.0004281,-0.0022632
1790624250.9,1790624100,150.9,149.1,83388.11,chainlink,83489.71,twap60,,4.186,0.0101,0.030,0.040,1761.24,0.960,0.970,863.18,0.07,5,863.18,10972.19,3685.18,-0.0000884,-0.0002521,-0.0023952
1790624266.0,1790624100,166.0,134.0,83329.06,chainlink,83489.71,twap60,,4.186,0.0010,,0.010,5200.46,0.990,,,0.07,5,,,8007.09,-0.0007154,-0.0008100,-0.0032923
1790624281.0,1790624100,181.0,119.0,83294.27,chainlink,83489.71,twap60,,4.186,0.0010,,0.010,12338.94,0.990,,,0.07,5,,,16414.33,-0.0004163,-0.0014043,-0.0031559
1790624295.0,1790624100,195.0,105.0,83281.57,chainlink,83489.71,twap60,,4.186,0.0010,,0.010,20333.57,0.990,,,0.07,5,,,23242.96,-0.0001537,-0.0013668,-0.0032679
1790624310.0,1790624100,210.0,90.0,83247.76,chainlink,83489.71,twap60,,4.186,0.0010,,0.010,25188.84,0.990,,,0.07,5,,,28637.23,-0.0004097,-0.0016916,-0.0030509
1790624325.0,1790624100,225.0,75.0,83267.71,chainlink,83489.71,twap60,,4.186,0.0010,,0.010,28215.16,0.990,,,0.07,5,,,31569.17,0.0002286,-0.0007353,-0.0028092
1790624340.1,1790624100,240.1,59.9,83211.35,chainlink,83489.71,twap60,83211.35,4.186,0.0010,,0.010,40511.82,0.990,,,0.07,5,,,43599.41,-0.0004935,-0.0009972,-0.0033602
1790624355.1,1790624100,255.1,44.9,83208.65,chainlink,83489.71,twap60,83202.70,4.186,0.0010,,0.010,56153.51,0.990,,,0.07,5,,,59528.67,-0.0000586,-0.0008796,-0.0033354
1790624370.1,1790624100,270.1,29.9,83194.90,chainlink,83489.71,twap60,83208.23,4.186,0.0010,,0.001,21691.78,0.999,,,0.07,5,,,106390.54,-0.0003021,-0.0006462,-0.0033565
1790624385.1,1790624100,285.1,14.9,83173.28,chainlink,83489.71,twap60,83198.11,4.186,0.0010,,0.001,28587.37,0.999,,,0.07,5,,,113035.98,-0.0002570,-0.0009511,-0.0038723
1790624415.1,1790624400,15.1,284.9,83178.96,chainlink,83196.53,twap60,,4.819,0.4079,0.400,0.410,135.26,0.590,0.600,273.55,0.07,5,273.55,1303.19,1733.76,-0.0002850,-0.0004937,-0.0037494
1790624430.2,1790624400,30.2,269.8,83140.59,chainlink,83196.53,twap60,,4.819,0.2219,0.310,0.320,155.84,0.680,0.690,1409.34,0.07,5,1409.34,2181.46,977.84,-0.0003914,-0.0006502,-0.0039956
1790624445.2,1790624400,45.2,254.8,83117.10,chainlink,83196.53,twap60,,4.819,0.1304,0.230,0.240,284.00,0.760,0.770,352.06,0.07,5,352.06,1753.21,2098.43,-0.0002195,-0.0006736,-0.0041618
1790624460.2,1790624400,60.2,239.8,83081.73,chainlink,83196.53,twap60,,4.819,0.0460,0.180,0.190,209.99,0.810,0.820,1242.01,0.07,5,1242.01,3263.43,1409.68,-0.0004024,-0.0014546,-0.0045119
1790624475.2,1790624400,75.2,224.8,83138.95,chainlink,83196.53,twap60,,4.819,0.1897,0.330,0.340,123.55,0.660,0.670,642.22,0.07,5,642.22,3093.09,2061.55,0.0006915,-0.0004110,-0.0035087
1790624490.2,1790624400,90.2,209.8,83122.48,chainlink,83196.53,twap60,,4.819,0.1191,0.240,0.250,348.33,0.750,0.760,310.75,0.07,5,310.75,1323.35,1468.66,-0.0001985,-0.0001549,-0.0034426
1790624505.3,1790624400,105.3,194.7,83168.45,chainlink,83196.53,twap60,,4.819,0.3198,0.420,0.430,1311.98,0.570,0.580,157.55,0.07,5,157.55,1012.58,3306.03,0.0005952,0.0006409,-0.0027393
1790624520.3,1790624400,120.3,179.7,83169.63,chainlink,83196.53,twap60,,4.819,0.3184,0.440,0.450,50.00,0.550,0.560,1403.88,0.07,5,1403.88,2193.22,1605.58,0.0000118,0.0010604,-0.0029018
1790624535.3,1790624400,135.3,164.7,83155.75,chainlink,83196.53,twap60,,4.819,0.2243,0.340,0.350,238.47,0.650,0.660,77.42,0.07,5,77.42,928.69,2559.65,-0.0002643,0.0002017,-0.0028787
1790624550.3,1790624400,150.3,149.7,83198.99,chainlink,83196.53,twap60,,4.819,0.5195,0.620,0.630,1275.99,0.370,0.380,316.97,0.07,5,316.97,958.63,4053.58,0.0004957,0.0009624,-0.0022776
1790624565.4,1790624400,165.4,134.6,83186.03,chainlink,83196.53,twap60,,4.819,0.4114,0.490,0.500,284.44,0.500,0.510,85.00,0.07,5,95.00,901.78,2033.41,-0.0001753,0.0002090,-0.0017167
1790624580.4,1790624400,180.4,119.6,83209.54,chainlink,83196.53,twap60,,4.819,0.6189,0.700,0.710,2246.94,0.290,0.300,70.00,0.07,5,70.00,663.23,3889.09,0.0002870,0.0003823,-0.0010189
1790624595.4,1790624400,195.4,104.6,83259.54,chainlink,83196.53,twap60,,4.819,0.9481,0.850,0.860,35.00,0.140,0.150,777.79,0.07,5,777.79,1978.42,920.00,0.0005695,0.0012232,-0.0002682
1790624610.4,1790624400,210.4,89.6,83246.30,chainlink,83196.53,twap60,,4.819,0.9288,0.910,0.920,247.39,0.080,0.090,167.37,0.07,5,167.37,1508.27,1794.83,-0.0000266,0.0005490,-0.0000285
1790624625.4,1790624400,225.4,74.6,83248.93,chainlink,83196.53,twap60,,4.819,0.9678,0.940,0.950,79.73,0.050,0.060,1158.08,0.07,5,1158.08,2490.66,3241.94,0.0000378,0.0007602,-0.0000420
1790624640.5,1790624400,240.5,59.5,83238.78,chainlink,83196.53,twap60,83238.69,4.819,0.9763,0.970,0.980,1455.37,0.020,0.030,493.66,0.07,5,493.66,1249.66,3152.58,-0.0000904,0.0003202,0.0003035
1790624655.5,1790624400,255.5,44.5,83228.46,chainlink,83196.53,twap60,83231.27,4.819,0.9911,0.990,,,,0.010,9997.09,0.07,5,9997.09,14771.74,,-0.0001228,-0.0002410,0.0001012
1790624670.5,1790624400,270.5,29.5,83282.64,chainlink,83196.53,twap60,83241.73,4.819,0.9990,0.990,,,,0.010,50573.04,0.07,5,50573.04,55421.99,,0.0006598,0.0004427,0.0010570
1790624685.5,1790624400,285.5,14.5,83296.24,chainlink,83196.53,twap60,83259.89,4.819,0.9990,0.990,,,,0.010,51039.91,0.07,5,51039.91,55918.86,,0.0000846,0.0005997,0.0014794
1790624715.6,1790624700,15.6,284.4,83297.69,chainlink,83265.23,twap60,,5.637,0.6437,0.630,0.640,1161.84,0.360,0.370,167.00,0.07,5,167.00,1486.40,5135.38,0.0001899,0.0008405,0.0014964
1790624730.6,1790624700,30.6,269.4,83311.09,chainlink,83265.23,twap60,,5.637,0.7044,0.690,0.700,329.00,0.300,0.310,235.00,0.07,5,289.66,3228.64,1150.00,0.0001660,0.0002628,0.0021117
1790624745.6,1790624700,45.6,254.4,83330.48,chainlink,83265.23,twap60,,5.637,0.7854,0.790,0.800,188.00,0.200,0.210,1683.30,0.07,5,1689.31,3572.45,3319.98,0.0003018,0.0004107,0.0025872
1790624760.6,1790624700,60.6,239.4,83325.45,chainlink,83265.23,twap60,,5.637,0.7753,0.850,0.860,680.49,0.140,0.150,106.76,0.07,5,106.76,2526.58,4089.51,-0.0000257,0.0005231,0.0029321
1790624775.7,1790624700,75.7,224.3,83345.63,chainlink,83265.23,twap60,,5.637,0.8532,0.840,0.850,1028.50,0.150,0.160,160.00,0.07,5,135.00,1591.13,2913.43,0.0001883,0.0005805,0.0024826
1790624790.7,1790624700,90.7,209.3,83343.28,chainlink,83265.23,twap60,,5.637,0.8563,0.860,0.870,1154.27,0.130,0.140,21.63,0.07,5,21.63,1035.53,6046.10,-0.0000279,0.0004553,0.0026951
1790624805.7,1790624700,105.7,194.3,83316.18,chainlink,83265.23,twap60,,5.637,0.7666,0.740,0.750,40.00,0.250,0.260,657.50,0.07,5,657.50,3057.50,1074.40,-0.0003407,-0.0001369,0.0017723
1790624820.7,1790624700,120.7,179.3,83321.55,chainlink,83265.23,twap60,,5.637,0.8014,0.770,0.780,85.00,0.220,0.230,317.00,0.07,5,322.00,2331.36,2406.29,0.0000984,-0.0001007,0.0017276
1790624835.8,1790624700,135.8,164.2,83316.14,chainlink,83265.23,twap60,,5.637,0.7911,0.730,0.750,88.00,0.250,0.270,10.00,0.07,5,10.00,203.00,1085.79,-0.0000453,-0.0003536,0.0019028
1790624850.8,1790624700,150.8,149.2,83306.13,chainlink,83265.23,twap60,,5.637,0.7562,0.770,0.780,1754.89,0.220,0.230,58.00,0.07,5,58.00,2795.61,3039.36,-0.0001173,-0.0004613,0.0012674
1790624865.8,1790624700,165.8,134.2,83319.32,chainlink,83265.23,twap60,,5.637,0.8385,0.840,0.850,729.93,0.150,0.160,156.00,0.07,5,156.00,1596.00,2507.61,0.0001573,0.0000715,0.0016054
1790624880.8,1790624700,180.8,119.2,83308.65,chainlink,83265.23,twap60,,5.637,0.8066,0.670,0.680,45.00,0.320,0.330,18.00,0.07,5,18.00,232.00,2898.50,-0.0001130,-0.0001352,0.0011592
1790624895.8,1790624700,195.8,104.2,83278.77,chainlink,83265.23,twap60,,5.637,0.6178,0.510,0.520,30.00,0.480,0.490,1811.50,0.07,5,1811.50,3136.55,528.00,-0.0003586,-0.0004457,0.0003634
1790624910.9,1790624700,210.9,89.1,83249.03,chainlink,83265.23,twap60,,5.637,0.3409,0.330,0.340,229.85,0.660,0.670,376.34,0.07,5,376.34,2180.36,1696.03,-0.0003123,-0.0006867,0.0000391
1790624925.9,1790624700,225.9,74.1,83268.31,chainlink,83265.23,twap60,,5.637,0.5373,0.600,0.610,23.00,0.390,0.400,1687.96,0.07,5,1687.96,2696.36,309.00,0.0002311,-0.0005973,0.0002644
1790624940.9,1790624700,240.9,59.1,83247.79,chainlink,83265.23,twap60,83248.77,5.637,0.2397,0.210,0.220,160.00,0.780,0.790,211.00,0.07,5,211.00,1659.50,511.40,-0.0002618,-0.0007308,0.0001094
1790624955.9,1790624700,255.9,44.1,83246.72,chainlink,83265.23,twap60,83251.70,5.637,0.1394,0.070,0.080,115.00,0.920,0.930,94.40,0.07,5,94.40,649.40,211.11,-0.0000695,-0.0003401,0.0002284
1790624970.9,1790624700,270.9,29.1,83243.44,chainlink,83265.23,twap60,83252.89,5.637,0.0232,,0.010,7511.40,0.990,,,0.07,5,,,8368.30,-0.0000786,-0.0000677,-0.0005495
1790624986.0,1790624700,286.0,14.0,83260.72,chainlink,83265.23,twap60,83253.33,5.637,0.0010,,0.010,17168.09,0.990,,,0.07,5,,,18627.09,0.0002143,-0.0001064,-0.0004268
1790625015.0,1790625000,15.0,285.0,83251.58,chainlink,83253.17,twap60,,5.598,0.4928,0.520,0.530,41.00,0.470,0.480,1291.30,0.07,5,1291.30,4221.28,2197.00,-0.0000146,0.0000192,-0.0005486
1790625030.0,1790625000,30.0,270.0,83280.31,chainlink,83253.17,twap60,,5.598,0.6254,0.650,0.660,1338.02,0.340,0.350,30.00,0.07,5,30.00,1087.16,2587.88,0.0003471,0.0004495,-0.0003005
1790625045.0,1790625000,45.0,255.0,83278.80,chainlink,83253.17,twap60,,5.598,0.6226,0.650,0.660,1640.70,0.340,0.350,8.85,0.07,5,8.85,777.85,3056.75,-0.0001070,0.0002168,-0.0005857
1790625060.1,1790625000,60.1,239.9,83283.38,chainlink,83253.17,twap60,,5.598,0.6487,0.620,0.630,76.14,0.370,0.380,30.00,0.07,5,30.00,197.52,3461.28,0.0000272,0.0003673,-0.0005589
1790625075.1,1790625000,75.1,224.9,83286.52,chainlink,83253.17,twap60,,5.598,0.6694,0.710,0.720,744.76,0.280,0.290,54.93,0.07,5,54.93,1133.79,5177.30,0.0000311,0.0004217,-0.0007092
1790625090.1,1790625000,90.1,209.9,83288.24,chainlink,83253.17,twap60,,5.598,0.6847,0.750,0.760,40.00,0.240,0.250,288.00,0.07,5,288.00,2303.13,606.72,0.0000359,0.0000063,-0.0006760
1790625105.1,1790625000,105.1,194.9,83344.61,chainlink,83253.17,twap60,,5.598,0.9054,0.910,0.920,305.16,0.080,0.090,1048.00,0.07,5,1048.00,3072.47,2773.41,0.0006776,0.0007621,0.0003750
1790625120.2,1790625000,120.2,179.8,83345.63,chainlink,83253.17,twap60,,5.598,0.9188,0.920,0.930,34.70,0.070,0.080,778.67,0.07,5,778.67,4784.62,3617.33,0.0000112,0.0007406,0.0003086
1790625135.2,1790625000,135.2,164.8,83345.00,chainlink,83253.17,twap60,,5.598,0.9290,0.930,0.940,396.00,0.060,0.070,222.15,0.07,5,222.15,2116.21,4176.33,-0.0000079,0.0007171,0.0003492
1790625150.2,1790625000,150.2,149.8,83351.32,chainlink,83253.17,twap60,,5.598,0.9529,0.950,0.960,180.00,0.040,0.050,534.70,0.07,5,534.70,3886.60,15048.54,0.0000745,0.0007581,0.0005412
1790625165.2,1790625000,165.2,134.8,83351.12,chainlink,83253.17,twap60,,5.598,0.9639,0.960,0.970,295.72,0.030,0.040,1105.11,0.07,5,1105.11,6284.79,7949.15,-0.0000058,0.0000770,0.0003967
1790625180.2,1790625000,180.2,119.8,83364.25,chainlink,83253.17,twap60,,5.598,0.9869,0.980,0.990,1386.48,0.010,0.020,1741.46,0.07,5,1741.46,8215.17,1386.48,0.0001292,0.0002231,0.0006673
1790625195.3,1790625000,195.3,104.7,83367.85,chainlink,83253.17,twap60,,5.598,0.9946,0.990,,,,0.010,9404.11,0.07,5,9404.11,12259.74,,0.0000435,0.0002728,0.0011139
1790625210.3,1790625000,210.3,89.7,83358.69,chainlink,83253.17,twap60,,5.598,0.9962,0.990,,,,0.010,9301.21,0.07,5,9301.21,13136.41,,-0.0001166,0.0000851,0.0013159
1790625225.3,1790625000,225.3,74.7,83350.03,chainlink,83253.17,twap60,,5.598,0.9983,0.990,,,,0.010,10869.81,0.07,5,10869.81,15332.60,,-0.0000984,-0.0000414,0.0009657
1790625240.3,1790625000,240.3,59.7,83361.14,chainlink,83253.17,twap60,83361.14,5.598,0.9990,0.990,,,,0.010,30431.97,0.07,5,30431.97,34250.04,,0.0001440,-0.0000370,0.0013040
1790625255.3,1790625000,255.3,44.7,83361.40,chainlink,83253.17,twap60,83366.34,5.598,0.9990,0.990,,,,0.010,46459.45,0.07,5,46459.45,50552.59,,0.0000037,-0.0000841,0.0013375
1790625270.4,1790625000,270.4,29.6,83365.00,chainlink,83253.17,twap60,83363.79,5.598,0.9990,0.990,,,,0.010,78740.31,0.07,5,78740.31,82523.21,,0.0000726,0.0000811,0.0014659
1790625285.4,1790625000,285.4,14.6,83352.16,chainlink,83253.17,twap60,83363.04,5.598,0.9990,0.990,,,,0.010,78613.40,0.07,5,78613.40,82351.30,,-0.0001583,0.0000363,0.0010974
1790625315.4,1790625300,15.4,284.6,83365.58,chainlink,83358.64,twap60,,5.628,0.5314,0.510,0.520,293.00,0.480,0.490,288.17,0.07,5,288.17,3485.10,2949.78,0.0004062,0.0000796,0.0013705
1790625330.5,1790625300,30.5,269.5,83348.35,chainlink,83358.64,twap60,,5.628,0.4520,0.420,0.430,134.88,0.570,0.580,1702.14,0.07,5,1702.14,4935.79,1341.12,-0.0002031,-0.0002041,0.0007278
1790625345.5,1790625300,45.5,254.5,83349.50,chainlink,83358.64,twap60,,5.628,0.4559,0.460,0.470,911.19,0.530,0.540,107.72,0.07,5,107.72,836.10,4839.02,0.0000272,-0.0000308,0.0008207
1790625360.5,1790625300,60.5,239.5,83332.85,chainlink,83358.64,twap60,,5.628,0.3728,0.350,0.360,251.45,0.640,0.650,433.00,0.07,5,433.00,3703.65,2978.97,-0.0002020,0.0000135,0.0005872
1790625375.5,1790625300,75.5,224.5,83332.03,chainlink,83358.64,twap60,,5.628,0.3639,0.350,0.360,60.00,0.640,0.650,704.68,0.07,5,704.68,4287.68,2571.06,-0.0000019,-0.0003990,0.0005615
1790625390.5,1790625300,90.5,209.5,83345.91,chainlink,83358.64,twap60,,5.628,0.4311,0.500,0.510,804.91,0.490,0.500,403.70,0.07,5,75.00,1479.72,3419.19,0.0001543,-0.0000158,0.0006932
1790625405.6,1790625300,105.6,194.4,83352.37,chainlink,83358.64,twap60,,5.628,0.4643,0.450,0.460,140.00,0.540,0.550,1498.52,0.07,5,1498.52,3699.71,862.00,-0.0000162,0.0000322,0.0000921
1790625420.6,1790625300,120.6,179.4,83358.27,chainlink,83358.64,twap60,,5.628,0.4978,0.510,0.520,496.28,0.480,0.490,114.99,0.07,5,114.99,1757.15,2369.05,0.0000622,0.0003130,0.0001514
1790625435.6,1790625300,135.6,164.4,83360.54,chainlink,83358.64,twap60,,5.628,0.5121,0.520,0.530,51.00,0.470,0.480,1155.00,0.07,5,1155.00,3276.57,751.00,0.0000267,0.0003298,0.0001851
1790625450.6,1790625300,150.6,149.4,83359.44,chainlink,83358.64,twap60,,5.628,0.5054,0.500,0.510,5.00,0.490,0.500,1856.91,0.07,5,1856.91,4703.37,1376.00,0.0000109,0.0000685,0.0000940
1790625465.6,1790625300,165.6,134.4,83340.47,chainlink,83358.64,twap60,,5.628,0.3698,0.320,0.330,469.54,0.670,0.680,131.44,0.07,5,131.44,1831.54,3347.54,-0.0002214,-0.0001515,-0.0001561
1790625480.7,1790625300,180.7,119.3,83348.47,chainlink,83358.64,twap60,,5.628,0.4197,0.360,0.370,887.46,0.630,0.640,5.00,0.07,5,5.00,2842.94,2172.27,0.0000950,-0.0001181,-0.0001889
1790625495.7,1790625300,195.7,104.3,83351.39,chainlink,83358.64,twap60,,5.628,0.4363,0.470,0.480,729.03,0.520,0.530,60.00,0.07,5,60.00,992.20,2622.74,0.0000396,-0.0000856,-0.0002042
1790625510.7,1790625300,210.7,89.3,83353.19,chainlink,83358.64,twap60,,5.628,0.4452,0.420,0.430,385.04,0.570,0.580,137.00,0.07,5,137.00,847.03,2370.04,0.0000157,-0.0000688,-0.0000606
1790625525.7,1790625300,225.7,74.3,83366.07,chainlink,83358.64,twap60,,5.628,0.5892,0.770,0.780,78.00,0.220,0.230,652.35,0.07,5,652.35,3235.39,2573.50,0.0001607,0.0003061,0.0002031
1790625540.7,1790625300,240.7,59.3,83389.35,chainlink,83358.64,twap60,83389.59,5.628,0.8930,0.950,0.960,1997.64,0.040,0.050,28.00,0.07,5,28.00,1174.00,4877.82,0.0002766,0.0004948,0.0003389
1790625555.8,1790625300,255.8,44.2,83366.84,chainlink,83358.64,twap60,83370.63,5.628,0.7180,0.850,0.860,50.00,0.140,0.150,215.33,0.07,5,215.33,1448.33,705.00,-0.0002879,0.0001794,0.0000947
1790625570.8,1790625300,270.8,29.2,83359.70,chainlink,83358.64,twap60,83367.08,5.628,0.7146,0.970,0.980,998.55,0.020,0.030,55.00,0.07,5,55.00,532.66,2450.55,-0.0000761,0.0000843,-0.0000679
1790625585.8,1790625300,285.8,14.2,83378.06,chainlink,83358.64,twap60,83370.15,5.628,0.9990,0.990,,,,0.010,31990.54,0.07,5,32000.54,35846.34,,0.0002045,0.0001413,0.0003119
1790625615.8,1790625600,15.8,284.2,83373.74,chainlink,83372.17,twap60,,5.667,0.5071,0.530,0.540,18.00,0.460,0.470,1015.61,0.07,5,1015.61,4536.61,821.08,0.0002274,0.0000923,0.0001014
1790625630.8,1790625600,30.8,269.2,83388.36,chainlink,83372.17,twap60,,5.667,0.5748,0.600,0.610,110.00,0.390,0.400,347.99,0.07,5,337.99,3658.37,2172.73,0.0001712,0.0003280,0.0004934
1790625645.9,1790625600,45.9,254.1,83382.25,chainlink,83372.17,twap60,,5.667,0.5484,0.610,0.620,21.00,0.380,0.390,492.63,0.07,5,492.63,3722.29,1074.38,-0.0000736,0.0000528,0.0003907
1790625660.9,1790625600,60.9,239.1,83374.61,chainlink,83372.17,twap60,,5.667,0.5121,0.520,0.530,1411.00,0.470,0.480,62.00,0.07,5,62.00,1112.42,4568.76,-0.0000928,0.0002377,0.0005089
1790625675.9,1790625600,75.9,224.1,83318.48,chainlink,83372.17,twap60,,5.667,0.2425,0.340,0.350,251.00,0.650,0.660,586.39,0.07,5,581.39,2662.91,1666.00,-0.0006813,-0.0006672,-0.0001749
1790625690.9,1790625600,90.9,209.1,83362.22,chainlink,83372.17,twap60,,5.667,0.4463,0.470,0.480,1743.40,0.520,0.530,82.17,0.07,5,72.17,641.16,4824.51,0.0004299,-0.0003139,0.0001019
1790625705.9,1790625600,105.9,194.1,83276.84,chainlink,83372.17,twap60,,5.667,0.0877,0.050,0.060,63.00,0.940,0.950,1412.17,0.07,5,1412.17,6339.37,1582.41,-0.0010292,-0.0012660,-0.0009152
1790625721.0,1790625600,121.0,179.0,83261.25,chainlink,83372.17,twap60,,5.667,0.0485,0.070,0.080,1337.88,0.920,0.930,231.37,0.07,5,231.37,1631.14,4641.43,0.0000656,-0.0013684,-0.0011651
1790625736.0,1790625600,136.0,164.0,83249.56,chainlink,83372.17,twap60,,5.667,0.0260,0.060,0.070,321.00,0.930,0.940,525.05,0.07,5,525.05,3784.12,3951.03,0.0000094,-0.0009224,-0.0013081
1790625751.0,1790625600,151.0,149.0,83289.74,chainlink,83372.17,twap60,,5.667,0.0818,0.080,0.090,757.51,0.910,0.920,95.00,0.07,5,95.00,3399.30,3940.38,0.0004351,-0.0008759,-0.0008355
1790625765.0,1790625600,165.0,135.0,83305.19,chainlink,83372.17,twap60,,5.667,0.1126,0.110,0.120,524.00,0.880,0.890,276.25,0.07,5,276.25,2074.08,2802.13,0.0002317,0.0005932,-0.0004244
1790625780.0,1790625600,180.0,120.0,83325.03,chainlink,83372.17,twap60,,5.667,0.1761,0.200,0.210,320.69,0.790,0.800,295.00,0.07,5,185.00,1716.35,3751.12,0.0002461,0.0009155,-0.0002768
1790625795.1,1790625600,195.1,104.9,83362.67,chainlink,83372.17,twap60,,5.667,0.4176,0.440,0.450,623.49,0.550,0.560,80.00,0.07,5,25.00,1024.02,2739.88,0.0004453,0.0013293,0.0001294
1790625810.1,1790625600,210.1,89.9,83374.85,chainlink,83372.17,twap60,,5.667,0.5267,0.640,0.700,119.65,0.300,0.360,308.00,0.07,5,308.00,1214.00,426.27,0.0001443,0.0010676,0.0002660
1790625825.1,1790625600,225.1,74.9,83383.50,coinbase,83372.17,twap60,,5.667,0.6325,0.340,0.350,414.53,0.650,0.660,5.00,0.07,5,5.00,70.00,1979.53,0.0000443,0.0009859,0.0001596
1790625840.1,1790625600,240.1,59.9,83366.19,coinbase,83372.17,twap60,83374.85,5.667,0.4067,0.190,0.200,60.00,0.800,0.810,206.00,0.07,5,206.00,1875.50,164.71,-0.0002076,0.0004824,-0.0003375
1790625855.2,1790625600,255.2,44.8,83367.60,chainlink,83372.17,twap60,83361.72,5.667,0.3559,0.690,0.700,346.66,0.300,0.310,244.59,0.07,5,114.84,409.90,841.39,,0.0000574,0.0000186
1790625870.2,1790625600,270.2,29.8,83398.96,chainlink,83372.17,twap60,83374.79,5.667,0.9502,0.980,0.990,1359.92,0.010,0.020,829.52,0.07,5,829.52,3886.32,1359.92,0.0003706,0.0002890,0.0004550
1790625885.2,1790625600,285.2,14.8,83440.90,chainlink,83372.17,twap60,83389.64,5.667,0.9990,0.990,,,,0.010,61682.87,0.07,5,61682.87,64847.48,,0.0004961,,0.0007558
1790625915.2,1790625900,15.2,284.8,83455.76,chainlink,83402.01,twap60,,6.319,0.7067,0.740,0.750,24.79,0.250,0.260,1802.72,0.07,5,1802.72,5137.05,983.41,0.0001052,0.0010515,0.0009791
1790625930.3,1790625900,30.3,269.7,83479.33,chainlink,83402.01,twap60,,6.319,0.7902,0.830,0.840,137.80,0.160,0.170,510.09,0.07,5,510.09,3705.59,1953.86,0.0002755,0.0009565,0.0010899
1790625945.3,1790625900,45.3,254.7,83482.83,chainlink,83402.01,twap60,,6.319,0.8086,0.840,0.850,183.57,0.150,0.160,2294.13,0.07,5,2294.13,4357.27,637.57,-0.0000655,0.0005097,0.0012045
1790625960.3,1790625900,60.3,239.7,83485.05,chainlink,83402.01,twap60,,6.319,0.8238,0.810,0.820,30.20,0.180,0.190,1534.44,0.07,5,1534.44,4226.00,492.11,0.0000227,0.0004562,0.0013159
1790625975.3,1790625900,75.3,224.7,83473.81,chainlink,83402.01,twap60,,6.319,0.7985,0.820,0.830,15.00,0.170,0.180,1960.63,0.07,5,1960.63,4378.66,1977.13,-0.0000856,0.0002094,0.0017677
1790625990.3,1790625900,90.3,209.7,83465.55,chainlink,83402.01,twap60,,6.319,0.7799,0.870,0.880,90.12,0.120,0.130,938.02,0.07,5,938.02,5186.76,1421.43,-0.0001106,-0.0002726,0.0012342
1790626005.4,1790625900,105.4,194.6,83490.34,chainlink,83402.01,twap60,,6.319,0.8695,0.900,0.910,213.66,0.090,0.100,1260.02,0.07,5,1260.02,4826.40,1990.14,0.0002121,0.0000861,0.0028133
1790626020.4,1790625900,120.4,179.6,83504.70,chainlink,83402.01,twap60,,6.319,0.9155,0.930,0.940,872.77,0.060,0.070,205.04,0.07,5,205.04,2606.57,5014.23,0.0001772,0.0002844,0.0030694
1790626035.4,1790625900,135.4,164.6,83503.30,chainlink,83402.01,twap60,,6.319,0.9245,0.940,0.950,130.57,0.050,0.060,1192.57,0.07,5,1192.57,4470.85,5205.59,-0.0000275,0.0003416,0.0030149
1790626050.4,1790625900,150.4,149.6,83514.18,chainlink,83402.01,twap60,,6.319,0.9550,0.970,0.980,316.95,0.020,0.030,1610.29,0.07,5,1610.29,6136.46,7441.56,0.0001497,0.0004975,0.0027372
1790626065.4,1790625900,165.4,134.6,83511.70,chainlink,83402.01,twap60,,6.319,0.9629,0.980,0.990,6604.05,0.010,0.020,299.00,0.07,5,349.00,2498.82,6604.05,-0.0000416,0.0002610,0.0024838
1790626080.5,1790625900,180.5,119.5,83523.50,chainlink,83402.01,twap60,,6.319,0.9844,0.990,,,,0.010,12711.08,0.07,5,12711.08,16600.39,,0.0001493,0.0002144,0.0023727
1790626095.5,1790625900,195.5,104.5,83526.04,chainlink,83402.01,twap60,,6.319,0.9927,0.990,,,,0.010,12626.55,0.07,5,12626.55,17256.13,,0.0000242,0.0002917,0.0019560
1790626110.5,1790625900,210.5,89.5,83520.32,chainlink,83402.01,twap60,,6.319,0.9961,0.990,,,,0.010,13532.59,0.07,5,13532.59,18375.57,,-0.0001012,0.0000616,0.0017432
1790626125.5,1790625900,225.5,74.5,83523.94,chainlink,83402.01,twap60,,6.319,0.9990,0.990,,,,0.010,14413.23,0.07,5,14413.23,19337.03,,0.0000138,0.0001546,
1790626140.5,1790625900,240.5,59.5,83530.71,chainlink,83402.01,twap60,83531.28,6.319,0.9990,0.999,,,,0.001,12334.30,0.07,5,12334.30,40743.25,,0.0000778,0.0000802,
1790626155.5,1790625900,255.5,44.5,83527.62,chainlink,83402.01,twap60,83529.88,6.319,0.9990,0.999,,,,0.001,14436.09,0.07,5,14436.09,53055.16,,-0.0000396,-0.0000137,0.0019122
1790626170.6,1790625900,270.6,29.4,83531.54,chainlink,83402.01,twap60,83529.68,6.319,0.9990,0.999,,,,0.001,14763.50,0.07,5,14763.50,77602.18,,0.0000368,0.0001047,0.0015818
1790626185.6,1790625900,285.6,14.4,83534.32,chainlink,83402.01,twap60,83530.55,6.319,0.9990,0.999,,,,0.001,22655.46,0.07,5,22655.46,85449.76,,0.0000327,0.0001209,0.0011262
1790626215.6,1790626200,15.6,284.4,83543.72,chainlink,83530.37,twap60,,6.160,0.5551,0.560,0.580,605.36,0.420,0.440,90.00,0.07,5,90.00,1130.00,1778.12,0.0001112,0.0001826,0.0010466
1790626230.6,1790626200,30.6,269.4,83535.12,chainlink,83530.37,twap60,,6.160,0.5203,0.570,0.580,48.00,0.420,0.430,260.00,0.07,5,260.00,3067.05,1903.00,-0.0001432,0.0000423,0.0005606
1790626245.7,1790626200,45.7,254.3,83541.52,chainlink,83530.37,twap60,,6.160,0.5492,0.590,0.600,380.20,0.400,0.410,168.00,0.07,5,168.00,959.80,4057.77,0.0000767,0.0001434,0.0006988
1790626260.7,1790626200,60.7,239.3,83545.73,chainlink,83530.37,twap60,,6.160,0.5701,0.580,0.590,731.05,0.410,0.420,15.00,0.07,5,15.00,20.00,2715.95,0.0000501,0.0001353,0.0007756
1790626275.7,1790626200,75.7,224.3,83547.71,chainlink,83530.37,twap60,,6.160,0.5821,0.700,0.710,889.41,0.290,0.300,15.00,0.07,5,15.00,873.00,3475.18,0.0000234,0.0000075,0.0008733
1790626290.7,1790626200,90.7,209.3,83559.01,chainlink,83530.37,twap60,,6.160,0.6396,0.710,0.720,106.84,0.280,0.290,1514.57,0.07,5,1514.57,2453.78,1094.53,0.0000328,0.0002860,0.0010342
1790626305.7,1790626200,105.7,194.3,83565.75,chainlink,83530.37,twap60,,6.160,0.6781,0.720,0.730,152.92,0.270,0.280,485.22,0.07,5,485.22,2761.73,1075.78,0.0000806,0.0002897,0.0009080
1790626320.8,1790626200,120.8,179.2,83551.83,chainlink,83530.37,twap60,,6.160,0.6161,0.580,0.590,41.00,0.410,0.430,48.00,0.07,5,82.00,339.00,481.00,-0.0001227,0.0000727,0.0005535
1790626335.8,1790626200,135.8,164.2,83526.17,chainlink,83530.37,twap60,,6.160,0.4756,0.470,0.480,154.89,0.520,0.530,817.21,0.07,5,817.21,2015.99,1390.89,-0.0003061,-0.0003603,0.0002933
1790626350.8,1790626200,150.8,149.2,83506.37,chainlink,83530.37,twap60,,6.160,0.3546,0.330,0.340,697.75,0.660,0.670,8.40,0.07,5,8.40,890.41,2299.75,-0.0002355,-0.0006303,-0.0001054
1790626365.8,1790626200,165.8,134.2,83509.40,chainlink,83530.37,twap60,,6.160,0.3629,0.320,0.330,357.80,0.670,0.680,214.50,0.07,5,214.50,1484.17,1774.53,0.0000363,-0.0006306,-0.0000195
1790626380.8,1790626200,180.8,119.2,83510.26,chainlink,83530.37,twap60,,6.160,0.3568,0.500,0.510,164.07,0.490,0.500,35.53,0.07,5,40.53,210.53,594.86,-0.0000033,-0.0004965,-0.0001646
1790626395.9,1790626200,195.9,104.1,83527.85,chainlink,83530.37,twap60,,6.160,0.4797,0.610,0.660,63.77,0.340,0.390,100.00,0.07,5,100.00,1671.28,128.77,0.0002108,0.0000218,-0.0000110
1790626410.9,1790626200,210.9,89.1,83529.63,chainlink,83530.37,twap60,,6.160,0.4932,0.630,0.640,35.00,0.360,0.370,70.00,0.07,5,55.00,434.00,110.00,0.0000196,0.0002786,0.0000819
1790626425.9,1790626200,225.9,74.1,83546.35,chainlink,83530.37,twap60,,6.160,0.6716,0.830,0.840,82.04,0.160,0.170,50.02,0.07,5,50.02,555.25,3201.04,0.0001986,0.0004288,0.0002650
1790626440.9,1790626200,240.9,59.1,83545.21,chainlink,83530.37,twap60,83545.21,6.160,0.7093,0.930,0.940,1594.53,0.060,0.070,56.75,0.07,5,56.75,66.75,3485.59,-0.0000173,0.0004186,0.0001709
1790626456.0,1790626200,256.0,44.0,83540.29,chainlink,83530.37,twap60,83541.38,6.160,0.7222,0.890,0.900,504.23,0.100,0.110,150.00,0.07,5,150.00,528.34,1699.23,-0.0000581,0.0001472,0.0001416
1790626471.0,1790626200,271.0,29.0,83534.01,chainlink,83530.37,twap60,83537.00,6.160,0.7120,0.970,0.980,856.12,0.020,0.030,287.32,0.07,5,287.32,699.62,2651.31,0.0000073,0.0000508,0.0000290
1790626486.0,1790626200,286.0,14.0,83535.28,chainlink,83530.37,twap60,83536.83,6.160,0.9752,0.990,,,,0.010,4099.13,0.07,5,4099.13,10003.21,,-0.0000278,-0.0001361,0.0000688
1790626515.0,1790626500,15.0,285.0,83514.87,chainlink,83536.84,twap60,,6.123,0.4093,0.350,0.360,737.66,0.640,0.650,317.20,0.07,5,322.20,1846.69,3828.53,-0.0002336,-0.0002218,-0.0003856
1790626530.1,1790626500,30.1,269.9,83521.90,chainlink,83536.84,twap60,,6.123,0.4360,0.390,0.400,1428.25,0.600,0.610,57.75,0.07,5,57.75,2792.58,4680.59,0.0000931,-0.0001881,-0.0001582
1790626545.1,1790626500,45.1,254.9,83495.54,chainlink,83536.84,twap60,,6.123,0.3227,0.240,0.250,585.50,0.750,0.760,164.68,0.07,5,164.68,1628.54,2978.18,-0.0003160,-0.0004814,-0.0005508
1790626560.2,1790626500,60.2,239.8,83503.13,chainlink,83536.84,twap60,,6.123,0.3484,0.240,0.250,177.32,0.750,0.760,42.96,0.07,5,42.96,1153.96,3145.73,0.0000818,-0.0003743,-0.0005104
1790626575.2,1790626500,75.2,224.8,83478.69,chainlink,83536.84,twap60,,6.123,0.2424,0.100,0.110,1532.20,0.890,0.900,79.74,0.07,5,79.74,1254.88,5343.83,-0.0002923,-0.0004243,-0.0009289
1790626590.2,1790626500,90.2,209.8,83454.75,chainlink,83536.84,twap60,,6.123,0.1518,0.070,0.080,239.24,0.920,0.930,380.90,0.07,5,380.90,2568.73,3595.50,-0.0002037,-0.0008046,-0.0012486
1790626605.2,1790626500,105.2,194.8,83461.73,chainlink,83536.84,twap60,,6.123,0.1621,0.050,0.060,243.92,0.940,0.950,465.54,0.07,5,465.54,5522.40,4407.58,0.0000687,-0.0004140,-0.0012016
1790626620.2,1790626500,120.2,179.8,83450.47,chainlink,83536.84,twap60,,6.123,0.1164,0.030,0.040,278.00,0.960,0.970,771.24,0.07,5,716.24,12719.42,2861.66,-0.0000773,-0.0006304,-0.0012127
1790626635.3,1790626500,135.3,164.7,83448.92,chainlink,83536.84,twap60,,6.123,0.0993,0.030,0.040,460.40,0.960,0.970,607.04,0.07,5,607.04,10242.55,4841.12,-0.0000153,-0.0002736,-0.0009237
1790626650.3,1790626500,150.3,149.7,83448.91,chainlink,83536.84,twap60,,6.123,0.0852,0.030,0.040,813.26,0.960,0.970,285.84,0.07,5,285.84,4951.97,2239.75,-0.0000044,-0.0000849,-0.0006883
1790626665.3,1790626500,165.3,134.7,83449.17,chainlink,83536.84,twap60,,6.123,0.0706,0.020,0.030,528.61,0.970,0.980,181.00,0.07,5,181.00,2587.57,2235.88,0.0000053,-0.0000930,-0.0007352
1790626680.3,1790626500,180.3,119.7,83441.84,chainlink,83536.84,twap60,,6.123,0.0411,,0.010,4418.46,0.990,,,0.07,5,,,7507.34,-0.0000790,-0.0001001,-0.0008194
1790626695.4,1790626500,195.4,104.6,83428.64,chainlink,83536.84,twap60,,6.123,0.0140,,0.010,12068.18,0.990,,,0.07,5,,,15047.06,-0.0001511,-0.0002473,-0.0011902
1790626710.4,1790626500,210.4,89.6,83441.45,chainlink,83536.84,twap60,,6.123,0.0135,,0.010,12822.83,0.990,,,0.07,5,,,16603.71,0.0001180,-0.0000872,-0.0010578
1790626725.4,1790626500,225.4,74.6,83440.02,chainlink,83536.84,twap60,,6.123,0.0036,,0.010,2193.40,0.990,,,0.07,5,,,4532.16,-0.0000165,-0.0001009,-0.0012772
1790626740.4,1790626500,240.4,59.6,83452.95,chainlink,83536.84,twap60,83453.39,6.123,0.0010,,0.010,13389.51,0.990,,,0.07,5,,,15308.33,0.0001578,0.0001402,-0.0011041
1790626755.4,1790626500,255.4,44.6,83457.53,chainlink,83536.84,twap60,83455.89,6.123,0.0010,,0.010,24294.60,0.990,,,0.07,5,,,26287.34,0.0000488,0.0003107,-0.0009087
1790626770.4,1790626500,270.4,29.6,83468.87,chainlink,83536.84,twap60,83462.69,6.123,0.0010,,0.001,13080.14,0.999,,,0.07,5,,,67916.24,0.0001105,0.0003293,-0.0008231
1790626785.5,1790626500,285.5,14.5,83464.28,chainlink,83536.84,twap60,83462.99,6.123,0.0010,,0.001,22098.15,0.999,,,0.07,5,,,77476.62,-0.0000247,0.0002935,-0.0008559
1790626815.5,1790626800,15.5,284.5,83487.45,chainlink,83463.85,twap60,,6.118,0.5974,0.750,0.760,270.14,0.240,0.250,501.70,0.07,5,501.70,1820.70,3145.28,0.0001139,0.0003330,-0.0003194
1790626830.5,1790626800,30.5,269.5,83495.80,chainlink,83463.85,twap60,,6.118,0.6349,0.720,0.730,166.06,0.270,0.280,336.62,0.07,5,336.62,2609.20,1617.50,0.0000485,0.0003529,-0.0003129
1790626845.5,1790626800,45.5,254.5,83498.80,chainlink,83463.85,twap60,,6.118,0.6518,0.720,0.730,23.43,0.270,0.280,1509.73,0.07,5,1509.73,4323.12,1650.88,0.0000361,0.0004161,0.0000300
1790626860.6,1790626800,60.6,239.4,83491.88,chainlink,83463.85,twap60,,6.118,0.6272,0.690,0.700,153.37,0.300,0.310,1416.84,0.07,5,1416.84,4388.54,1543.35,-0.0000897,0.0001670,-0.0001343
1790626875.6,1790626800,75.6,224.4,83485.80,chainlink,83463.85,twap60,,6.118,0.6042,0.760,0.770,1662.11,0.230,0.240,27.00,0.07,5,27.00,427.00,3212.79,-0.0000704,-0.0000713,0.0001682
1790626890.6,1790626800,90.6,209.4,83489.71,chainlink,83463.85,twap60,,6.118,0.6273,0.730,0.740,188.36,0.260,0.270,334.90,0.07,5,354.44,2236.78,2122.72,0.0000286,-0.0000727,0.0004039
1790626905.6,1790626800,105.6,194.4,83490.83,chainlink,83463.85,twap60,,6.118,0.6387,0.730,0.740,95.00,0.260,0.270,1250.83,0.07,5,1250.83,4029.83,918.70,0.0000055,-0.0001023,0.0004062
1790626920.6,1790626800,120.6,179.4,83489.86,chainlink,83463.85,twap60,,6.118,0.6407,0.750,0.760,83.18,0.240,0.250,1137.77,0.07,5,1137.77,4271.27,1300.54,-0.0000106,-0.0000217,0.0004752
1790626935.7,1790626800,135.7,164.3,83484.20,chainlink,83463.85,twap60,,6.118,0.6173,0.660,0.670,553.50,0.330,0.340,98.47,0.07,5,98.47,2169.50,1464.58,-0.0000725,-0.0000375,0.0004184
1790626950.7,1790626800,150.7,149.3,83483.82,chainlink,83463.85,twap60,,6.118,0.6226,0.790,0.800,64.30,0.200,0.210,319.77,0.07,5,319.77,1186.56,2271.29,-0.0000074,-0.0000785,0.0004206
1790626965.7,1790626800,165.7,134.3,83481.94,coinbase,83463.85,twap60,,6.118,0.6196,0.730,0.740,81.02,0.260,0.270,161.45,0.07,5,361.13,2859.14,2536.70,-0.0000116,-0.0001770,0.0004449
1790626980.7,1790626800,180.7,119.3,83483.94,coinbase,83463.85,twap60,,6.118,0.6439,0.800,0.810,135.00,0.190,0.200,950.81,0.07,5,950.81,3430.40,755.00,0.0000240,-0.0001185,0.0005987
1790626995.7,1790626800,195.7,104.3,83490.14,chainlink,83463.85,twap60,,6.118,0.7041,0.810,0.820,355.35,0.180,0.190,127.14,0.07,5,127.14,821.32,1609.72,,0.0000683,0.0007014
1790627010.8,1790626800,210.8,89.2,83461.13,chainlink,83463.85,twap60,,6.118,0.4748,0.230,0.240,110.00,0.760,0.770,427.00,0.07,5,427.00,949.37,2028.40,-0.0003102,-0.0002719,0.0002365
1790627025.8,1790626800,225.8,74.2,83445.04,chainlink,83463.85,twap60,,6.118,0.2996,0.110,0.120,276.43,0.880,0.890,63.23,0.07,5,63.23,1600.23,1117.38,-0.0001296,,0.0000630
1790627040.8,1790626800,240.8,59.2,83444.74,chainlink,83463.85,twap60,83444.74,6.118,0.2381,0.060,0.070,7.22,0.930,0.940,400.18,0.07,5,405.18,3487.26,360.22,-0.0000047,,-0.0001044
1790627055.8,1790626800,255.8,44.2,83445.16,chainlink,83463.85,twap60,83442.21,6.118,0.1301,0.010,0.020,319.07,0.980,0.990,324.97,0.07,5,324.97,324.97,3147.07,0.0000041,-0.0005016,-0.0001737
1790627070.8,1790626800,270.8,29.2,83448.46,chainlink,83463.85,twap60,83444.75,6.118,0.0310,0.030,0.040,2277.50,0.960,0.970,21.00,0.07,5,21.00,1970.00,2277.50,0.0000090,-0.0000886,-0.0002142
1790627085.9,1790626800,285.9,14.1,83490.74,chainlink,83463.85,twap60,83457.16,6.118,0.6521,0.280,0.290,92.50,0.710,0.720,0.83,0.07,5,0.83,10.83,498.50,0.0004303,0.0005465,0.0003196
1790627115.9,1790627100,15.9,284.1,83505.61,chainlink,83465.43,twap60,,6.295,0.6586,0.720,0.730,638.58,0.270,0.280,147.28,0.07,5,147.28,2335.27,2972.58,-0.0000961,0.0006937,0.0001660
1790627130.9,1790627100,30.9,269.1,83509.34,chainlink,83465.43,twap60,,6.295,0.6775,0.790,0.800,371.20,0.200,0.210,986.84,0.07,5,1174.84,2999.04,1892.20,0.0000421,0.0006529,0.0001624
1790627146.0,1790627100,46.0,254.0,83514.20,chainlink,83465.43,twap60,,6.295,0.7018,0.800,0.810,518.20,0.190,0.200,1772.76,0.07,5,1772.76,3571.91,2433.97,0.0000574,0.0002877,0.0001776
1790627161.0,1790627100,61.0,239.0,83510.10,chainlink,83465.43,twap60,,6.295,0.6925,0.790,0.800,245.92,0.200,0.210,1657.10,0.07,5,1657.10,4218.76,1687.05,-0.0000493,-0.0000423,0.0002207
1790627175.0,1790627100,75.0,225.0,83501.41,chainlink,83465.43,twap60,,6.295,0.6628,0.780,0.790,368.00,0.210,0.220,179.28,0.07,5,186.74,3364.39,2043.26,-0.0000972,-0.0000528,0.0001688
1790627190.0,1790627100,90.0,210.0,83503.94,chainlink,83465.43,twap60,,6.295,0.6805,0.860,0.870,388.12,0.130,0.140,160.83,0.07,5,160.83,2074.82,2356.72,0.0000184,-0.0000655,0.0001624
1790627205.0,1790627100,105.0,195.0,83512.28,chainlink,83465.43,twap60,,6.295,0.7250,0.850,0.860,195.45,0.140,0.150,1585.59,0.07,5,1585.59,3350.19,1687.47,0.0000196,-0.0000232,0.0002578
1790627220.1,1790627100,120.1,179.9,83511.84,chainlink,83465.43,twap60,,6.295,0.7334,0.850,0.860,69.11,0.140,0.150,705.88,0.07,5,725.88,3088.06,1412.13,-0.0000072,0.0000276,0.0002586
1790627235.1,1790627100,135.1,164.9,83491.12,chainlink,83465.43,twap60,,6.295,0.6425,0.740,0.750,208.00,0.250,0.260,726.76,0.07,5,716.76,3018.76,1512.09,-0.0002443,-0.0001351,0.0000800
1790627250.1,1790627100,150.1,149.9,83489.65,chainlink,83465.43,twap60,,6.295,0.6432,0.780,0.790,300.67,0.210,0.220,337.00,0.07,5,337.00,2119.00,1925.52,-0.0000141,-0.0002514,0.0000698
1790627265.1,1790627100,165.1,134.9,83492.56,chainlink,83465.43,twap60,,6.295,0.6709,0.740,0.750,1683.00,0.250,0.260,90.00,0.07,5,90.00,684.52,2908.00,0.0000259,-0.0002380,
1790627280.2,1790627100,180.2,119.8,83490.17,chainlink,83465.43,twap60,,6.295,0.6700,0.770,0.780,90.58,0.220,0.230,202.00,0.07,5,202.00,2602.00,1717.45,-0.0000124,-0.0002557,
1790627295.2,1790627100,195.2,104.8,83488.26,chainlink,83465.43,twap60,,6.295,0.6738,0.820,0.830,60.88,0.170,0.180,532.76,0.07,5,537.76,1524.96,1298.47,-0.0000194,-0.0000307,0.0000148
1790627310.2,1790627100,210.2,89.8,83495.17,chainlink,83465.43,twap60,,6.295,0.7484,0.900,0.910,682.97,0.090,0.100,507.89,0.07,5,507.89,2867.09,2042.97,0.0000748,0.0000572,0.0004710
1790627325.2,1790627100,225.2,74.8,83495.30,chainlink,83465.43,twap60,,6.295,0.7895,0.960,0.970,322.10,0.030,0.040,549.70,0.07,5,549.70,1766.58,11549.60,0.0000012,0.0000490,0.0006010
1790627340.2,1790627100,240.2,59.8,83504.18,chainlink,83465.43,twap60,83504.18,6.295,0.9170,0.990,,,,0.010,7229.73,0.07,5,7229.73,8863.02,,0.0001067,0.0001713,0.0007112
1790627355.3,1790627100,255.3,44.7,83506.39,chainlink,83465.43,twap60,83505.56,6.295,0.9877,0.990,,,,0.010,23749.49,0.07,5,23749.49,25670.71,,0.0000079,0.0002091,0.0007030
1790627370.3,1790627100,270.3,29.7,83511.03,chainlink,83465.43,twap60,83507.20,6.295,0.9990,0.990,,,,0.010,61941.00,0.07,5,61946.05,63395.14,,0.0000608,0.0001897,0.0006733
1790627385.3,1790627100,285.3,14.7,83509.39,chainlink,83465.43,twap60,83508.01,6.295,0.9990,0.990,,,,0.010,68275.52,0.07,5,68275.52,69658.61,,-0.0000027,0.0001690,0.0002301
1790627415.3,1790627400,15.3,284.7,83426.23,chainlink,83497.48,twap60,,6.366,0.2371,0.180,0.190,1259.65,0.810,0.820,85.78,0.07,5,85.78,1947.19,4441.65,-0.0003068,-0.0009552,-0.0009535
1790627430.4,1790627400,30.4,269.6,83434.76,chainlink,83497.48,twap60,,6.366,0.2578,0.190,0.200,856.73,0.800,0.810,103.02,0.07,5,103.02,2761.04,3430.61,0.0000947,-0.0008967,-0.0008942
1790627445.4,1790627400,45.4,254.6,83430.87,chainlink,83497.48,twap60,,6.366,0.2375,0.190,0.200,548.83,0.800,0.810,313.61,0.07,5,313.61,1306.88,3245.54,-0.0000383,-0.0009566,-0.0009985
1790627460.4,1790627400,60.4,239.6,83435.50,chainlink,83497.48,twap60,,6.366,0.2454,0.190,0.200,1142.38,0.800,0.810,5.00,0.07,5,5.00,744.38,3848.07,0.0000498,-0.0001958,-0.0008869
1790627475.4,1790627400,75.4,224.6,83435.29,chainlink,83497.48,twap60,,6.366,0.2361,0.170,0.180,1510.40,0.820,0.830,42.76,0.07,5,42.76,989.41,4290.52,-0.0000056,0.0001011,-0.0008040
1790627490.4,1790627400,90.4,209.6,83444.75,chainlink,83497.48,twap60,,6.366,0.2624,0.200,0.210,294.89,0.790,0.800,1450.70,0.07,5,1400.70,2792.03,2521.89,0.0001132,0.0001281,-0.0007893
1790627505.5,1790627400,105.5,194.5,83460.81,chainlink,83497.48,twap60,,6.366,0.3216,0.280,0.290,171.87,0.710,0.720,348.12,0.07,5,328.12,1602.94,2791.95,0.0001869,0.0003531,-0.0006184
1790627520.5,1790627400,120.5,179.5,83458.81,chainlink,83497.48,twap60,,6.366,0.3036,0.220,0.230,375.20,0.770,0.780,3.71,0.07,5,3.71,960.38,3796.28,-0.0000443,0.0002762,-0.0006313
1790627535.5,1790627400,135.5,164.5,83474.24,chainlink,83497.48,twap60,,6.366,0.3718,0.320,0.330,278.00,0.670,0.680,317.99,0.07,5,317.99,1724.77,2835.19,0.0001876,0.0004665,-0.0001988
1790627550.5,1790627400,150.5,149.5,83474.20,chainlink,83497.48,twap60,,6.366,0.3634,0.310,0.320,1836.72,0.680,0.690,402.45,0.07,5,402.45,1997.68,4228.86,-0.0000005,0.0003473,-0.0001941
1790627565.5,1790627400,165.5,134.5,83462.84,chainlink,83497.48,twap60,,6.366,0.2878,0.200,0.210,2146.86,0.790,0.800,182.78,0.07,5,182.78,932.30,3976.43,-0.0001361,0.0000040,-0.0003398
1790627580.6,1790627400,180.6,119.4,83461.16,chainlink,83497.48,twap60,,6.366,0.2611,0.230,0.240,330.00,0.760,0.770,10.00,0.07,5,10.00,788.00,3010.75,-0.0000201,0.0000310,-0.0003440
1790627595.6,1790627400,195.6,104.4,83469.92,chainlink,83497.48,twap60,,6.366,0.2949,0.180,0.190,453.77,0.810,0.820,396.53,0.07,5,396.53,2145.83,3298.36,0.0000198,-0.0000517,-0.0002276
1790627610.6,1790627400,210.6,89.4,83470.77,chainlink,83497.48,twap60,,6.366,0.2753,0.250,0.260,649.89,0.740,0.750,424.00,0.07,5,466.98,2520.78,1625.89,0.0000138,-0.0000411,-0.0002926
1790627625.6,1790627400,225.6,74.4,83482.39,chainlink,83497.48,twap60,,6.366,0.3430,0.560,0.570,30.00,0.460,0.470,3535.03,0.07,5,309.14,3844.17,230.00,0.0001145,0.0002342,-0.0001543
1790627640.7,1790627400,240.7,59.3,83497.34,chainlink,83497.48,twap60,83497.34,6.366,0.4980,0.240,0.280,278.25,0.750,0.760,6.00,0.07,5,6.00,249.56,3371.74,0.0001637,0.0003482,-0.0001005
1790627655.7,1790627400,255.7,44.3,83487.36,chainlink,83497.48,twap60,83485.51,6.366,0.2788,0.130,0.140,106.63,0.860,0.870,463.41,0.07,5,463.41,1403.41,226.63,-0.0001148,0.0002125,-0.0002228
1790627670.7,1790627400,270.7,29.3,83484.63,chainlink,83497.48,twap60,83487.25,6.366,0.1182,0.010,0.020,234.82,0.980,0.990,998.75,0.07,5,1247.46,1247.46,718.75,-0.0000431,0.0001413,-0.0002993
1790627685.7,1790627400,285.7,14.3,83494.95,chainlink,83497.48,twap60,83488.77,6.366,0.0143,,0.010,6579.72,0.990,,,0.07,5,,,8236.22,0.0001083,0.0001351,-0.0001888
1790627715.8,1790627700,15.8,284.2,83509.20,coinbase,83490.19,chainlink60,,6.213,0.5776,0.630,0.640,925.76,0.360,0.370,66.24,0.07,5,66.24,918.49,3753.74,0.0000148,0.0001490,0.0009984
1790627730.8,1790627700,30.8,269.2,83509.92,chainlink,83490.19,chainlink60,,6.213,0.5831,0.660,0.670,2117.38,0.330,0.340,39.84,0.07,5,39.84,851.62,3869.38,,0.0002876,0.0009088
1790627745.8,1790627700,45.8,254.2,83510.38,chainlink,83490.19,chainlink60,,6.213,0.5879,0.650,0.660,276.73,0.340,0.350,395.85,0.07,5,488.85,1591.60,3436.73,-0.0000105,0.0001706,0.0009469
1790627760.8,1790627700,60.8,239.2,83510.81,chainlink,83490.19,chainlink60,,6.213,0.5930,0.570,0.620,141.01,0.380,0.430,38.50,0.07,5,58.50,58.50,3650.87,0.0000025,,0.0008990
1790627775.9,1790627700,75.9,224.1,83511.03,chainlink,83490.19,chainlink60,,6.213,0.5976,0.670,0.680,4.92,0.320,0.330,1017.11,0.07,5,545.11,4268.00,505.92,0.0000033,,0.0009071
1790627790.9,1790627700,90.9,209.1,83512.02,chainlink,83490.19,chainlink60,,6.213,0.6065,0.670,0.680,1527.50,0.320,0.330,113.00,0.07,5,113.00,590.59,4938.50,0.0000123,0.0000090,0.0008003
1790627805.9,1790627700,105.9,194.1,83507.77,chainlink,83490.19,chainlink60,,6.213,0.5902,0.630,0.640,1472.17,0.360,0.370,15.00,0.07,5,15.00,485.00,2366.35,-0.0000092,-0.0000338,0.0005422
1790627820.9,1790627700,120.9,179.1,83508.37,chainlink,83490.19,chainlink60,,6.213,0.5980,0.610,0.620,1332.62,0.380,0.390,6.00,0.07,5,6.00,2628.00,3580.26,0.0000083,-0.0000285,0.0005965
1790627836.0,1790627700,136.0,164.0,83480.55,chainlink,83490.19,chainlink60,,6.213,0.4446,0.340,0.350,137.71,0.650,0.660,858.96,0.07,5,858.96,3784.02,819.97,-0.0003309,-0.0003645,0.0000756
1790627851.0,1790627700,151.0,149.0,83480.35,chainlink,83490.19,chainlink60,,6.213,0.4397,0.360,0.370,1302.53,0.630,0.640,33.56,0.07,5,33.56,2092.23,2350.32,-0.0000012,-0.0003376,0.0000736
1790627866.0,1790627700,166.0,134.0,83486.12,chainlink,83490.19,chainlink60,,6.213,0.4731,0.420,0.430,79.00,0.570,0.580,923.77,0.07,5,923.77,2687.31,1718.17,0.0000739,-0.0002582,0.0002789
1790627880.0,1790627700,180.0,120.0,83484.56,chainlink,83490.19,chainlink60,,6.213,0.4596,0.420,0.430,79.02,0.570,0.580,1524.13,0.07,5,1524.13,3522.57,675.16,-0.0000386,-0.0002829,0.0001951
1790627895.0,1790627700,195.0,105.0,83486.01,chainlink,83490.19,chainlink60,,6.213,0.4667,0.420,0.430,1529.85,0.570,0.580,81.37,0.07,5,81.37,460.44,2564.99,0.0000066,0.0000666,0.0001963
1790627910.1,1790627700,210.1,89.9,83485.69,chainlink,83490.19,chainlink60,,6.213,0.4592,0.390,0.400,1207.03,0.600,0.610,70.84,0.07,5,70.84,351.84,2833.69,-0.0000096,0.0000688,0.0001541
1790627925.1,1790627700,225.1,74.9,83494.78,chainlink,83490.19,chainlink60,,6.213,0.5497,0.670,0.680,59.28,0.320,0.330,1887.70,0.07,5,1882.70,4295.67,280.94,0.0001089,0.0000839,0.0001331
1790627940.1,1790627700,240.1,59.9,83495.69,chainlink,83490.19,chainlink60,83495.86,6.213,0.5787,0.670,0.680,17.59,0.320,0.330,48.00,0.07,5,48.00,1153.00,325.25,0.0000027,0.0001226,-0.0000150
1790627955.1,1790627700,255.1,44.9,83503.78,chainlink,83490.19,chainlink60,83498.52,6.213,0.7525,0.970,0.980,848.90,0.020,0.030,179.28,0.07,5,179.28,1156.03,2692.68,0.0000954,0.0002071,0.0001864
1790627970.1,1790627700,270.1,29.9,83507.31,chainlink,83490.19,chainlink60,83502.92,6.213,0.9369,0.990,,,,0.010,6511.96,0.07,5,6511.96,7558.53,,0.0000413,0.0002589,0.0002563
1790627985.2,1790627700,285.2,14.8,83513.80,chainlink,83490.19,chainlink60,83506.19,6.213,0.9990,0.990,,,,0.010,52571.32,0.07,5,52571.32,55507.58,,0.0000806,0.0002196,0.0002115
1790628015.2,1790628000,15.2,284.8,83519.75,chainlink,83507.17,twap60,,5.070,0.5630,0.620,0.630,60.31,0.370,0.380,1877.51,0.07,5,1877.51,3435.03,1520.31,0.0000921,0.0001903,
1790628030.2,1790628000,30.2,269.8,83521.87,chainlink,83507.17,twap60,,5.070,0.5759,0.620,0.630,122.52,0.370,0.380,387.86,0.07,5,382.86,3306.95,2364.53,0.0000109,0.0001772,0.0001270
1790628045.3,1790628000,45.3,254.7,83518.10,chainlink,83507.17,twap60,,5.070,0.5585,0.580,0.590,277.34,0.410,0.420,23.00,0.07,5,23.00,555.27,2463.16,-0.0000429,0.0000669,0.0000898
1790628060.3,1790628000,60.3,239.7,83522.19,chainlink,83507.17,twap60,,5.070,0.5830,0.670,0.680,869.92,0.320,0.330,10.00,0.07,5,10.00,848.54,3419.23,0.0000497,0.0001213,0.0001369
1790628075.3,1790628000,75.3,224.7,83530.58,chainlink,83507.17,twap60,,5.070,0.6330,0.740,0.750,197.29,0.250,0.260,1376.76,0.07,5,1376.76,4168.60,803.29,0.0001005,0.0001152,0.0002346
1790628090.3,1790628000,90.3,209.7,83534.55,chainlink,83507.17,twap60,,5.070,0.6608,0.730,0.740,476.62,0.260,0.270,348.66,0.07,5,348.66,3708.30,1970.68,0.0000449,0.0001541,0.0003115
1790628105.3,1790628000,105.3,194.7,83536.57,chainlink,83507.17,twap60,,5.070,0.6795,0.810,0.820,902.12,0.180,0.190,47.31,0.07,5,47.31,345.67,3356.82,0.0000387,0.0002219,0.0003459
1790628120.4,1790628000,120.4,179.6,83539.79,chainlink,83507.17,twap60,,5.070,0.7070,0.830,0.840,112.46,0.160,0.170,946.02,0.07,5,946.02,3829.01,1915.99,0.0000386,0.0002108,0.0003785
1790628135.4,1790628000,135.4,164.6,83539.82,chainlink,83507.17,twap60,,5.070,0.7180,0.830,0.840,375.04,0.160,0.170,217.99,0.07,5,217.99,2724.06,1917.57,-0.0000060,0.0001079,0.0007109
1790628150.4,1790628000,150.4,149.6,83534.16,chainlink,83507.17,twap60,,5.070,0.6945,0.840,0.850,80.00,0.150,0.160,441.89,0.07,5,498.89,2434.32,1202.09,-0.0000528,0.0000099,0.0006492
1790628165.4,1790628000,165.4,134.6,83532.65,chainlink,83507.17,twap60,,5.070,0.6974,0.730,0.740,664.34,0.260,0.270,1108.98,0.07,5,1108.98,1921.45,1947.34,-0.0000185,-0.0000470,0.0005373
1790628180.4,1790628000,180.4,119.6,83514.92,chainlink,83507.17,twap60,,5.070,0.5681,0.420,0.430,760.69,0.570,0.580,15.74,0.07,5,15.74,313.74,2814.18,-0.0002094,-0.0003041,0.0003528
1790628195.5,1790628000,195.5,104.5,83481.42,chainlink,83507.17,twap60,,5.070,0.2636,0.140,0.150,270.96,0.850,0.860,410.10,0.07,5,410.10,1364.59,988.25,-0.0003432,-0.0006843,-0.0000608
1790628210.5,1790628000,210.5,89.5,83464.72,chainlink,83507.17,twap60,,5.070,0.1171,,0.010,2965.11,0.990,,,0.07,5,,,7189.20,-0.0002090,-0.0008320,-0.0002511
1790628225.5,1790628000,225.5,74.5,83445.20,chainlink,83507.17,twap60,,5.070,0.0187,,0.010,1261.05,0.990,,,0.07,5,,,2649.76,-0.0000781,-0.0010445,-0.0006022
1790628240.5,1790628000,240.5,59.5,83463.69,chainlink,83507.17,twap60,83463.69,5.070,0.0260,,0.010,978.00,0.990,,,0.07,5,,,5088.65,0.0001825,-0.0005557,-0.0003849
1790628255.6,1790628000,255.6,44.4,83460.09,chainlink,83507.17,twap60,83462.35,5.070,0.0010,,0.010,34462.91,0.990,,,0.07,5,,,38738.13,-0.0000440,-0.0002645,-0.0005242
1790628270.6,1790628000,270.6,29.4,83460.80,chainlink,83507.17,twap60,83461.48,5.070,0.0010,,0.010,44754.51,0.990,,,0.07,5,,,47846.57,0.0000067,0.0001087,-0.0005543
1790628285.6,1790628000,285.6,14.4,83455.41,chainlink,83507.17,twap60,83460.34,5.070,0.0010,,0.010,71154.62,0.990,,,0.07,5,,,74338.72,-0.0000648,0.0000833,-0.0006840
1790628315.6,1790628300,15.6,284.4,83448.73,chainlink,83459.58,twap60,,4.723,0.4416,0.370,0.380,243.00,0.620,0.630,638.79,0.07,5,638.79,2754.09,1282.00,-0.0000740,-0.0001379,-0.0008652
1790628330.7,1790628300,30.7,269.3,83437.57,chainlink,83459.58,twap60,,4.723,0.3791,0.300,0.310,380.87,0.690,0.700,182.01,0.07,5,182.01,4257.01,1141.61,-0.0000498,-0.0002786,-0.0010075
1790628345.7,1790628300,45.7,254.3,83436.53,chainlink,83459.58,twap60,,4.723,0.3694,0.330,0.340,1581.96,0.660,0.670,88.50,0.07,5,88.50,764.90,2745.96,-0.0000051,-0.0002435,-0.0009764
1790628360.7,1790628300,60.7,239.3,83437.28,chainlink,83459.58,twap60,,4.723,0.3690,0.300,0.310,97.35,0.690,0.700,773.91,0.07,5,773.91,4819.48,1220.76,0.0000122,-0.0002112,-0.0010171
1790628375.7,1790628300,75.7,224.3,83442.01,chainlink,83459.58,twap60,,4.723,0.3920,0.320,0.330,1308.10,0.670,0.680,135.64,0.07,5,151.89,1030.43,2199.60,0.0000590,0.0000034,-0.0010635
1790628390.8,1790628300,90.8,209.2,83442.27,chainlink,83459.58,twap60,,4.723,0.3891,0.350,0.360,45.00,0.640,0.650,1801.98,0.07,5,1801.98,3023.50,2502.44,0.0000175,0.0000638,-0.0010908
1790628405.8,1790628300,105.8,194.2,83442.80,chainlink,83459.58,twap60,,4.723,0.3874,0.330,0.340,1363.43,0.660,0.670,45.00,0.07,5,45.00,855.67,3074.26,0.0000140,0.0000783,-0.0011232
1790628420.8,1790628300,120.8,179.2,83455.69,chainlink,83459.58,twap60,,4.723,0.4722,0.690,0.700,665.46,0.300,0.310,55.17,0.07,5,42.99,435.99,2136.46,0.0001579,0.0002229,-0.0010135
1790628435.8,1790628300,135.8,164.2,83469.46,chainlink,83459.58,twap60,,4.723,0.5744,0.580,0.590,76.00,0.410,0.420,1083.51,0.07,5,1083.51,3421.21,384.16,0.0001621,0.0003433,-0.0008276
1790628450.8,1790628300,150.8,149.2,83463.32,chainlink,83459.58,twap60,,4.723,0.5302,0.640,0.650,599.93,0.350,0.360,424.99,0.07,5,424.99,1306.91,1922.38,-0.0000680,0.0002599,-0.0008488
1790628465.9,1790628300,165.9,134.1,83471.44,chainlink,83459.58,twap60,,4.723,0.6021,0.750,0.760,508.38,0.240,0.250,175.00,0.07,5,175.00,1042.00,3835.27,0.0000734,0.0003466,-0.0007301
1790628480.9,1790628300,180.9,119.1,83458.47,chainlink,83459.58,twap60,,4.723,0.4894,0.490,0.500,1623.98,0.500,0.510,25.00,0.07,5,30.00,216.00,4252.59,-0.0001555,0.0000305,-0.0006182
1790628495.9,1790628300,195.9,104.1,83459.81,chainlink,83459.58,twap60,,4.723,0.5024,0.560,0.570,1794.84,0.430,0.440,29.31,0.07,5,29.31,1179.18,3697.32,0.0000142,-0.0001101,-0.0002679
1790628510.9,1790628300,210.9,89.1,83457.50,chainlink,83459.58,twap60,,4.723,0.4749,0.230,0.250,201.19,0.760,0.770,455.62,0.07,5,373.64,2305.93,647.59,-0.0000278,-0.0000937,0.0000693
1790628526.0,1790628300,226.0,74.0,83447.04,chainlink,83459.58,twap60,,4.723,0.3245,0.230,0.240,32.91,0.760,0.770,292.37,0.07,5,292.37,781.67,412.12,-0.0001251,-0.0002924,-0.0000169
1790628541.0,1790628300,241.0,59.0,83445.92,chainlink,83459.58,twap60,83445.76,4.723,0.2536,0.050,0.060,320.00,0.940,0.950,293.00,0.07,5,293.00,6221.73,1381.75,-0.0000134,-0.0001522,-0.0002138
1790628555.0,1790628300,255.0,45.0,83445.10,chainlink,83459.58,twap60,83443.18,4.723,0.1376,,0.010,2778.90,0.990,,,0.07,5,,,3502.67,-0.0000079,-0.0001765,-0.0001815
1790628570.0,1790628300,270.0,30.0,83430.53,chainlink,83459.58,twap60,83439.83,4.723,0.0010,,0.010,32453.27,0.990,,,0.07,5,,,34862.20,-0.0001700,-0.0003230,-0.0003629
1790628585.1,1790628300,285.1,14.9,83439.95,chainlink,83459.58,twap60,83437.95,4.723,0.0010,,0.010,54725.52,0.990,,,0.07,5,,,57886.08,0.0001115,-0.0000851,-0.0002025
1790628615.1,1790628600,15.1,284.9,83405.07,chainlink,83439.35,twap60,,4.627,0.3180,0.270,0.280,193.00,0.720,0.730,544.74,0.07,5,544.74,2834.16,3158.77,-0.0004320,-0.0004752,-0.0004394
1790628630.1,1790628600,30.1,269.9,83404.04,chainlink,83439.35,twap60,,4.627,0.3073,0.230,0.240,480.56,0.760,0.770,114.03,0.07,5,114.03,1761.51,2324.83,0.0000155,-0.0003189,-0.0003946
1790628645.1,1790628600,45.1,254.9,83407.29,chainlink,83439.35,twap60,,4.627,0.3182,0.320,0.330,1090.55,0.670,0.680,32.04,0.07,5,32.04,811.04,3336.46,0.0000432,-0.0004266,-0.0003473
1790628660.2,1790628600,60.2,239.8,83408.50,chainlink,83439.35,twap60,,4.627,0.3186,0.260,0.270,389.00,0.730,0.740,306.66,0.07,5,306.66,1842.91,2023.00,0.0000079,-0.0003910,-0.0003427
1790628675.2,1790628600,75.2,224.8,83403.45,chainlink,83439.35,twap60,,4.627,0.2841,0.240,0.250,726.84,0.750,0.760,60.00,0.07,5,60.00,1068.55,2635.26,-0.0000526,0.0000085,-0.0004478
1790628690.2,1790628600,90.2,209.8,83409.07,chainlink,83439.35,twap60,,4.627,0.3077,0.250,0.260,927.36,0.740,0.750,14.93,0.07,5,14.93,675.47,3205.02,0.0000584,0.0000645,-0.0003902
1790628705.2,1790628600,105.2,194.8,83407.74,chainlink,83439.35,twap60,,4.627,0.2915,0.250,0.260,383.47,0.740,0.750,50.61,0.07,5,50.61,937.02,2796.77,-0.0000097,-0.0000012,-0.0004169
1790628720.3,1790628600,120.3,179.7,83426.57,chainlink,83439.35,twap60,,4.627,0.4076,0.340,0.350,492.29,0.650,0.660,93.62,0.07,5,93.62,1157.62,1928.56,0.0002253,0.0002245,-0.0003518
1790628735.3,1790628600,135.3,164.7,83424.45,chainlink,83439.35,twap60,,4.627,0.3866,0.370,0.380,1172.12,0.620,0.630,85.00,0.07,5,85.00,781.11,3648.85,-0.0000061,0.0002428,-0.0005338
1790628750.3,1790628600,150.3,149.7,83417.73,chainlink,83439.35,twap60,,4.627,0.3278,0.260,0.270,1005.37,0.730,0.740,35.35,0.07,5,85.35,1294.45,3513.03,-0.0000823,0.0001101,-0.0005703
1790628765.3,1790628600,165.3,134.7,83412.78,chainlink,83439.35,twap60,,4.627,0.2775,0.210,0.220,221.31,0.780,0.790,50.00,0.07,5,50.00,960.00,2517.68,-0.0000631,0.0000600,-0.0007031
1790628780.3,1790628600,180.3,119.7,83419.40,chainlink,83439.35,twap60,,4.627,0.3145,0.280,0.290,585.00,0.710,0.720,55.61,0.07,5,55.61,485.43,3010.54,0.0000792,-0.0000666,-0.0004700
1790628795.4,1790628600,195.4,104.6,83423.67,chainlink,83439.35,twap60,,4.627,0.3367,0.290,0.300,20.00,0.700,0.710,238.00,0.07,5,238.00,673.65,637.33,0.0000426,-0.0000112,-0.0004333
1790628810.4,1790628600,210.4,89.6,83425.91,chainlink,83439.35,twap60,,4.627,0.3401,0.150,0.160,327.18,0.840,0.850,141.00,0.07,5,141.00,1651.12,976.39,0.0000123,0.0000944,-0.0003784
1790628825.4,1790628600,225.4,74.6,83424.74,chainlink,83439.35,twap60,,4.627,0.2957,0.160,0.170,371.03,0.830,0.840,82.00,0.07,5,82.00,3740.91,793.98,-0.0000073,0.0001432,-0.0002673
1790628840.4,1790628600,240.4,59.6,83425.24,chainlink,83439.35,twap60,83425.24,4.627,0.2453,0.090,0.100,151.00,0.900,0.910,758.38,0.07,5,758.38,2013.49,475.00,0.0000068,0.0000615,-0.0002459
1790628855.5,1790628600,255.5,44.5,83424.98,chainlink,83439.35,twap60,83424.93,4.627,0.1387,0.020,0.030,163.95,0.970,0.980,117.66,0.07,5,117.66,1877.05,1589.15,-0.0000031,0.0000012,-0.0002365
1790628870.5,1790628600,270.5,29.5,83445.61,chainlink,83439.35,twap60,83431.96,4.627,0.4625,0.320,0.330,45.00,0.670,0.680,33.43,0.07,5,33.43,277.43,726.00,0.0002472,0.0002428,0.0001794
1790628885.5,1790628600,285.5,14.5,83445.55,chainlink,83439.35,twap60,83436.37,4.627,0.3786,0.060,0.070,5.00,0.930,0.940,103.93,0.07,5,103.93,494.29,26.00,-0.0000005,0.0002502,0.0000320
1790628915.5,1790628900,15.5,284.5,83444.66,chainlink,83438.23,twap60,,4.469,0.5367,0.570,0.580,1594.58,0.420,0.430,24.72,0.07,5,24.72,775.56,2909.10,-0.0000003,0.0002358,0.0005025
1790628930.6,1790628900,30.6,269.4,83448.63,chainlink,83438.23,twap60,,4.469,0.5611,0.670,0.680,300.35,0.320,0.330,388.00,0.07,5,293.00,2020.50,2277.06,0.0000473,0.0000365,0.0005387
1790628945.6,1790628900,45.6,254.4,83464.65,chainlink,83438.23,twap60,,4.469,0.6568,0.760,0.770,103.68,0.230,0.240,481.75,0.07,5,481.75,2542.44,1976.19,0.0001970,0.0002287,0.0006809
1790628960.6,1790628900,60.6,239.4,83467.36,chainlink,83438.23,twap60,,4.469,0.6778,0.770,0.780,400.00,0.220,0.230,217.00,0.07,5,217.00,2019.69,3480.89,0.0000324,0.0002717,0.0007133
1790628975.6,1790628900,75.6,224.4,83474.53,chainlink,83438.23,twap60,,4.469,0.7252,0.830,0.840,52.00,0.160,0.170,626.83,0.07,5,626.83,2226.36,1506.90,0.0000951,0.0003576,0.0008429
1790628990.7,1790628900,90.7,209.3,83473.54,chainlink,83438.23,twap60,,4.469,0.7282,0.790,0.800,25.00,0.200,0.210,1322.10,0.07,5,1322.10,4437.61,954.33,-0.0000079,0.0003036,0.0007789
1790629005.7,1790628900,105.7,194.3,83475.06,chainlink,83438.23,twap60,,4.469,0.7465,0.850,0.860,100.00,0.140,0.150,797.04,0.07,5,797.04,2964.64,2289.64,0.0000176,0.0001246,0.0008064
1790629020.7,1790628900,120.7,179.3,83476.83,chainlink,83438.23,twap60,,4.469,0.7679,0.890,0.900,286.25,0.100,0.110,307.92,0.07,5,307.92,2379.98,2217.06,0.0000212,0.0001227,0.0006215
1790629035.7,1790628900,135.7,164.3,83495.08,chainlink,83438.23,twap60,,4.469,0.8731,0.960,0.970,972.30,0.030,0.040,815.42,0.07,5,815.42,3509.58,7196.01,0.0002221,0.0002501,0.0008445
1790629050.7,1790628900,150.7,149.3,83504.51,chainlink,83438.23,twap60,,4.469,0.9221,0.960,0.970,376.98,0.030,0.040,516.06,0.07,5,516.06,3980.50,4978.81,0.0001116,0.0003704,0.0010361
1790629065.8,1790628900,165.8,134.2,83505.61,chainlink,83438.23,twap60,,4.469,0.9398,0.950,0.960,70.00,0.040,0.050,743.18,0.07,5,743.18,4308.39,3846.19,0.0000191,0.0003659,0.0011121
1790629080.8,1790628900,180.8,119.2,83493.75,chainlink,83438.23,twap60,,4.469,0.9187,0.970,0.980,942.87,0.020,0.030,375.31,0.07,5,375.31,3240.25,5537.59,-0.0001418,0.0002062,0.0008824
1790629095.8,1790628900,195.8,104.2,83495.78,chainlink,83438.23,twap60,,4.469,0.9460,0.980,0.990,3183.44,0.010,0.020,563.05,0.07,5,563.05,2384.59,3183.44,0.0000194,0.0000070,0.0008495
1790629110.8,1790628900,210.8,89.2,83496.88,chainlink,83438.23,twap60,,4.469,0.9694,0.990,,,,0.010,8686.39,0.07,5,8686.39,11717.29,,0.0000113,-0.0000854,0.0008570
1790629125.9,1790628900,225.9,74.1,83496.40,chainlink,83438.23,twap60,,4.469,0.9871,0.990,,,,0.010,8322.38,0.07,5,8322.38,11872.92,,-0.0000059,-0.0001101,0.0008594
1790629140.9,1790628900,240.9,59.1,83491.86,chainlink,83438.23,twap60,83491.86,4.469,0.9970,0.990,,,,0.010,22016.76,0.07,5,22016.76,25606.54,,-0.0000550,-0.0000275,0.0007983
1790629155.9,1790628900,255.9,44.1,83506.67,chainlink,83438.23,twap60,83499.11,4.469,0.9990,0.990,,,,0.010,35235.02,0.07,5,35235.02,39121.30,,0.0001770,0.0001286,0.0009787
1790629170.9,1790628900,270.9,29.1,83502.45,chainlink,83438.23,twap60,83501.86,4.469,0.9990,0.999,,,,0.001,22150.79,0.07,5,22150.79,88995.35,,-0.0000375,0.0000666,0.0006812
1790629185.9,1790628900,285.9,14.1,83499.73,chainlink,83438.23,twap60,83501.41,4.469,0.9990,0.999,,,,0.001,29609.81,0.07,5,29609.81,96405.42,,-0.0000081,0.0000392,0.0006489
1790629216.0,1790629200,16.0,284.0,83538.53,chainlink,83500.87,twap60,,4.350,0.7103,0.490,0.500,708.15,0.500,0.510,573.87,0.07,5,573.87,1745.87,723.15,0.0004363,0.0003945,0.0011241
1790629231.0,1790629200,31.0,269.0,83559.08,chainlink,83500.87,twap60,,4.350,0.8117,0.790,0.800,40.98,0.200,0.210,932.25,0.07,5,932.25,2236.88,708.54,0.0002048,0.0006970,0.0013171
1790629245.0,1790629200,45.0,255.0,83567.70,chainlink,83500.87,twap60,,4.350,0.8527,0.790,0.800,1580.21,0.200,0.210,82.04,0.07,5,82.04,848.18,2514.05,0.0001043,0.0008196,0.0012338
1790629260.0,1790629200,60.0,240.0,83567.12,chainlink,83500.87,twap60,,4.350,0.8593,0.830,0.840,1101.52,0.160,0.170,125.00,0.07,5,125.00,698.72,2198.15,0.0000015,0.0007784,0.0012038
1790629275.1,1790629200,75.1,224.9,83580.67,chainlink,83500.87,twap60,,4.350,0.9114,0.900,0.910,54.66,0.090,0.100,377.42,0.07,5,395.19,1216.50,1301.30,0.0001606,0.0005036,0.0012747
1790629290.1,1790629200,90.1,209.9,83588.26,chainlink,83500.87,twap60,,4.350,0.9384,0.920,0.930,105.91,0.070,0.080,269.51,0.07,5,277.20,1619.67,4134.64,0.0000680,0.0003502,0.0013728
1790629305.1,1790629200,105.1,194.9,83601.02,chainlink,83500.87,twap60,,4.350,0.9678,0.970,0.980,5673.19,0.020,0.030,332.00,0.07,5,332.00,1450.35,14331.22,0.0001449,0.0004070,0.0015078
1790629320.1,1790629200,120.1,179.9,83574.74,chainlink,83500.87,twap60,,4.350,0.9245,0.930,0.940,110.00,0.060,0.070,362.17,0.07,5,362.17,1508.67,1449.39,-0.0003139,0.0000896,0.0011757
1790629335.2,1790629200,135.2,164.8,83603.41,chainlink,83500.87,twap60,,4.350,0.9826,0.970,0.980,1146.35,0.020,0.030,55.31,0.07,5,55.31,1222.69,8058.83,0.0002423,0.0002492,0.0012951
1790629350.2,1790629200,150.2,149.8,83595.75,chainlink,83500.87,twap60,,4.350,0.9813,0.960,0.970,18.53,0.030,0.040,552.20,0.07,5,542.20,1707.06,2668.83,-0.0000910,0.0000820,0.0010980
1790629365.2,1790629200,165.2,134.8,83601.38,chainlink,83500.87,twap60,,4.350,0.9912,0.960,0.970,197.93,0.030,0.040,313.00,0.07,5,313.00,4258.31,5855.81,0.0000140,0.0000048,0.0011465
1790629380.2,1790629200,180.2,119.8,83583.42,chainlink,83500.87,twap60,,4.350,0.9832,0.976,0.977,30.00,0.023,0.024,17.00,0.07,5,205.00,1403.43,8100.19,-0.0001225,0.0000032,0.0010684
1790629395.2,1790629200,195.2,104.8,83597.32,chainlink,83500.87,twap60,,4.350,0.9971,0.991,0.997,21.00,0.003,0.009,411.13,0.07,5,411.13,9570.01,3052.00,0.0001673,-0.0000722,0.0012135
1790629410.2,1790629200,210.2,89.8,83601.57,chainlink,83500.87,twap60,,4.350,0.9990,0.996,0.999,230.00,0.001,0.004,931.87,0.07,5,931.87,19088.42,230.00,0.0000362,0.0000162,0.0012529
1790629425.3,1790629200,225.3,74.7,83600.48,chainlink,83500.87,twap60,,4.350,0.9990,0.999,,,,0.001,117.10,0.07,5,117.10,16391.03,,0.0000061,0.0000816,0.0012450
1790629440.3,1790629200,240.3,59.7,83595.72,chainlink,83500.87,twap60,83597.39,4.350,0.9990,0.999,,,,0.001,6086.69,0.07,5,6086.69,35400.90,,0.0000990,0.0001482,0.0012429
1790629455.3,1790629200,255.3,44.7,83602.48,chainlink,83500.87,twap60,83603.94,4.350,0.9990,0.999,,,,0.001,9809.44,0.07,5,9809.44,45070.64,,0.0000609,0.0000471,0.0011597
1790629470.3,1790629200,270.3,29.7,83609.74,chainlink,83500.87,twap60,83604.70,4.350,0.9990,0.999,,,,0.001,10032.54,0.07,5,10032.54,74787.27,,0.0000819,0.0001169,0.0013085
1790629485.4,1790629200,285.4,14.6,83608.75,chainlink,83500.87,twap60,83606.43,4.350,0.9990,0.999,,,,0.001,18950.30,0.07,5,18950.30,83973.08,,-0.0000193,0.0002548,0.0013107
1790629515.4,1790629500,15.4,284.6,83617.12,chainlink,83604.94,twap60,,3.398,0.5906,0.590,0.600,1498.87,0.400,0.410,15.00,0.07,5,15.00,486.58,2585.14,0.0000854,0.0001703,0.0009396
1790629530.4,1790629500,30.4,269.6,83621.53,chainlink,83604.94,twap60,,3.398,0.6263,0.620,0.630,22.33,0.370,0.380,768.07,0.07,5,768.07,4981.70,848.90,0.0000454,0.0001335,0.0007482
1790629545.4,1790629500,45.4,254.6,83615.34,chainlink,83604.94,twap60,,3.398,0.5827,0.590,0.600,1593.72,0.400,0.410,24.00,0.07,5,24.00,976.62,4160.12,-0.0000656,0.0001922,0.0005783
1790629560.5,1790629500,60.5,239.5,83589.80,chainlink,83604.94,twap60,,3.398,0.3762,0.340,0.350,565.72,0.650,0.660,50.00,0.07,5,50.00,1473.94,3132.62,-0.0003054,-0.0002414,0.0002697
1790629575.5,1790629500,75.5,224.5,83589.73,chainlink,83604.94,twap60,,3.398,0.3708,0.370,0.380,710.10,0.620,0.630,58.53,0.07,5,58.53,1517.39,4363.39,-0.0000090,-0.0003350,0.0000856
1790629590.5,1790629500,90.5,209.5,83600.82,chainlink,83604.94,twap60,,3.398,0.4629,0.480,0.490,51.28,0.510,0.520,371.68,0.07,5,371.68,3341.46,1746.08,0.0001330,-0.0002392,0.0001426
1790629605.5,1790629500,105.5,194.5,83586.87,chainlink,83604.94,twap60,,3.398,0.3343,0.330,0.340,949.65,0.660,0.670,105.00,0.07,5,105.00,1046.00,3487.67,-0.0001669,-0.0003404,-0.0001688
1790629620.6,1790629500,120.6,179.4,83598.89,chainlink,83604.94,twap60,,3.398,0.4400,0.340,0.350,78.07,0.650,0.660,810.56,0.07,5,800.56,3479.30,1142.03,0.0001151,0.0001005,0.0001883
1790629635.6,1790629500,135.6,164.4,83589.82,chainlink,83604.94,twap60,,3.398,0.3449,0.200,0.210,274.04,0.790,0.800,550.85,0.07,5,590.85,1930.68,1800.99,-0.0000145,0.0000013,-0.0001620
1790629650.6,1790629500,150.6,149.4,83560.59,chainlink,83604.94,twap60,,3.398,0.1060,0.080,0.090,1247.32,0.910,0.920,7.00,0.07,5,7.00,1762.60,4035.47,-0.0003514,-0.0004814,-0.0004740
1790629665.6,1790629500,165.6,134.4,83549.42,chainlink,83604.94,twap60,,3.398,0.0463,0.050,0.060,425.87,0.940,0.950,60.00,0.07,5,57.91,4161.27,3220.03,-0.0001460,-0.0004768,-0.0005293
1790629680.6,1790629500,180.6,119.4,83543.45,chainlink,83604.94,twap60,,3.398,0.0211,0.020,0.030,321.31,0.970,0.980,1099.08,0.07,5,1099.08,9737.60,2150.40,-0.0000604,-0.0005694,-0.0004773
1790629695.7,1790629500,195.7,104.3,83543.42,chainlink,83604.94,twap60,,3.398,0.0120,0.010,0.020,475.20,0.980,0.990,2717.29,0.07,5,2717.29,2717.29,2642.16,0.0000016,-0.0005569,-0.0006596
1790629710.7,1790629500,210.7,89.3,83550.65,chainlink,83604.94,twap60,,3.398,0.0114,0.020,0.030,937.09,0.970,0.980,15.00,0.07,5,15.00,1688.45,3039.26,0.0000866,-0.0001312,-0.0005900
1790629725.7,1790629500,225.7,74.3,83557.15,chainlink,83604.94,twap60,,3.398,0.0082,,0.010,1286.05,0.990,,,0.07,5,,,1786.17,0.0000777,0.0001036,-0.0003626
1790629740.7,1790629500,240.7,59.3,83573.07,chainlink,83604.94,twap60,83573.07,3.398,0.0163,0.020,0.030,79.72,0.970,0.980,433.89,0.07,5,429.80,934.80,1210.05,0.0001527,0.0003565,-0.0002910
1790629755.7,1790629500,255.7,44.3,83574.47,chainlink,83604.94,twap60,83575.90,3.398,0.0010,,0.010,12226.08,0.990,,,0.07,5,,,14207.28,0.0000216,0.0003716,-0.0003400
1790629770.8,1790629500,270.8,29.2,83577.89,chainlink,83604.94,twap60,83576.72,3.398,0.0010,,0.010,38127.61,0.990,,,0.07,5,,,40410.42,0.0000163,0.0003259,-0.0003885
1790629785.8,1790629500,285.8,14.2,83575.97,chainlink,83604.94,twap60,83575.43,3.398,0.0010,,0.001,31088.94,0.999,,,0.07,5,,,93855.09,0.0000006,0.0001874,-0.0002788
1790629815.8,1790629800,15.8,284.2,83572.45,chainlink,83575.45,twap60,,3.463,0.4779,0.380,0.390,182.93,0.610,0.620,453.32,0.07,5,453.32,3851.21,2383.82,-0.0000335,-0.0000488,-0.0005417
1790629830.9,1790629800,30.9,269.1,83568.52,chainlink,83575.45,twap60,,3.463,0.4474,0.470,0.480,703.86,0.520,0.530,108.00,0.07,5,108.00,388.90,2713.72,-0.0000063,-0.0000885,-0.0006257
1790629845.9,1790629800,45.9,254.1,83556.24,chainlink,83575.45,twap60,,3.463,0.3524,0.300,0.310,6.77,0.690,0.700,815.84,0.07,5,815.84,1819.31,558.09,-0.0001501,-0.0002391,-0.0007069
1790629860.9,1790629800,60.9,239.1,83553.31,chainlink,83575.45,twap60,,3.463,0.3253,0.270,0.280,92.33,0.720,0.730,65.00,0.07,5,55.00,2039.00,1023.68,-0.0000260,-0.0002625,-0.0004448
1790629875.9,1790629800,75.9,224.1,83554.49,chainlink,83575.45,twap60,,3.463,0.3278,0.290,0.300,1227.76,0.700,0.710,60.00,0.07,5,60.00,189.25,2122.75,0.0000033,-0.0001742,-0.0004214
1790629890.9,1790629800,90.9,209.1,83547.36,chainlink,83575.45,twap60,,3.463,0.2664,0.210,0.220,236.71,0.780,0.790,557.74,0.07,5,557.74,2858.91,1210.32,-0.0000857,-0.0002564,-0.0006397
1790629906.0,1790629800,106.0,194.0,83546.44,chainlink,83575.45,twap60,,3.463,0.2499,0.180,0.190,520.85,0.810,0.820,128.00,0.07,5,128.00,2610.78,2009.22,-0.0000011,-0.0001082,-0.0005124
1790629921.0,1790629800,121.0,179.0,83566.73,chainlink,83575.45,twap60,,3.463,0.4155,0.340,0.350,45.00,0.650,0.660,1434.87,0.07,5,1434.87,3645.69,892.00,0.0002547,0.0001499,-0.0002907
1790629936.0,1790629800,136.0,164.0,83561.35,chainlink,83575.45,twap60,,3.463,0.3573,0.260,0.270,86.78,0.730,0.740,2718.56,0.07,5,2718.56,3388.28,767.55,-0.0000646,0.0000817,-0.0002554
1790629950.0,1790629800,150.0,150.0,83561.69,chainlink,83575.45,twap60,,3.463,0.3524,0.260,0.270,5.00,0.730,0.740,2271.07,0.07,5,1857.69,4087.38,80.00,0.0000054,0.0001814,0.0000009
1790629965.0,1790629800,165.0,135.0,83565.16,chainlink,83575.45,twap60,,3.463,0.3803,0.330,0.340,238.00,0.660,0.670,153.15,0.07,5,153.15,2181.15,743.01,0.0000364,0.0002359,0.0001995
1790629980.1,1790629800,180.1,119.9,83564.24,chainlink,83575.45,twap60,,3.463,0.3587,0.310,0.320,797.31,0.680,0.690,55.65,0.07,5,55.65,238.08,3336.00,0.0000116,-0.0000299,0.0002508
1790629995.1,1790629800,195.1,104.9,83563.41,chainlink,83575.45,twap60,,3.463,0.3330,0.220,0.230,469.07,0.770,0.780,160.84,0.07,5,150.84,2026.84,978.55,-0.0000083,0.0000260,0.0002392
1790630010.1,1790629800,210.1,89.9,83548.86,chainlink,83575.45,twap60,,3.463,0.1385,0.050,0.060,312.54,0.940,0.950,704.13,0.07,5,694.13,5175.77,2079.34,-0.0001728,-0.0001587,-0.0000215
1790630025.1,1790629800,225.1,74.9,83547.29,chainlink,83575.45,twap60,,3.463,0.0842,0.030,0.040,120.17,0.960,0.970,194.64,0.07,5,239.64,4349.22,953.58,-0.0000004,-0.0001913,-0.0001558
1790630040.2,1790629800,240.2,59.8,83545.54,chainlink,83575.45,twap60,83545.61,3.463,0.0263,,0.010,2178.52,0.990,,,0.07,5,,,3542.17,-0.0000207,-0.0002221,-0.0003246
1790630055.2,1790629800,255.2,44.8,83544.77,chainlink,83575.45,twap60,83545.51,3.463,0.0011,,0.010,25171.63,0.990,,,0.07,5,,,28699.61,-0.0000100,-0.0002218,-0.0003801
1790630070.2,1790629800,270.2,29.8,83540.78,chainlink,83575.45,twap60,83543.88,3.463,0.0010,,0.010,63843.48,0.990,,,0.07,5,,,67408.58,-0.0000511,-0.0000783,-0.0004205
1790630085.2,1790629800,285.2,14.8,83540.44,chainlink,83575.45,twap60,83543.39,3.463,0.0010,,0.010,68922.19,0.990,,,0.07,5,,,72545.73,-0.0000157,-0.0000817,-0.0004283
1790630115.3,1790630100,15.3,284.7,83538.73,chainlink,83542.56,twap60,,3.344,0.4708,0.470,0.480,490.13,0.520,0.530,20.00,0.07,5,98.56,2119.56,2765.16,-0.0000113,-0.0000756,-0.0003628
1790630130.3,1790630100,30.3,269.7,83544.42,chainlink,83542.56,twap60,,3.344,0.5146,0.540,0.550,741.11,0.450,0.460,32.00,0.07,5,32.00,601.00,4172.96,0.0000637,0.0000320,-0.0002916
1790630145.3,1790630100,45.3,254.7,83544.21,chainlink,83542.56,twap60,,3.344,0.5134,0.420,0.430,291.16,0.570,0.580,151.63,0.07,5,159.61,1216.45,1591.00,-0.0000025,0.0000560,-0.0001349
1790630160.3,1790630100,60.3,239.7,83532.75,chainlink,83542.56,twap60,,3.344,0.4178,0.290,0.300,5.00,0.700,0.710,503.30,0.07,5,503.30,3924.74,224.00,-0.0000992,-0.0000829,-0.0002568
1790630175.4,1790630100,75.4,224.6,83524.88,chainlink,83542.56,twap60,,3.344,0.3486,0.310,0.320,6.17,0.680,0.690,76.66,0.07,5,76.66,4389.28,96.17,-0.0000199,-0.0001702,-0.0003547
1790630190.4,1790630100,90.4,209.6,83530.42,chainlink,83542.56,twap60,,3.344,0.3901,0.350,0.360,1505.60,0.640,0.650,125.38,0.07,5,125.38,693.76,3868.36,0.0000681,-0.0001676,-0.0001929
1790630205.4,1790630100,105.4,194.6,83522.83,chainlink,83542.56,twap60,,3.344,0.3175,0.200,0.210,430.09,0.790,0.800,123.00,0.07,5,123.00,1317.66,2054.30,-0.0000912,-0.0002180,-0.0002708
1790630220.4,1790630100,120.4,179.6,83521.04,chainlink,83542.56,twap60,,3.344,0.2930,0.280,0.290,474.64,0.710,0.720,40.86,0.07,5,40.86,815.73,2030.20,-0.0000214,-0.0000659,-0.0005470
1790630235.4,1790630100,135.4,164.6,83505.93,chainlink,83542.56,twap60,,3.344,0.1631,0.080,0.090,1021.76,0.910,0.920,123.00,0.07,5,123.00,3301.86,2126.22,-0.0001828,-0.0002251,-0.0006621
1790630250.4,1790630100,150.4,149.6,83502.07,chainlink,83542.56,twap60,,3.344,0.1237,0.060,0.070,145.71,0.930,0.940,220.00,0.07,5,220.00,3848.80,1124.10,-0.0000454,-0.0003398,-0.0007189
1790630265.5,1790630100,165.5,134.5,83499.84,chainlink,83542.56,twap60,,3.344,0.0944,0.050,0.060,587.28,0.940,0.950,205.62,0.07,5,205.62,8237.47,2376.47,-0.0000083,-0.0002753,-0.0007594
1790630280.5,1790630100,180.5,119.5,83491.17,chainlink,83542.56,twap60,,3.344,0.0424,0.020,0.030,1160.14,0.970,0.980,1241.57,0.07,5,1241.57,3437.17,4189.60,-0.0001034,-0.0003595,-0.0008730
1790630295.5,1790630100,195.5,104.5,83469.34,chainlink,83542.56,twap60,,3.344,0.0032,,0.010,5475.05,0.990,,,0.07,5,,,9828.72,-0.0002554,-0.0004376,-0.0011251
1790630310.5,1790630100,210.5,89.5,83465.31,chainlink,83542.56,twap60,,3.344,0.0010,,0.010,13824.09,0.990,,,0.07,5,,,18651.46,-0.0000265,-0.0004219,-0.0009821
1790630325.6,1790630100,225.6,74.4,83464.98,chainlink,83542.56,twap60,,3.344,0.0010,,0.010,19708.98,0.990,,,0.07,5,,,24344.88,-0.0000044,-0.0004172,-0.0009855
1790630340.6,1790630100,240.6,59.4,83464.39,chainlink,83542.56,twap60,83464.39,3.344,0.0010,,0.010,28333.79,0.990,,,0.07,5,,,32431.76,-0.0000112,-0.0003146,-0.0009726
1790630355.6,1790630100,255.6,44.4,83464.63,chainlink,83542.56,twap60,83464.73,3.344,0.0010,,0.010,38283.32,0.990,,,0.07,5,,,42638.47,-0.0000008,-0.0000347,-0.0009631
1790630370.6,1790630100,270.6,29.4,83465.15,chainlink,83542.56,twap60,83464.96,3.344,0.0010,,0.010,74222.59,0.990,,,0.07,5,,,78549.78,0.0000072,-0.0000023,-0.0009174
1790630385.6,1790630100,285.6,14.4,83474.07,chainlink,83542.56,twap60,83466.24,3.344,0.0010,,0.010,74282.40,0.990,,,0.07,5,,,78136.59,0.0001069,0.0001048,-0.0007839
1790630415.7,1790630400,15.7,284.3,83483.11,chainlink,83469.03,twap60,,3.288,0.6079,0.630,0.640,240.62,0.360,0.370,378.49,0.07,5,378.49,1926.48,2605.91,-0.0000641,0.0002224,-0.0006704
1790630430.7,1790630400,30.7,269.3,83482.71,chainlink,83469.03,twap60,,3.288,0.6082,0.610,0.620,51.48,0.380,0.390,512.95,0.07,5,512.95,3935.72,2096.12,-0.0000182,0.0002104,-0.0007389
1790630445.6,1790630400,45.6,254.4,83483.56,chainlink,83469.03,twap60,,3.288,0.6186,0.640,0.650,368.99,0.350,0.360,258.00,0.07,5,258.00,808.20,2683.44,0.0000024,0.0000770,-0.0006883
1790630460.7,1790630400,60.7,239.3,83472.49,chainlink,83469.03,twap60,,3.288,0.5297,0.440,0.450,720.10,0.550,0.560,20.00,0.07,5,20.00,2426.94,2393.67,-0.0001330,-0.0001913,-0.0006474
1790630475.7,1790630400,75.7,224.3,83466.21,chainlink,83469.03,twap60,,3.288,0.4748,0.410,0.420,5.00,0.580,0.590,1610.56,0.07,5,1610.56,4056.16,205.00,-0.0000819,-0.0002159,-0.0007008
1790630490.7,1790630400,90.7,209.3,83466.84,chainlink,83469.03,twap60,,3.288,0.4796,0.400,0.410,217.78,0.590,0.600,569.43,0.07,5,569.43,3338.50,949.78,0.0000079,-0.0001980,-0.0007618
1790630505.7,1790630400,105.7,194.3,83465.75,chainlink,83469.03,twap60,,3.288,0.4680,0.310,0.320,29.00,0.680,0.690,2799.62,0.07,5,2799.62,3697.03,414.00,-0.0000107,-0.0002138,-0.0006837
1790630520.8,1790630400,120.8,179.2,83460.71,chainlink,83469.03,twap60,,3.288,0.4151,0.200,0.210,469.50,0.790,0.800,345.11,0.07,5,345.11,3449.32,2395.62,-0.0000656,-0.0001478,-0.0007244
1790630535.8,1790630400,135.8,164.2,83451.18,chainlink,83469.03,twap60,,3.288,0.3130,0.210,0.220,1076.13,0.780,0.790,101.67,0.07,5,101.67,1285.26,3822.13,-0.0000078,-0.0001798,-0.0006552
1790630550.8,1790630400,150.8,149.2,83438.93,chainlink,83469.03,twap60,,3.288,0.1905,0.100,0.110,434.85,0.890,0.900,1100.55,0.07,5,1100.55,3284.00,2054.41,-0.0001454,-0.0003321,-0.0007380
1790630565.8,1790630400,165.8,134.2,83436.28,chainlink,83469.03,twap60,,3.288,0.1523,0.070,0.080,681.99,0.920,0.930,68.79,0.07,5,68.79,4117.91,2847.67,-0.0000317,-0.0003584,-0.0007611
1790630580.9,1790630400,180.9,119.1,83437.44,chainlink,83469.03,twap60,,3.288,0.1400,0.060,0.070,597.16,0.930,0.940,457.25,0.07,5,417.25,5113.95,2076.16,-0.0000037,-0.0001724,-0.0006377
1790630595.9,1790630400,195.9,104.1,83437.17,chainlink,83469.03,twap60,,3.288,0.1131,0.050,0.060,964.59,0.940,0.950,84.70,0.07,5,84.70,4883.73,2381.94,-0.0000015,-0.0001665,-0.0003637
1790630610.9,1790630400,210.9,89.1,83430.97,chainlink,83469.03,twap60,,3.288,0.0493,0.010,0.020,334.19,0.980,0.990,2797.65,0.07,5,2797.65,2797.65,2343.55,-0.0000720,-0.0000954,-0.0004119
1790630625.9,1790630400,225.9,74.1,83430.65,chainlink,83469.03,twap60,,3.288,0.0228,,0.010,3385.30,0.990,,,0.07,5,,,6453.65,0.0000025,-0.0000850,-0.0004155
1790630640.9,1790630400,240.9,59.1,83421.59,chainlink,83469.03,twap60,83418.94,3.288,0.0010,,0.010,18248.58,0.990,,,0.07,5,,,22043.94,-0.0001084,-0.0001883,-0.0005166
1790630656.0,1790630400,256.0,44.0,83426.53,chainlink,83469.03,twap60,83422.29,3.288,0.0010,,0.010,33936.41,0.990,,,0.07,5,,,37813.83,0.0000909,-0.0001252,-0.0004556
1790630671.0,1790630400,271.0,29.0,83427.64,chainlink,83469.03,twap60,83425.00,3.288,0.0010,,0.010,64496.13,0.990,,,0.07,5,,,67911.56,0.0000059,-0.0000335,-0.0004494
1790630686.0,1790630400,286.0,14.0,83427.42,chainlink,83469.03,twap60,83425.81,3.288,0.0010,,0.010,71068.80,0.990,,,0.07,5,,,74433.23,-0.0000026,-0.0000385,-0.0005956
1790630715.0,1790630700,15.0,285.0,83422.75,chainlink,83426.25,twap60,,2.975,0.4701,0.460,0.470,551.36,0.530,0.540,225.00,0.07,5,225.00,2841.00,2262.36,-0.0000670,-0.0000527,-0.0007367
1790630730.1,1790630700,30.1,269.9,83441.00,chainlink,83426.25,twap60,,2.975,0.6282,0.730,0.740,381.47,0.260,0.270,197.00,0.07,5,197.00,1365.00,3608.68,0.0002185,0.0001601,-0.0005076
1790630745.1,1790630700,45.1,254.9,83447.24,chainlink,83426.25,twap60,,2.975,0.6849,0.730,0.740,470.20,0.260,0.270,251.47,0.07,5,251.47,1259.32,3179.79,0.0000511,0.0002377,-0.0004356
1790630760.1,1790630700,60.1,239.9,83447.05,chainlink,83426.25,twap60,,2.975,0.6895,0.730,0.740,338.56,0.260,0.270,434.87,0.07,5,434.87,1983.72,2968.81,-0.0000000,0.0002242,-0.0003115
1790630775.1,1790630700,75.1,224.9,83446.72,chainlink,83426.25,twap60,,2.975,0.6936,0.730,0.740,1032.59,0.260,0.270,127.00,0.07,5,127.00,871.00,3516.84,-0.0000079,0.0002871,-0.0002332
1790630790.2,1790630700,90.2,209.8,83431.62,chainlink,83426.25,twap60,,2.975,0.5551,0.560,0.570,289.05,0.430,0.440,219.00,0.07,5,219.00,1017.00,880.19,-0.0001807,-0.0001361,-0.0004197
1790630805.2,1790630700,105.2,194.8,83430.92,chainlink,83426.25,twap60,,2.975,0.5502,0.510,0.520,99.99,0.480,0.490,129.65,0.07,5,40.00,1115.52,2115.09,0.0000004,-0.0001933,-0.0004227
1790630820.2,1790630700,120.2,179.8,83421.89,chainlink,83426.25,twap60,,2.975,0.4507,0.450,0.460,297.96,0.540,0.550,328.00,0.07,5,150.00,1408.00,2123.13,-0.0000998,-0.0003055,-0.0003587
1790630835.2,1790630700,135.2,164.8,83420.07,chainlink,83426.25,twap60,,2.975,0.4262,0.310,0.320,160.75,0.680,0.690,499.63,0.07,5,499.63,1306.26,1036.54,-0.0000303,-0.0003192,-0.0003715
1790630850.3,1790630700,150.3,149.7,83413.84,chainlink,83426.25,twap60,,2.975,0.3453,0.280,0.290,252.90,0.710,0.720,1262.40,0.07,5,1262.40,1958.48,1516.12,-0.0000210,-0.0002043,-0.0003007
1790630865.3,1790630700,165.3,134.7,83414.32,chainlink,83426.25,twap60,,2.975,0.3402,0.240,0.250,1487.99,0.750,0.760,163.55,0.07,5,163.55,504.00,2440.05,0.0000069,-0.0001906,-0.0002808
1790630880.3,1790630700,180.3,119.7,83413.28,chainlink,83426.25,twap60,,2.975,0.3127,0.200,0.210,1355.42,0.790,0.800,23.54,0.07,5,23.54,570.57,1978.58,-0.0000136,-0.0001117,-0.0002879
1790630895.3,1790630700,195.3,104.7,83420.59,chainlink,83426.25,twap60,,2.975,0.4065,0.330,0.340,403.27,0.660,0.670,10.00,0.07,5,10.00,59.00,1844.31,0.0000680,0.0000598,-0.0001964
1790630910.3,1790630700,210.3,89.7,83413.80,chainlink,83426.25,twap60,,2.975,0.2764,0.140,0.150,317.85,0.850,0.860,25.00,0.07,5,25.00,2019.37,667.45,-0.0000850,0.0000007,-0.0001994
1790630925.4,1790630700,225.4,74.6,83416.34,chainlink,83426.25,twap60,,2.975,0.2857,0.110,0.120,120.36,0.880,0.890,678.77,0.07,5,661.95,2325.95,511.05,0.0000304,0.0000230,-0.0001714
1790630940.4,1790630700,240.4,59.6,83414.60,chainlink,83426.25,twap60,83415.01,2.975,0.1884,0.050,0.060,326.99,0.940,0.950,1461.93,0.07,5,1465.93,2807.95,742.74,-0.0000249,-0.0000037,-0.0000521
1790630955.4,1790630700,255.4,44.6,83415.16,chainlink,83426.25,twap60,83415.05,2.975,0.0963,0.010,0.020,861.70,0.980,0.990,1737.45,0.07,5,1737.45,1737.45,3626.41,-0.0000010,-0.0000687,-0.0001437
1790630970.4,1790630700,270.4,29.6,83414.34,chainlink,83426.25,twap60,83414.74,2.975,0.0055,,0.010,6445.78,0.990,,,0.07,5,,,10519.98,-0.0000019,0.0000065,-0.0001594
1790630985.4,1790630700,285.4,14.6,83413.98,chainlink,83426.25,twap60,83414.67,2.975,0.0010,,0.010,57739.01,0.990,,,0.07,5,,,60819.18,-0.0000042,-0.0000323,-0.0001609
1790631015.5,1790631000,15.5,284.5,83421.95,chainlink,83414.55,twap60,,2.815,0.5667,0.520,0.530,7485.42,0.470,0.480,2154.78,0.07,5,2154.78,3636.90,7735.42,0.0000204,0.0000892,-0.0000098
1790631030.5,1790631000,30.5,269.5,83428.16,chainlink,83414.55,twap60,,2.815,0.6252,0.520,0.530,937.42,0.470,0.480,2294.51,0.07,5,2294.51,4099.05,1122.42,0.0000640,0.0001658,-0.0001776
1790631045.5,1790631000,45.5,254.5,83428.05,chainlink,83414.55,twap60,,2.815,0.6283,0.660,0.670,36.76,0.330,0.340,650.22,0.07,5,650.22,2024.12,2402.23,-0.0000046,0.0001686,-0.0002277
1790631060.5,1790631000,60.5,239.5,83430.47,chainlink,83414.55,twap60,,2.815,0.6556,0.650,0.660,27.14,0.340,0.350,1636.10,0.07,5,1636.10,4732.34,541.52,0.0000203,0.0001225,-0.0002026
1790631075.6,1790631000,75.6,224.4,83430.87,chainlink,83414.55,twap60,,2.815,0.6653,0.670,0.680,1704.84,0.320,0.330,63.07,0.07,5,47.91,911.62,3961.44,0.0000071,0.0000964,-0.0001898
1790631090.6,1790631000,90.6,209.4,83400.46,chainlink,83414.55,twap60,,2.815,0.3503,0.380,0.390,1009.01,0.610,0.620,393.00,0.07,5,393.00,1437.77,2371.52,-0.0003642,-0.0003353,-0.0003647
1790631105.6,1790631000,105.6,194.4,83392.38,chainlink,83414.55,twap60,,2.815,0.2630,0.180,0.190,624.03,0.810,0.820,174.27,0.07,5,156.67,2887.09,2068.03,-0.0001114,-0.0004364,-0.0004537
1790631120.7,1790631000,120.7,179.3,83392.71,chainlink,83414.55,twap60,,2.815,0.2555,0.210,0.220,119.00,0.780,0.790,489.01,0.07,5,489.01,3102.68,816.24,0.0000071,-0.0004504,-0.0003583
1790631135.7,1790631000,135.7,164.3,83379.57,chainlink,83414.55,twap60,,2.815,0.1325,0.110,0.120,894.79,0.880,0.890,181.86,0.07,5,181.86,2552.17,2468.46,-0.0001579,-0.0006147,-0.0004319
1790631150.7,1790631000,150.7,149.3,83379.25,chainlink,83414.55,twap60,,2.815,0.1151,0.080,0.090,356.21,0.910,0.920,175.29,0.07,5,175.29,3313.99,1686.73,-0.0000068,-0.0002689,-0.0004137
1790631165.7,1790631000,165.7,134.3,83379.21,chainlink,83414.55,twap60,,2.815,0.0980,0.170,0.180,128.00,0.820,0.830,463.00,0.07,5,463.00,1171.00,1021.24,-0.0000005,-0.0001548,-0.0004222
1790631180.7,1790631000,180.7,119.3,83381.72,chainlink,83414.55,twap60,,2.815,0.0950,0.070,0.080,520.17,0.920,0.930,25.00,0.07,5,35.00,2097.50,2227.45,-0.0000514,-0.0001322,-0.0003980
1790631195.8,1790631000,195.8,104.2,83381.74,chainlink,83414.55,twap60,,2.815,0.0729,0.030,0.040,519.53,0.960,0.970,1035.99,0.07,5,1003.24,15429.77,1557.61,-0.0000096,0.0000231,-0.0004695
1790631210.8,1790631000,210.8,89.2,83383.12,chainlink,83414.55,twap60,,2.815,0.0557,0.050,0.060,205.00,0.940,0.950,476.47,0.07,5,476.47,2832.72,1024.07,0.0000166,0.0000464,-0.0003679
1790631225.8,1790631000,225.8,74.2,83389.92,chainlink,83414.55,twap60,,2.815,0.0672,0.070,0.080,780.73,0.920,0.930,248.81,0.07,5,248.81,1039.46,4717.23,0.0000818,0.0000469,-0.0003208
1790631240.8,1790631000,240.8,59.2,83399.15,chainlink,83414.55,twap60,83399.15,2.815,0.1058,0.040,0.050,96.40,0.950,0.960,1669.54,0.07,5,1669.54,9699.27,364.33,0.0001134,0.0001992,-0.0001930
1790631255.9,1790631000,255.9,44.1,83404.77,coinbase,83414.55,twap60,83399.16,2.815,0.0781,0.010,0.020,743.02,0.980,0.990,1330.42,0.07,5,1330.42,1330.42,3870.08,0.0000000,0.0002971,-0.0001095
1790631270.9,1790631000,270.9,29.1,83414.60,coinbase,83414.55,twap60,83399.15,2.815,0.0318,0.010,0.020,517.51,0.980,0.990,3910.78,0.07,5,3910.78,3910.78,2896.51,0.0001179,0.0004150,-0.0000018
1790631285.9,1790631000,285.9,14.1,83426.16,coinbase,83414.55,twap60,83399.15,2.815,0.0010,,0.010,11882.82,0.990,,,0.07,5,,,14629.43,0.0001386,0.0003544,0.0001468
1790631315.9,1790631300,15.9,284.1,83423.86,chainlink,83407.94,twap60,,2.878,0.6384,0.670,0.680,15.00,0.320,0.330,929.74,0.07,5,929.74,2893.73,2038.00,-0.0000284,,0.0000124
1790631331.0,1790631300,31.0,269.0,83423.68,chainlink,83407.94,twap60,,2.878,0.6411,0.680,0.690,1655.02,0.310,0.320,52.32,0.07,5,52.32,464.45,3253.70,0.0000010,,-0.0000570
1790631346.0,1790631300,46.0,254.0,83413.59,chainlink,83407.94,twap60,,2.878,0.5534,0.500,0.510,521.88,0.490,0.500,239.63,0.07,5,239.63,2994.32,2972.30,-0.0001212,-0.0000557,-0.0001820
1790631361.0,1790631300,61.0,239.0,83410.30,chainlink,83407.94,twap60,,2.878,0.5232,0.540,0.550,90.34,0.450,0.460,1440.29,0.07,5,1440.29,2418.65,813.87,0.0000056,-0.0001540,-0.0002422
1790631375.0,1790631300,75.0,225.0,83413.25,chainlink,83407.94,twap60,,2.878,0.5540,0.610,0.620,1397.40,0.380,0.390,82.11,0.07,5,49.68,575.50,3826.95,0.0000501,-0.0001240,-0.0002109
1790631390.0,1790631300,90.0,210.0,83420.89,chainlink,83407.94,twap60,,2.878,0.6350,0.720,0.730,2693.30,0.270,0.280,159.00,0.07,5,159.00,919.54,3208.98,0.0000878,-0.0000337,0.0002305
1790631405.1,1790631300,105.1,194.9,83428.92,chainlink,83407.94,twap60,,2.878,0.7210,0.810,0.820,278.33,0.180,0.190,866.00,0.07,5,854.00,3004.39,1955.64,0.0000914,0.0001929,0.0004412
1790631420.1,1790631300,120.1,179.9,83429.02,chainlink,83407.94,twap60,,2.878,0.7321,0.790,0.800,2253.64,0.200,0.210,272.34,0.07,5,272.34,2674.84,4241.30,-0.0000041,0.0002392,0.0004349
1790631435.1,1790631300,135.1,164.9,83415.85,chainlink,83407.94,twap60,,2.878,0.5971,0.540,0.550,208.00,0.450,0.460,631.02,0.07,5,631.02,2633.07,1588.00,-0.0001569,0.0000273,0.0004321
1790631450.1,1790631300,150.1,149.9,83415.15,chainlink,83407.94,twap60,,2.878,0.5945,0.730,0.740,42.36,0.260,0.270,666.72,0.07,5,666.72,3580.26,643.36,-0.0000010,-0.0000736,0.0004305
1790631465.1,1790631300,165.1,134.9,83416.32,chainlink,83407.94,twap60,,2.878,0.6175,0.750,0.760,502.00,0.240,0.250,842.65,0.07,5,842.65,3046.03,1218.34,0.0000055,-0.0001563,0.0003635
1790631480.2,1790631300,180.2,119.8,83417.45,chainlink,83407.94,twap60,,2.878,0.6443,0.610,0.620,50.00,0.380,0.390,613.39,0.07,5,613.39,2359.39,928.00,0.0000137,-0.0001377,0.0004186
1790631495.2,1790631300,195.2,104.8,83407.95,chainlink,83407.94,twap60,,2.878,0.5002,0.480,0.490,95.59,0.510,0.520,1749.47,0.07,5,1749.47,3592.92,1291.59,-0.0001222,-0.0000873,0.0003143
1790631510.2,1790631300,210.2,89.8,83388.25,chainlink,83407.94,twap60,,2.878,0.1662,0.140,0.150,610.23,0.850,0.860,15.09,0.07,5,15.09,2654.40,1755.51,-0.0002438,-0.0003311,0.0000619
1790631525.2,1790631300,225.2,74.8,83387.27,chainlink,83407.94,twap60,,2.878,0.1117,0.080,0.090,965.33,0.910,0.920,144.38,0.07,5,144.38,2620.73,1888.06,-0.0000157,-0.0003481,-0.0000291
1790631540.2,1790631300,240.2,59.8,83381.76,chainlink,83407.94,twap60,83381.76,2.878,0.0204,0.020,0.030,183.14,0.970,0.980,145.05,0.07,5,125.05,2814.43,2562.39,-0.0000615,-0.0004362,-0.0002086
1790631555.3,1790631300,255.3,44.7,83382.14,chainlink,83407.94,twap60,83382.50,2.878,0.0010,,0.010,16603.48,0.990,,,0.07,5,,,20170.36,0.0000045,-0.0003172,
1790631570.3,1790631300,270.3,29.7,83381.87,chainlink,83407.94,twap60,83382.17,2.878,0.0010,,0.010,41511.92,0.990,,,0.07,5,,,45036.55,0.0000009,-0.0000804,
1790631585.3,1790631300,285.3,14.7,83381.92,chainlink,83407.94,twap60,83382.11,2.878,0.0010,,0.010,67904.72,0.990,,,0.07,5,,,71500.80,-0.0000046,-0.0000596,-0.0004354
1790631615.3,1790631600,15.3,284.7,83388.48,chainlink,83382.09,twap60,,2.926,0.5555,0.390,0.400,5.00,0.610,0.620,34.38,0.07,5,75.00,109.38,5.00,0.0000744,0.0000802,-0.0004210
1790631630.4,1790631600,30.4,269.6,83371.37,chainlink,83382.09,twap60,,2.926,0.4045,0.470,0.480,55.91,0.520,0.530,1145.39,0.07,5,1145.39,1716.43,2074.20,0.0001072,-0.0001312,-0.0006275
1790631645.4,1790631600,45.4,254.6,83375.94,chainlink,83382.09,twap60,,2.926,0.4430,0.480,0.490,376.90,0.510,0.520,25.38,0.07,5,25.38,704.11,17590.31,0.0000532,-0.0000718,-0.0004422
1790631660.4,1790631600,60.4,239.6,83378.51,chainlink,83382.09,twap60,,2.926,0.4655,0.480,0.490,756.10,0.510,0.520,86.00,0.07,5,86.00,612.22,16788.85,0.0000358,-0.0000452,-0.0003664
1790631675.4,1790631600,75.4,224.6,83378.05,chainlink,83382.09,twap60,,2.926,0.4595,0.510,0.520,14704.60,0.480,0.490,155.00,0.07,5,155.00,733.47,15153.04,-0.0000068,0.0001873,-0.0004259
1790631690.4,1790631600,90.4,209.6,83382.71,chainlink,83382.09,twap60,,2.926,0.5064,0.510,0.520,14270.24,0.480,0.490,534.64,0.07,5,534.64,1229.37,16267.46,0.0000419,0.0001343,-0.0004626
1790631705.5,1790631600,105.5,194.5,83374.27,chainlink,83382.09,twap60,,2.926,0.4149,0.410,0.420,15.00,0.580,0.590,1606.37,0.07,5,1606.37,2769.21,1785.00,-0.0001015,-0.0000150,-0.0006605
1790631720.5,1790631600,120.5,179.5,83378.01,chainlink,83382.09,twap60,,2.926,0.4530,0.470,0.480,59.00,0.520,0.530,1144.71,0.07,5,1144.71,3687.50,441.91,0.0000594,-0.0000073,-0.0006106
1790631735.5,1790631600,135.5,164.5,83379.56,chainlink,83382.09,twap60,,2.926,0.4691,0.510,0.520,13917.05,0.480,0.490,422.10,0.07,5,422.10,1070.01,15815.57,0.0000190,0.0000041,-0.0004278
1790631750.5,1790631600,150.5,149.5,83381.91,chainlink,83382.09,twap60,,2.926,0.4977,0.510,0.520,11753.45,0.480,0.490,262.40,0.07,5,262.40,2321.29,12063.64,0.0000271,-0.0000098,-0.0004071
1790631765.5,1790631600,165.5,134.5,83384.00,chainlink,83382.09,twap60,,2.926,0.5268,0.510,0.520,10626.41,0.480,0.490,584.43,0.07,5,584.43,2740.79,10993.60,0.0000250,0.0001312,-0.0003874
1790631780.6,1790631600,180.6,119.4,83385.41,chainlink,83382.09,twap60,,2.926,0.5506,0.510,0.520,9395.96,0.480,0.490,544.43,0.07,5,202.49,2372.85,9546.15,0.0000168,0.0000891,-0.0003925
1790631795.6,1790631600,195.6,104.4,83380.16,chainlink,83382.09,twap60,,2.926,0.4673,0.380,0.390,597.79,0.610,0.620,22.82,0.07,5,22.82,1963.89,1174.92,-0.0000629,0.0000061,-0.0003408
1790631810.6,1790631600,210.6,89.4,83377.26,chainlink,83382.09,twap60,,2.926,0.4071,0.330,0.350,1115.48,0.660,0.670,40.00,0.07,5,40.00,148.93,2590.91,-0.0000401,-0.0000558,-0.0001358
1790631825.6,1790631600,225.6,74.4,83378.23,chainlink,83382.09,twap60,,2.926,0.4110,0.350,0.360,219.70,0.640,0.650,8.64,0.07,5,8.64,1269.64,494.05,0.0000188,-0.0000692,-0.0001038
1790631840.7,1790631600,240.7,59.3,83376.46,chainlink,83382.09,twap60,83376.46,2.926,0.3309,0.080,0.090,31.00,0.910,0.920,997.56,0.07,5,997.56,1756.66,349.41,-0.0000213,-0.0001073,-0.0000636
1790631855.7,1790631600,255.7,44.3,83380.85,chainlink,83382.09,twap60,83378.61,2.926,0.4129,0.100,0.110,61.24,0.890,0.900,67.79,0.07,5,67.79,522.68,183.24,0.0000522,0.0000030,-0.0000114
1790631870.7,1790631600,270.7,29.3,83381.84,chainlink,83382.09,twap60,83379.85,2.926,0.3878,0.050,0.060,188.00,0.940,0.950,10.00,0.07,5,10.00,958.11,328.75,0.0000132,0.0000621,-0.0000056
1790631885.7,1790631600,285.7,14.3,83380.98,chainlink,83382.09,twap60,83380.43,2.926,0.1557,0.070,0.080,5.00,0.920,0.930,84.24,0.07,5,84.24,323.18,55.00,-0.0000104,0.0000329,-0.0000114
1790631915.8,1790631900,15.8,284.2,83385.24,chainlink,83381.21,twap60,,2.769,0.5371,0.620,0.630,133.39,0.370,0.380,115.38,0.07,5,132.88,843.87,2000.20,-0.0000020,0.0000539,0.0002734
1790631930.8,1790631900,30.8,269.2,83386.84,chainlink,83381.21,twap60,,2.769,0.5535,0.680,0.690,378.28,0.310,0.320,100.00,0.07,5,135.00,1154.30,3071.56,0.0000196,0.0000599,0.0001839
1790631945.8,1790631900,45.8,254.2,83388.54,chainlink,83381.21,twap60,,2.769,0.5718,0.670,0.680,15.52,0.320,0.330,1000.93,0.07,5,1000.93,3283.38,2439.52,0.0000143,0.0000876,0.0001561
1790631960.9,1790631900,60.9,239.1,83392.40,chainlink,83381.21,twap60,,2.769,0.6128,0.710,0.720,1355.81,0.280,0.290,154.00,0.07,5,154.00,999.53,4142.81,0.0000469,0.0000840,0.0001653
1790631975.9,1790631900,75.9,224.1,83391.77,chainlink,83381.21,twap60,,2.769,0.6107,0.550,0.560,13.21,0.440,0.450,286.52,0.07,5,86.52,1126.99,1083.78,-0.0000075,0.0000788,0.0001506
1790631990.9,1790631900,90.9,209.1,83385.85,chainlink,83381.21,twap60,,2.769,0.5513,0.530,0.540,208.44,0.460,0.470,344.74,0.07,5,344.74,2083.35,1434.72,-0.0000469,-0.0000178,0.0000374
1790632005.9,1790631900,105.9,194.1,83378.26,chainlink,83381.21,twap60,,2.769,0.4659,0.460,0.470,26.85,0.530,0.540,1302.15,0.07,5,1302.15,2017.72,227.85,-0.0000919,-0.0001227,0.0000623
1790632020.9,1790631900,120.9,179.1,83366.65,chainlink,83381.21,twap60,,2.769,0.3279,0.280,0.290,31.75,0.710,0.720,518.45,0.07,5,518.45,1614.63,1339.65,-0.0001090,-0.0003088,-0.0001358
1790632036.0,1790631900,136.0,164.0,83358.33,chainlink,83381.21,twap60,,2.769,0.2291,0.190,0.210,296.68,0.790,0.810,390.50,0.07,5,390.50,1120.70,2007.52,-0.0000951,-0.0003770,-0.0002558
1790632051.0,1790631900,151.0,149.0,83356.20,chainlink,83381.21,twap60,,2.769,0.1936,0.190,0.200,176.84,0.800,0.810,65.00,0.07,5,65.00,1085.51,1060.24,-0.0000321,-0.0003565,-0.0003084
1790632065.0,1790631900,165.0,135.0,83356.05,chainlink,83381.21,twap60,,2.769,0.1757,0.140,0.150,591.11,0.850,0.860,10.00,0.07,5,10.00,4174.94,2064.09,-0.0000023,-0.0002361,-0.0003353
1790632080.0,1790631900,180.0,120.0,83356.72,chainlink,83381.21,twap60,,2.769,0.1614,0.130,0.140,272.00,0.860,0.870,441.00,0.07,5,441.00,2380.12,3030.67,0.0000076,-0.0001144,-0.0003441
1790632095.1,1790631900,195.1,104.9,83356.69,chainlink,83381.21,twap60,,2.769,0.1360,0.070,0.080,447.10,0.920,0.930,584.25,0.07,5,584.25,3029.61,2115.07,0.0000060,-0.0000263,-0.0002868
1790632110.1,1790631900,210.1,89.9,83355.52,chainlink,83381.21,twap60,,2.769,0.0946,0.040,0.050,665.29,0.950,0.960,280.45,0.07,5,280.45,5903.93,4025.08,-0.0000147,-0.0000088,-0.0002537
1790632125.1,1790631900,225.1,74.9,83353.02,chainlink,83381.21,twap60,,2.769,0.0425,0.010,0.020,635.19,0.980,0.990,3058.48,0.07,5,3058.48,3058.48,2233.84,-0.0000184,-0.0000368,-0.0003025
1790632140.1,1790631900,240.1,59.9,83353.32,chainlink,83381.21,twap60,83353.32,2.769,0.0120,,0.010,3938.42,0.990,,,0.07,5,,,6619.50,0.0000113,-0.0000344,-0.0002780
1790632155.1,1790631900,255.1,44.9,83353.26,chainlink,83381.21,twap60,83353.41,2.769,0.0010,,0.010,14944.13,0.990,,,0.07,5,,,17581.15,-0.0000008,-0.0000419,-0.0003297
1790632170.1,1790631900,270.1,29.9,83357.61,chainlink,83381.21,twap60,83355.44,2.769,0.0010,,0.010,41825.95,0.990,,,0.07,5,,,44355.86,0.0000038,0.0000367,-0.0002907
1790632185.2,1790631900,285.2,14.8,83358.93,chainlink,83381.21,twap60,83356.59,2.769,0.0010,,0.010,63360.67,0.990,,,0.07,5,,,67656.49,0.0000025,0.0000786,-0.0002675
1790632215.2,1790632200,15.2,284.8,83358.78,chainlink,83356.75,twap60,,2.735,0.5190,0.510,0.520,533.98,0.480,0.490,107.13,0.07,5,107.13,1962.73,3386.63,-0.0000129,0.0000179,-0.0003169
1790632230.2,1790632200,30.2,269.8,83353.46,chainlink,83356.75,twap60,,2.735,0.4684,0.420,0.430,136.00,0.570,0.580,1425.35,0.07,5,1425.35,3688.95,742.45,-0.0000551,-0.0000632,-0.0004064
1790632245.3,1790632200,45.3,254.7,83353.64,chainlink,83356.75,twap60,,2.735,0.4691,0.440,0.450,30.00,0.550,0.560,1253.93,0.07,5,1253.93,3614.89,951.45,-0.0000057,-0.0000590,-0.0004181
1790632260.3,1790632200,60.3,239.7,83353.06,chainlink,83356.75,twap60,,2.735,0.4621,0.410,0.420,69.00,0.580,0.590,1276.39,0.07,5,1276.39,3340.81,329.35,-0.0000053,-0.0000815,-0.0004717
1790632275.3,1790632200,75.3,224.7,83352.09,chainlink,83356.75,twap60,,2.735,0.4501,0.400,0.410,451.03,0.590,0.600,237.30,0.07,5,237.30,2490.38,1329.14,-0.0000075,-0.0000715,-0.0004519
1790632290.3,1790632200,90.3,209.7,83334.22,chainlink,83356.75,twap60,,2.735,0.2636,0.210,0.220,88.26,0.780,0.790,1822.58,0.07,5,1827.58,4307.79,927.11,-0.0002146,-0.0002387,-0.0006202
1790632305.3,1790632200,105.3,194.7,83281.15,chainlink,83356.75,twap60,,2.735,0.0131,0.030,0.040,69.49,0.960,0.970,1108.60,0.07,5,1148.60,10897.96,2401.45,-0.0005759,-0.0008684,-0.0011351
1790632320.4,1790632200,120.4,179.6,83298.39,chainlink,83356.75,twap60,,2.735,0.0355,0.080,0.090,101.99,0.910,0.920,299.97,0.07,5,299.97,3529.67,2678.23,0.0002078,-0.0006519,-0.0008144
1790632335.4,1790632200,135.4,164.6,83301.93,chainlink,83356.75,twap60,,2.735,0.0363,0.070,0.080,375.86,0.920,0.930,217.64,0.07,5,222.64,3650.61,2847.72,0.0000258,-0.0006023,-0.0006835
1790632350.4,1790632200,150.4,149.6,83316.36,chainlink,83356.75,twap60,,2.735,0.0792,0.240,0.250,298.81,0.750,0.760,1040.20,0.07,5,1012.20,2342.20,469.81,0.0001749,-0.0001532,-0.0004786
1790632365.4,1790632200,165.4,134.6,83330.43,chainlink,83356.75,twap60,,2.735,0.1612,0.190,0.200,1167.18,0.800,0.810,37.89,0.07,5,37.89,662.89,4151.18,0.0001357,0.0005923,-0.0003078
1790632380.5,1790632200,180.5,119.5,83331.78,chainlink,83356.75,twap60,,2.735,0.1531,0.150,0.160,433.61,0.840,0.850,73.20,0.07,5,73.20,1681.72,1394.27,-0.0000148,0.0003841,-0.0002928
1790632395.5,1790632200,195.5,104.5,83335.34,chainlink,83356.75,twap60,,2.735,0.1650,0.160,0.170,334.00,0.830,0.840,445.31,0.07,5,445.31,3770.81,1043.16,0.0000363,0.0004027,-0.0002568
1790632410.5,1790632200,210.5,89.5,83316.09,chainlink,83356.75,twap60,,2.735,0.0173,0.010,0.020,2038.88,0.980,0.990,1779.82,0.07,5,1779.82,1779.82,5480.51,-0.0002373,-0.0000364,-0.0004615
1790632425.5,1790632200,225.5,74.5,83282.63,chainlink,83356.75,twap60,,2.735,0.0010,,0.010,11130.70,0.990,,,0.07,5,,,15416.70,-0.0004017,-0.0006048,-0.0008372
1790632440.5,1790632200,240.5,59.5,83262.05,chainlink,83356.75,twap60,83262.05,2.735,0.0010,,0.010,29372.76,0.990,,,0.07,5,,,33704.31,-0.0002464,-0.0008436,-0.0010957
1790632455.6,1790632200,255.6,44.4,83207.65,chainlink,83356.75,twap60,83229.92,2.735,0.0010,,0.010,41362.87,0.990,,,0.07,5,,,45913.23,-0.0006537,-0.0015397,-0.0017968
1790632470.6,1790632200,270.6,29.4,83191.05,chainlink,83356.75,twap60,83215.91,2.735,0.0010,,0.010,74510.52,0.990,,,0.07,5,,,78350.88,-0.0002030,-0.0015019,-0.0020136
1790632485.6,1790632200,285.6,14.4,83226.43,chainlink,83356.75,twap60,83214.54,2.735,0.0010,,0.010,64305.30,0.990,,,0.07,5,,,68101.66,0.0004302,-0.0006743,-0.0015863
1790632515.6,1790632500,15.6,284.4,83209.66,chainlink,83214.63,twap60,,3.147,0.4598,0.540,0.550,1087.51,0.450,0.460,1177.03,0.07,5,1177.03,1943.53,2130.51,0.0000288,0.0000207,-0.0017817
1790632530.6,1790632500,30.6,269.4,83219.66,chainlink,83214.63,twap60,,3.147,0.5420,0.550,0.560,54.14,0.440,0.450,876.02,0.07,5,876.02,3249.32,1321.06,0.0001187,0.0003488,-0.0016144
1790632545.7,1790632500,45.7,254.3,83219.32,chainlink,83214.63,twap60,,3.147,0.5406,0.560,0.570,440.12,0.430,0.440,83.42,0.07,5,83.42,1188.12,2847.97,-0.0000055,-0.0000683,-0.0016111
1790632560.7,1790632500,60.7,239.3,83220.42,chainlink,83214.63,twap60,,3.147,0.5518,0.570,0.580,405.00,0.420,0.430,962.46,0.07,5,962.46,3490.46,821.42,0.0000146,0.0001581,-0.0015884
1790632575.7,1790632500,75.7,224.3,83220.28,chainlink,83214.63,twap60,,3.147,0.5527,0.570,0.580,49.34,0.420,0.430,1547.41,0.07,5,1547.41,3224.85,492.34,-0.0000025,0.0001263,-0.0015828
1790632590.7,1790632500,90.7,209.3,83215.85,chainlink,83214.63,twap60,,3.147,0.5119,0.460,0.470,728.73,0.530,0.540,165.00,0.07,5,165.00,1356.18,2911.76,-0.0000537,-0.0000472,-0.0013602
1790632605.7,1790632500,105.7,194.3,83214.08,chainlink,83214.63,twap60,,3.147,0.4944,0.480,0.490,39.79,0.510,0.520,1850.16,0.07,5,1850.16,3668.48,1445.26,-0.0000012,-0.0000615,-0.0008049
1790632620.8,1790632500,120.8,179.2,83211.30,chainlink,83214.63,twap60,,3.147,0.4643,0.450,0.460,50.00,0.540,0.550,3058.91,0.07,5,3058.91,4772.03,1017.38,-0.0000334,-0.0001104,-0.0010627
1790632635.8,1790632500,135.8,164.2,83215.47,chainlink,83214.63,twap60,,3.147,0.5096,0.560,0.580,24.46,0.420,0.440,25.00,0.07,5,25.00,2445.97,444.15,0.0000492,-0.0000583,-0.0010367
1790632650.8,1790632500,150.8,149.2,83217.31,chainlink,83214.63,twap60,,3.147,0.5325,0.540,0.550,557.41,0.450,0.460,59.73,0.07,5,59.73,1124.18,2139.80,0.0000273,0.0000376,-0.0012227
1790632665.8,1790632500,165.8,134.2,83204.74,chainlink,83214.63,twap60,,3.147,0.3730,0.330,0.340,91.61,0.660,0.670,904.15,0.07,5,949.15,1966.86,804.26,-0.0001510,-0.0001122,-0.0015405
1790632680.8,1790632500,180.8,119.2,83202.34,chainlink,83214.63,twap60,,3.147,0.3303,0.310,0.320,16.61,0.680,0.690,1025.09,0.07,5,1025.09,1806.09,216.61,-0.0000288,-0.0001086,-0.0015610
1790632695.9,1790632500,195.9,104.1,83188.88,chainlink,83214.63,twap60,,3.147,0.1535,0.170,0.180,241.21,0.820,0.830,153.50,0.07,5,153.50,918.11,936.69,-0.0001596,-0.0003143,-0.0017653
1790632710.9,1790632500,210.9,89.1,83187.93,chainlink,83214.63,twap60,,3.147,0.1130,0.120,0.130,257.97,0.870,0.880,150.60,0.07,5,150.60,1933.80,867.63,-0.0000093,-0.0003531,-0.0015394
1790632725.9,1790632500,225.9,74.1,83189.89,chainlink,83214.63,twap60,,3.147,0.0891,0.100,0.110,569.11,0.890,0.900,205.40,0.07,5,205.40,1046.77,1649.06,0.0000237,-0.0001785,-0.0011135
1790632740.9,1790632500,240.9,59.1,83222.22,chainlink,83214.63,twap60,83222.22,3.147,0.7097,0.900,0.910,91.88,0.090,0.100,39.86,0.07,5,39.86,893.19,836.88,0.0003858,0.0002411,-0.0004785
1790632756.0,1790632500,256.0,44.0,83176.66,chainlink,83214.63,twap60,83205.05,3.147,0.0010,,0.010,9594.63,0.990,,,0.07,5,,,11006.63,-0.0005503,-0.0001448,-0.0003760
1790632771.0,1790632500,271.0,29.0,83177.16,chainlink,83214.63,twap60,83191.37,3.147,0.0010,,0.010,30155.24,0.990,,,0.07,5,,,30612.90,0.0000110,-0.0001293,-0.0001620
1790632786.0,1790632500,286.0,14.0,83177.24,chainlink,83214.63,twap60,83186.94,3.147,0.0010,,0.010,60367.01,0.990,,,0.07,5,,,61117.47,-0.0000022,-0.0001548,-0.0005740
1790632815.0,1790632800,15.0,285.0,83190.33,chainlink,83185.31,twap60,,2.996,0.5426,0.510,0.520,342.78,0.480,0.490,4273.90,0.07,5,4273.90,33971.38,2509.78,0.0001358,0.0001693,-0.0002338
1790632830.1,1790632800,30.1,269.9,83161.23,chainlink,83185.31,twap60,,2.996,0.2980,0.530,0.540,568.62,0.460,0.470,218.33,0.07,5,223.64,33410.97,1218.29,-0.0001158,-0.0001947,-0.0007038
1790632845.1,1790632800,45.1,254.9,83151.11,chainlink,83185.31,twap60,,2.996,0.2181,0.510,0.520,234.98,0.480,0.490,133.33,0.07,5,133.33,27445.60,990.98,-0.0001238,-0.0003069,-0.0008185
1790632860.1,1790632800,60.1,239.9,83134.64,chainlink,83185.31,twap60,,2.996,0.1158,0.430,0.440,468.29,0.560,0.570,0.41,0.07,5,28.94,500.94,2170.16,-0.0001527,-0.0005338,-0.0010322
1790632875.1,1790632800,75.1,224.9,83133.78,chainlink,83185.31,twap60,,2.996,0.1029,0.320,0.330,17.33,0.670,0.680,666.22,0.07,5,666.22,1578.42,379.33,-0.0000114,-0.0004460,-0.0010405
1790632890.1,1790632800,90.1,209.9,83136.58,chainlink,83185.31,twap60,,2.996,0.1060,0.320,0.330,615.18,0.670,0.680,51.90,0.07,5,51.90,754.10,2203.53,0.0000314,-0.0002986,-0.0009330
1790632905.2,1790632800,105.2,194.8,83145.35,chainlink,83185.31,twap60,,2.996,0.1419,0.320,0.330,401.02,0.670,0.680,135.00,0.07,5,135.00,1199.18,2088.63,0.0001045,-0.0000238,-0.0008262
1790632920.2,1790632800,120.2,179.8,83133.95,chainlink,83185.31,twap60,,2.996,0.0735,0.240,0.250,217.33,0.750,0.760,148.43,0.07,5,153.75,1408.14,1523.33,-0.0001344,-0.0000093,-0.0009309
1790632935.2,1790632800,135.2,164.8,83120.98,chainlink,83185.31,twap60,,2.996,0.0273,0.130,0.140,132.02,0.860,0.870,953.90,0.07,5,953.90,2115.63,638.78,-0.0001560,-0.0001563,-0.0011309
1790632950.2,1790632800,150.2,149.8,83075.60,chainlink,83185.31,twap60,,2.996,0.0010,0.050,0.060,103.41,0.940,0.950,1955.80,0.07,5,1955.80,4190.96,1620.05,-0.0005462,-0.0007348,-0.0017043
1790632965.3,1790632800,165.3,134.7,83073.04,chainlink,83185.31,twap60,,2.996,0.0010,0.040,0.050,192.39,0.950,0.960,235.24,0.07,5,235.24,4270.91,1114.93,-0.0000960,-0.0008672,-0.0015840
1790632980.3,1790632800,180.3,119.7,83117.93,chainlink,83185.31,twap60,,2.996,0.0059,0.160,0.170,37.81,0.830,0.840,125.18,0.07,5,85.00,2192.56,399.10,0.0004466,-0.0001926,-0.0010129
1790632995.3,1790632800,195.3,104.7,83127.82,chainlink,83185.31,twap60,,2.996,0.0085,0.120,0.130,11.49,0.870,0.880,114.26,0.07,5,109.00,2491.59,56.78,0.0000489,0.0000821,-0.0007322
1790633010.3,1790632800,210.3,89.7,83143.45,chainlink,83185.31,twap60,,2.996,0.0237,0.310,0.320,135.00,0.680,0.690,58.17,0.07,5,50.26,797.89,367.00,0.0001280,0.0007511,-0.0005347
1790633025.3,1790632800,225.3,74.7,83181.04,chainlink,83185.31,twap60,,2.996,0.4044,0.530,0.540,60.00,0.460,0.470,33.72,0.07,5,33.72,193.92,2009.65,0.0003102,0.0012056,-0.0001091
1790633040.4,1790632800,240.4,59.6,83142.13,chainlink,83185.31,twap60,83142.13,2.996,0.0010,0.010,0.020,1347.97,0.980,0.990,2208.70,0.07,5,2208.70,2208.70,1832.97,-0.0004668,0.0002210,-0.0009656
1790633055.4,1790632800,255.4,44.6,83138.55,chainlink,83185.31,twap60,83136.50,2.996,0.0010,,0.010,21930.32,0.990,,,0.07,5,,,23372.83,0.0000465,0.0000691,-0.0004533
1790633070.4,1790632800,270.4,29.6,83168.92,chainlink,83185.31,twap60,83142.36,2.996,0.0010,,0.010,8521.14,0.990,,,0.07,5,,,9135.69,0.0003674,0.0001644,-0.0001023
1790633085.4,1790632800,285.4,14.6,83145.37,chainlink,83185.31,twap60,83150.39,2.996,0.0010,,0.010,49566.07,0.990,,,0.07,5,,,50631.38,-0.0004395,-0.0004279,-0.0003760
1790633115.5,1790633100,15.5,284.5,83122.61,chainlink,83147.32,twap60,,3.016,0.3002,0.410,0.420,100.00,0.580,0.590,1374.97,0.07,5,1374.97,2601.12,445.14,-0.0002757,-0.0001895,-0.0005803
1790633130.5,1790633100,30.5,269.5,83125.86,chainlink,83147.32,twap60,,3.016,0.3193,0.300,0.310,416.86,0.690,0.700,215.00,0.07,5,215.00,2499.86,1273.46,0.0000293,-0.0006741,-0.0004275
1790633145.5,1790633100,45.5,254.5,83102.20,chainlink,83147.32,twap60,,3.016,0.1535,0.220,0.230,100.73,0.770,0.780,135.93,0.07,5,135.93,4209.80,925.18,-0.0001684,-0.0004570,-0.0005430
1790633160.5,1790633100,60.5,239.5,83081.54,chainlink,83147.32,twap60,,3.016,0.0612,0.160,0.170,420.06,0.830,0.840,184.43,0.07,5,184.43,4329.19,1417.83,-0.0001822,-0.0007700,-0.0006400
1790633175.6,1790633100,75.6,224.4,83076.02,chainlink,83147.32,twap60,,3.016,0.0408,0.190,0.210,180.00,0.790,0.810,176.00,0.07,5,176.00,1867.74,2071.01,-0.0000478,-0.0005705,-0.0006973
1790633190.6,1790633100,90.6,209.4,83074.51,chainlink,83147.32,twap60,,3.016,0.0318,0.120,0.130,362.77,0.870,0.880,177.00,0.07,5,177.00,3081.44,1470.25,0.0000300,-0.0005017,-0.0007480
1790633205.6,1790633100,105.6,194.4,83062.94,chainlink,83147.32,twap60,,3.016,0.0122,0.100,0.110,782.41,0.890,0.900,866.18,0.07,5,866.18,4351.45,2152.41,-0.0001393,-0.0004060,-0.0009888
1790633220.6,1790633100,120.6,179.4,83068.11,chainlink,83147.32,twap60,,3.016,0.0130,0.090,0.100,200.11,0.900,0.910,1684.45,0.07,5,1684.45,4318.59,1424.91,0.0000638,-0.0001429,-0.0007922
1790633235.7,1790633100,135.7,164.3,83076.32,chainlink,83147.32,twap60,,3.016,0.0174,0.090,0.100,315.38,0.900,0.910,103.45,0.07,5,187.45,4597.73,1046.36,0.0000998,0.0000519,-0.0005375
1790633250.7,1790633100,150.7,149.3,83075.93,chainlink,83147.32,twap60,,3.016,0.0118,0.070,0.080,633.48,0.920,0.930,248.52,0.07,5,248.52,4702.86,2076.49,-0.0000098,0.0000170,-0.0000613
1790633265.7,1790633100,165.7,134.3,83071.52,chainlink,83147.32,twap60,,3.016,0.0048,0.040,0.050,727.22,0.950,0.960,448.15,0.07,5,448.15,16626.24,2303.26,-0.0000532,0.0001048,-0.0001119
1790633280.7,1790633100,180.7,119.3,83073.19,chainlink,83147.32,twap60,,3.016,0.0029,0.030,0.040,1502.56,0.960,0.970,326.38,0.07,5,326.38,6517.02,2578.66,0.0000240,0.0000620,-0.0006085
1790633295.8,1790633100,195.8,104.3,83089.30,chainlink,83147.32,twap60,,3.016,0.0082,0.040,0.050,319.78,0.950,0.960,211.91,0.07,5,179.00,11141.85,2432.56,0.0002009,0.0001511,-0.0005235
1790633310.8,1790633100,210.8,89.2,83092.26,chainlink,83147.32,twap60,,3.016,0.0046,0.090,0.100,45.00,0.900,0.910,1660.00,0.07,5,2092.00,3467.60,517.00,0.0000384,0.0001964,-0.0007577
1790633325.8,1790633100,225.8,74.2,83108.88,chainlink,83147.32,twap60,,3.016,0.0147,0.120,0.130,90.00,0.870,0.880,4824.00,0.07,5,4824.00,6617.59,205.87,0.0001911,0.0004535,-0.0008668
1790633340.8,1790633100,240.8,59.2,83140.31,chainlink,83147.32,twap60,83140.31,3.016,0.2980,0.330,0.340,149.00,0.660,0.670,136.31,0.07,5,181.31,509.31,1444.00,0.0003747,0.0008146,0.0000677
1790633355.8,1790633100,255.8,44.2,83128.26,chainlink,83147.32,twap60,83131.91,3.016,0.0169,0.030,0.040,412.00,0.960,0.970,65.34,0.07,5,65.34,2952.11,2211.97,-0.0001474,0.0004716,-0.0001215
1790633370.8,1790633100,270.8,29.2,83110.14,chainlink,83147.32,twap60,83125.52,3.016,0.0010,,0.010,41784.91,0.990,,,0.07,5,,,43388.91,-0.0002185,0.0002063,-0.0008632
1790633385.8,1790633100,285.8,14.2,83139.19,chainlink,83147.32,twap60,83126.13,3.016,0.0010,,0.010,56394.94,0.990,,,0.07,5,,,58183.66,0.0002172,0.0003612,-0.0000120
1790633415.9,1790633400,15.9,284.1,83139.25,chainlink,83129.21,twap60,,3.472,0.5734,0.550,0.560,183.00,0.440,0.450,130.07,0.07,5,130.07,888.35,727.00,0.0000124,0.0001317,0.0001904
1790633430.9,1790633400,30.9,269.1,83121.41,chainlink,83129.21,twap60,,3.472,0.4410,0.520,0.530,967.06,0.470,0.480,543.58,0.07,5,543.58,2373.12,1890.92,-0.0001989,0.0000033,0.0000628
1790633445.9,1790633400,45.9,254.1,83152.59,chainlink,83129.21,twap60,,3.472,0.6774,0.710,0.720,60.00,0.280,0.290,166.00,0.07,5,521.00,949.87,2054.23,0.0003726,0.0001602,0.0006727
1790633461.0,1790633400,61.0,239.0,83156.18,chainlink,83129.21,twap60,,3.472,0.7091,0.730,0.740,1553.87,0.260,0.270,48.69,0.07,5,48.69,510.69,3265.87,0.0000135,0.0002160,0.0009167
1790633476.0,1790633400,76.0,224.0,83152.61,chainlink,83129.21,twap60,,3.472,0.6904,0.630,0.640,304.69,0.360,0.370,368.00,0.07,5,368.00,1989.53,1687.69,-0.0000427,0.0001763,0.0009698
1790633490.0,1790633400,90.0,210.0,83144.11,chainlink,83129.21,twap60,,3.472,0.6290,0.640,0.650,132.69,0.350,0.360,211.59,0.07,5,211.59,986.15,2540.69,-0.0001037,0.0002707,0.0008374
1790633505.0,1790633400,105.0,195.0,83150.97,chainlink,83129.21,twap60,,3.472,0.6927,0.740,0.750,1260.16,0.250,0.260,26.30,0.07,5,26.30,402.30,2823.19,0.0000861,-0.0000492,0.0010607
1790633520.1,1790633400,120.1,179.9,83160.22,chainlink,83129.21,twap60,,3.472,0.7749,0.830,0.840,69.10,0.160,0.170,530.22,0.07,5,530.22,1792.64,469.10,0.0001133,0.0000487,0.0011091
1790633535.1,1790633400,135.1,164.9,83160.72,chainlink,83129.21,twap60,,3.472,0.7916,0.860,0.870,133.55,0.130,0.140,464.44,0.07,5,464.44,1524.21,1913.94,0.0000144,0.0000960,0.0010102
1790633550.1,1790633400,150.1,149.9,83162.87,chainlink,83129.21,twap60,,3.472,0.8225,0.890,0.900,247.93,0.100,0.110,15.00,0.07,5,15.00,895.04,2567.34,0.0000317,0.0002292,0.0010459
1790633565.1,1790633400,165.1,134.9,83166.36,chainlink,83129.21,twap60,,3.472,0.8640,0.920,0.930,135.00,0.070,0.080,86.24,0.07,5,86.24,1893.64,3166.53,0.0000484,0.0001871,0.0011449
1790633580.1,1790633400,180.1,119.9,83169.05,chainlink,83129.21,twap60,,3.472,0.9005,0.940,0.950,178.74,0.050,0.060,223.30,0.07,5,223.30,712.00,5145.35,0.0000377,0.0001146,0.0011602
1790633595.2,1790633400,195.2,104.8,83175.74,chainlink,83129.21,twap60,,3.472,0.9520,0.970,0.980,2336.39,0.020,0.030,145.30,0.07,5,145.30,1046.37,11713.30,0.0000765,0.0001864,0.0010425
1790633610.2,1790633400,210.2,89.8,83175.21,chainlink,83129.21,twap60,,3.472,0.9698,0.970,0.980,393.68,0.020,0.030,785.51,0.07,5,785.51,1814.99,8271.63,-0.0000027,0.0001549,0.0009890
1790633625.2,1790633400,225.2,74.8,83170.40,chainlink,83129.21,twap60,,3.472,0.9779,0.960,0.970,102.30,0.030,0.040,564.38,0.07,5,564.38,1289.50,2022.46,-0.0000578,0.0000538,0.0007365
1790633640.2,1790633400,240.2,59.8,83166.18,chainlink,83129.21,twap60,83166.18,3.472,0.9917,0.990,,,,0.010,8713.53,0.07,5,8713.53,13760.34,,-0.0000257,-0.0000384,0.0003086
1790633655.3,1790633400,255.3,44.7,83172.04,chainlink,83129.21,twap60,83170.14,3.472,0.9990,0.990,,,,0.010,36983.95,0.07,5,36983.95,42430.68,,0.0000365,-0.0000408,0.0005261
1790633670.3,1790633400,270.3,29.7,83171.83,chainlink,83129.21,twap60,83171.21,3.472,0.9990,0.990,,,,0.010,51539.31,0.07,5,51539.31,53363.04,,-0.0000004,-0.0000407,0.0006096
1790633685.3,1790633400,285.3,14.7,83170.32,chainlink,83129.21,twap60,83171.35,3.472,0.9990,0.990,,,,0.010,73258.63,0.07,5,73258.63,75102.36,,-0.0000192,0.0000240,0.0003734
1790633715.3,1790633700,15.3,284.7,83120.96,chainlink,83170.78,twap60,,3.500,0.1814,0.200,0.210,554.64,0.790,0.800,98.45,0.07,5,98.45,2659.01,2583.13,-0.0003126,-0.0006122,-0.0002044
1790633730.4,1790633700,30.4,269.6,83125.08,chainlink,83170.78,twap60,,3.500,0.1944,0.220,0.230,652.30,0.770,0.780,65.00,0.07,5,65.00,2420.60,2426.19,0.0000565,-0.0005633,0.0000417
1790633745.4,1790633700,45.4,254.6,83124.36,chainlink,83170.78,twap60,,3.500,0.1826,0.200,0.210,592.16,0.790,0.800,568.00,0.07,5,568.00,2284.44,2231.56,-0.0000059,-0.0005546,-0.0003692
1790633760.4,1790633700,60.4,239.6,83112.91,chainlink,83170.78,twap60,,3.500,0.1209,0.170,0.190,2.89,0.810,0.820,50.00,0.07,5,188.33,4717.61,926.56,-0.0001368,-0.0004094,-0.0005202
1790633775.4,1790633700,75.4,224.6,83117.38,chainlink,83170.78,twap60,,3.500,0.1307,0.150,0.160,386.32,0.840,0.850,217.85,0.07,5,217.85,2760.00,1831.73,0.0000505,-0.0000360,-0.0004252
1790633790.5,1790633700,90.5,209.5,83120.27,chainlink,83170.78,twap60,,3.500,0.1339,0.140,0.150,530.17,0.850,0.860,205.00,0.07,5,205.00,2893.75,2497.62,0.0000312,-0.0000551,-0.0002832
1790633805.5,1790633700,105.5,194.5,83130.19,chainlink,83170.78,twap60,,3.500,0.1754,0.260,0.270,32.37,0.730,0.740,1812.78,0.07,5,1812.78,3293.78,737.82,0.0001243,0.0000711,-0.0002478
1790633820.5,1790633700,120.5,179.5,83138.95,chainlink,83170.78,twap60,,3.500,0.2207,0.220,0.230,581.79,0.770,0.780,170.00,0.07,5,170.00,2805.43,2870.95,0.0000535,0.0003100,-0.0002474
1790633835.5,1790633700,135.5,164.5,83140.76,chainlink,83170.78,twap60,,3.500,0.2210,0.380,0.390,714.89,0.610,0.620,45.00,0.07,5,45.00,1141.48,2398.59,0.0000228,0.0002777,-0.0002341
1790633850.5,1790633700,150.5,149.5,83155.57,chainlink,83170.78,twap60,,3.500,0.3389,0.350,0.360,40.00,0.640,0.650,770.95,0.07,5,770.95,2618.49,1081.45,0.0000231,0.0004295,-0.0000813
1790633865.6,1790633700,165.6,134.4,83169.23,chainlink,83170.78,twap60,,3.500,0.4818,0.570,0.580,104.00,0.420,0.430,324.32,0.07,5,324.32,2063.72,331.69,0.0001621,0.0004176,0.0000398
1790633880.6,1790633700,180.6,119.4,83172.56,chainlink,83170.78,twap60,,3.500,0.5227,0.540,0.550,400.86,0.450,0.460,386.39,0.07,5,186.39,1282.39,1482.49,0.0000355,0.0004052,0.0000383
1790633895.6,1790633700,195.6,104.4,83179.29,chainlink,83170.78,twap60,,3.500,0.6190,0.750,0.760,445.97,0.240,0.250,156.55,0.07,5,156.55,542.15,990.89,0.0000781,0.0003083,0.0000463
1790633910.6,1790633700,210.6,89.4,83183.40,chainlink,83170.78,twap60,,3.500,0.6960,0.770,0.780,1312.66,0.220,0.230,94.00,0.07,5,94.00,760.41,2346.94,0.0000306,0.0003325,0.0000985
1790633925.6,1790633700,225.6,74.4,83182.93,chainlink,83170.78,twap60,,3.500,0.7231,0.830,0.840,191.24,0.160,0.170,436.38,0.07,5,436.38,1088.38,2087.24,-0.0000061,0.0001602,0.0001757
1790633940.7,1790633700,240.7,59.3,83182.54,chainlink,83170.78,twap60,83182.54,3.500,0.7774,0.850,0.860,979.96,0.140,0.150,272.53,0.07,5,272.53,517.53,1463.96,-0.0000154,0.0001172,0.0001627
1790633955.7,1790633700,255.7,44.3,83178.28,chainlink,83170.78,twap60,83177.86,3.500,0.7714,0.970,0.980,65.45,0.020,0.030,734.88,0.07,5,734.88,1206.42,3672.14,-0.0000494,-0.0000309,0.0000772
1790633970.7,1790633700,270.7,29.3,83182.42,chainlink,83170.78,twap60,83179.63,3.500,0.9720,0.990,,,,0.010,286.99,0.07,5,286.99,2610.60,,0.0000493,-0.0000122,0.0001264
1790633985.7,1790633700,285.7,14.3,83183.63,chainlink,83170.78,twap60,83180.83,3.500,0.9990,0.990,,,,0.010,34357.30,0.07,5,34357.30,36883.58,,0.0000137,-0.0000022,0.0001583
1790634015.7,1790634000,15.7,284.3,83176.89,chainlink,83181.52,twap60,,3.515,0.4665,0.450,0.460,1793.73,0.540,0.550,56.00,0.07,5,56.00,847.39,2973.12,-0.0000846,-0.0000172,0.0006797
1790634030.8,1790634000,30.8,269.2,83146.04,chainlink,83181.52,twap60,,3.515,0.2525,0.250,0.260,163.76,0.740,0.750,731.43,0.07,5,731.43,4490.00,1645.76,-0.0003709,-0.0004383,0.0002548
1790634045.8,1790634000,45.8,254.2,83163.89,chainlink,83181.52,twap60,,3.515,0.3659,0.340,0.350,914.56,0.650,0.660,178.69,0.07,5,178.69,974.95,3036.98,0.0001995,-0.0002376,0.0004764
1790634060.8,1790634000,60.8,239.2,83174.42,chainlink,83181.52,twap60,,3.515,0.4431,0.470,0.480,1420.96,0.520,0.530,60.00,0.07,5,60.00,776.00,4507.19,0.0001269,-0.0001143,0.0007365
1790634075.8,1790634000,75.8,224.2,83173.79,chainlink,83181.52,twap60,,3.515,0.4357,0.460,0.470,40.00,0.530,0.540,1494.10,0.07,5,1494.10,3371.79,650.35,-0.0000098,-0.0000371,0.0006749
1790634090.9,1790634000,90.9,209.1,83182.10,chainlink,83181.52,twap60,,3.515,0.5051,0.540,0.550,1539.44,0.450,0.460,532.40,0.07,5,532.40,1906.38,3603.16,0.0000994,0.0004184,0.0007485
1790634105.9,1790634000,105.9,194.1,83183.98,chainlink,83181.52,twap60,,3.515,0.5225,0.640,0.650,403.08,0.350,0.360,582.96,0.07,5,582.96,1395.96,773.08,0.0000329,0.0002418,0.0005949
1790634120.9,1790634000,120.9,179.1,83188.91,chainlink,83181.52,twap60,,3.515,0.5707,0.650,0.660,1428.22,0.340,0.350,104.00,0.07,5,104.00,1858.91,2580.56,0.0000644,0.0001720,0.0006017
1790634135.9,1790634000,135.9,164.1,83187.11,chainlink,83181.52,twap60,,3.515,0.5568,0.670,0.680,508.00,0.320,0.330,998.41,0.07,5,998.41,2235.68,1990.00,-0.0000311,0.0001597,0.0004024
1790634150.9,1790634000,150.9,149.1,83188.19,chainlink,83181.52,twap60,,3.515,0.5721,0.670,0.680,1464.74,0.320,0.330,10.00,0.07,5,10.00,319.33,3570.74,-0.0000004,0.0000835,0.0003900
1790634166.0,1790634000,166.0,134.0,83183.98,chainlink,83181.52,twap60,,3.515,0.5288,0.510,0.520,68.07,0.480,0.490,830.60,0.07,5,830.60,4747.83,390.07,-0.0000483,0.0000051,0.0001727
1790634181.0,1790634000,181.0,119.0,83178.19,chainlink,83181.52,twap60,,3.515,0.4575,0.330,0.340,87.00,0.660,0.670,254.19,0.07,5,209.19,837.53,606.98,-0.0000770,-0.0001384,0.0000648
1790634195.0,1790634000,195.0,105.0,83173.28,chainlink,83181.52,twap60,,3.515,0.3857,0.270,0.280,212.00,0.720,0.730,145.27,0.07,5,145.27,1574.36,598.00,-0.0000646,-0.0001796,-0.0000910
1790634210.0,1790634000,210.0,90.0,83156.54,chainlink,83181.52,twap60,,3.515,0.1574,0.100,0.110,662.09,0.890,0.900,7.21,0.07,5,7.21,2368.25,2022.40,-0.0001955,-0.0003782,-0.0003234
1790634225.0,1790634000,225.0,75.0,83172.23,chainlink,83181.52,twap60,,3.515,0.3276,0.270,0.280,515.16,0.720,0.730,5.00,0.07,5,5.00,259.80,1077.66,0.0001910,-0.0001485,-0.0001392
1790634240.1,1790634000,240.1,59.9,83173.03,chainlink,83181.52,twap60,83173.69,3.515,0.2944,0.140,0.150,144.76,0.850,0.860,1617.00,0.07,5,1622.82,1913.63,440.76,0.0000144,-0.0000676,-0.0001125
1790634255.1,1790634000,255.1,44.9,83166.55,chainlink,83181.52,twap60,83166.06,3.515,0.0691,0.010,0.020,758.88,0.980,0.990,1727.30,0.07,5,1727.30,1727.30,1935.85,-0.0000776,-0.0000751,-0.0001415
1790634270.1,1790634000,270.1,29.9,83167.36,chainlink,83181.52,twap60,83166.80,3.515,0.0045,,0.010,12069.77,0.990,,,0.07,5,,,14020.87,0.0000102,0.0001323,-0.0001819
1790634285.1,1790634000,285.1,14.9,83170.33,chainlink,83181.52,twap60,83167.56,3.515,0.0010,,0.010,46175.79,0.990,,,0.07,5,,,49679.57,0.0000358,-0.0000181,-0.0001601
1790634315.2,1790634300,15.2,284.8,83163.79,chainlink,83168.29,twap60,,3.475,0.4671,0.460,0.470,335.08,0.530,0.540,281.39,0.07,5,281.39,2092.46,3046.25,-0.0000204,-0.0000326,-0.0001574
1790634330.2,1790634300,30.2,269.8,83154.59,chainlink,83168.29,twap60,,3.475,0.3974,0.400,0.410,1288.08,0.590,0.600,52.95,0.07,5,52.95,680.69,3950.90,-0.0001106,-0.0001536,0.0000876
1790634345.2,1790634300,45.2,254.8,83170.39,chainlink,83168.29,twap60,,3.475,0.5165,0.560,0.570,62.53,0.430,0.440,665.80,0.07,5,665.80,1438.68,2023.90,0.0001902,-0.0000117,0.0000784
1790634360.2,1790634300,60.2,239.8,83170.60,chainlink,83168.29,twap60,,3.475,0.5188,0.560,0.570,1096.00,0.430,0.440,827.58,0.07,5,827.58,2124.36,2727.00,0.0000069,0.0000615,-0.0000481
1790634375.3,1790634300,75.3,224.7,83171.57,chainlink,83168.29,twap60,,3.475,0.5277,0.620,0.630,1783.59,0.370,0.380,25.66,0.07,5,25.66,365.66,5474.04,0.0000064,0.0000936,-0.0000272
1790634390.3,1790634300,90.3,209.7,83184.63,chainlink,83168.29,twap60,,3.475,0.6409,0.720,0.730,474.33,0.270,0.280,228.06,0.07,5,228.06,1174.06,4496.60,0.0001480,0.0003614,0.0000406
1790634405.3,1790634300,105.3,194.7,83191.61,chainlink,83168.29,twap60,,3.475,0.7053,0.800,0.810,128.21,0.190,0.200,868.05,0.07,5,868.05,2268.34,1865.08,0.0000864,0.0002594,0.0000968
1790634420.3,1790634300,120.3,179.7,83192.03,chainlink,83168.29,twap60,,3.475,0.7184,0.820,0.840,459.67,0.160,0.180,184.57,0.07,5,184.57,1057.57,3439.93,0.0000095,0.0002524,0.0000280
1790634435.4,1790634300,135.4,164.6,83193.93,chainlink,83168.29,twap60,,3.475,0.7457,0.870,0.880,81.99,0.120,0.130,754.33,0.07,5,754.33,2456.93,2751.36,0.0000025,0.0002599,0.0000686
1790634450.4,1790634300,150.4,149.6,83197.38,chainlink,83168.29,twap60,,3.475,0.7881,0.900,0.910,581.92,0.090,0.100,281.33,0.07,5,271.33,2601.80,2717.02,0.0000333,0.0001558,0.0001128
1790634465.4,1790634300,165.4,134.6,83197.93,chainlink,83168.29,twap60,,3.475,0.8098,0.940,0.950,52.73,0.050,0.060,1485.58,0.07,5,1485.58,3041.92,3052.39,0.0000063,0.0000804,0.0001603
1790634480.4,1790634300,180.4,119.6,83200.59,chainlink,83168.29,twap60,,3.475,0.8513,0.950,0.960,751.18,0.040,0.050,876.26,0.07,5,866.26,2708.14,16724.52,0.0000392,0.0000826,0.0002637
1790634495.4,1790634300,195.4,104.6,83197.60,chainlink,83168.29,twap60,,3.475,0.8531,0.950,0.960,276.09,0.040,0.050,90.53,0.07,5,90.53,1418.30,10213.66,-0.0000378,0.0000359,0.0002981
1790634510.5,1790634300,210.5,89.5,83201.00,chainlink,83168.29,twap60,,3.475,0.9095,0.970,0.980,497.48,0.020,0.030,755.41,0.07,5,755.41,2145.26,5189.68,0.0000415,0.0000433,0.0005368
1790634525.5,1790634300,225.5,74.5,83198.51,chainlink,83168.29,twap60,,3.475,0.9306,0.980,0.990,1176.74,0.010,0.020,1133.22,0.07,5,1133.22,2461.23,1176.74,-0.0000299,0.0000142,0.0003207
1790634540.5,1790634300,240.5,59.5,83200.41,chainlink,83168.29,twap60,83200.41,3.475,0.9818,0.990,,,,0.010,4844.17,0.07,5,4844.17,9920.51,,0.0000229,-0.0000040,0.0003293
1790634555.5,1790634300,255.5,44.5,83189.30,chainlink,83168.29,twap60,83194.15,3.475,0.9876,0.990,,,,0.010,8422.34,0.07,5,8422.34,13742.68,,-0.0001364,-0.0000991,0.0002741
1790634570.5,1790634300,270.5,29.5,83193.36,chainlink,83168.29,twap60,83193.83,3.475,0.9990,0.990,,,,0.010,41546.56,0.07,5,41546.56,46666.58,,0.0000175,-0.0000919,0.0003126
1790634585.6,1790634300,285.6,14.4,83195.98,chainlink,83168.29,twap60,83193.83,3.475,0.9990,0.990,,,,0.010,67552.01,0.07,5,67552.01,72956.15,,0.0000273,-0.0000304,0.0002959
1790634615.6,1790634600,15.6,284.4,83200.99,chainlink,83194.69,twap60,,3.486,0.5460,0.560,0.570,635.32,0.430,0.440,290.00,0.07,5,290.00,1212.00,3348.92,0.0000441,0.0001092,0.0004472
1790634630.6,1790634600,30.6,269.4,83201.67,chainlink,83194.69,twap60,,3.486,0.5526,0.600,0.610,696.10,0.390,0.400,403.55,0.07,5,403.55,1581.55,3286.96,0.0000113,0.0000958,0.0005663
1790634645.6,1790634600,45.6,254.4,83203.74,chainlink,83194.69,twap60,,3.486,0.5704,0.640,0.650,523.13,0.350,0.360,988.02,0.07,5,988.02,3304.50,2735.01,0.0000250,0.0000936,0.0004052
1790634660.7,1790634600,60.7,239.3,83204.43,chainlink,83194.69,twap60,,3.486,0.5785,0.650,0.660,1512.73,0.340,0.350,53.00,0.07,5,53.00,718.00,3459.43,0.0000043,0.0000854,0.0004015
1790634675.7,1790634600,75.7,224.3,83204.38,chainlink,83194.69,twap60,,3.486,0.5811,0.640,0.650,1416.21,0.350,0.360,203.00,0.07,5,111.00,836.16,3615.02,-0.0000017,0.0000438,0.0003855
1790634690.7,1790634600,90.7,209.3,83204.06,chainlink,83194.69,twap60,,3.486,0.5819,0.650,0.660,781.12,0.340,0.350,262.30,0.07,5,262.30,1196.37,2467.31,0.0000011,0.0000288,0.0002361
1790634705.7,1790634600,105.7,194.3,83203.96,chainlink,83194.69,twap60,,3.486,0.5848,0.640,0.650,110.00,0.350,0.360,903.68,0.07,5,903.68,3316.64,2208.68,-0.0000012,-0.0000014,0.0001528
1790634720.7,1790634600,120.7,179.3,83204.44,chainlink,83194.69,twap60,,3.486,0.5937,0.660,0.670,221.98,0.330,0.340,1649.97,0.07,5,1649.97,2828.64,1691.50,0.0000058,-0.0000009,0.0001288
1790634735.8,1790634600,135.8,164.2,83211.61,chainlink,83194.69,twap60,,3.486,0.6684,0.720,0.730,155.00,0.270,0.280,959.24,0.07,5,959.24,3426.13,739.92,0.0000862,0.0000918,0.0002043
1790634750.8,1790634600,150.8,149.2,83221.68,chainlink,83194.69,twap60,,3.486,0.7707,0.920,0.930,70.00,0.070,0.080,536.08,0.07,5,526.08,3212.50,2028.51,0.0001218,0.0002118,0.0002918
1790634765.8,1790634600,165.8,134.2,83239.76,chainlink,83194.69,twap60,,3.486,0.9086,0.960,0.970,850.90,0.030,0.040,212.60,0.07,5,212.60,2792.50,9324.35,0.0002045,0.0004301,0.0005098
1790634780.8,1790634600,180.8,119.2,83260.58,chainlink,83194.69,twap60,,3.486,0.9832,0.990,,,,0.010,5269.05,0.07,5,5269.05,10034.57,,0.0002494,0.0006745,0.0007189
1790634795.8,1790634600,195.8,104.2,83272.26,chainlink,83194.69,twap60,,3.486,0.9973,0.990,,,,0.010,7198.87,0.07,5,7198.87,11629.71,,0.0001354,0.0007293,0.0008976
1790634810.9,1790634600,210.9,89.1,83272.72,chainlink,83194.69,twap60,,3.486,0.9990,0.990,,,,0.010,19532.94,0.07,5,19532.94,24095.64,,0.0000063,0.0006005,0.0008617
1790634825.9,1790634600,225.9,74.1,83281.47,chainlink,83194.69,twap60,,3.486,0.9990,0.990,,,,0.010,20026.04,0.07,5,20026.04,24765.20,,0.0001051,0.0005004,0.0009968
1790634840.9,1790634600,240.9,59.1,83283.85,chainlink,83194.69,twap60,83283.85,3.486,0.9990,0.990,,,,0.010,28777.81,0.07,5,28777.81,33054.42,,0.0000277,0.0002747,0.0009995
1790634855.9,1790634600,255.9,44.1,83293.15,chainlink,83194.69,twap60,83287.03,3.486,0.9990,0.990,,,,0.010,35045.43,0.07,5,35045.43,39615.34,,0.0001145,0.0002515,0.0012162
1790634871.0,1790634600,271.0,29.0,83259.25,chainlink,83194.69,twap60,83276.62,3.486,0.9990,0.990,,,,0.010,65561.43,0.07,5,65561.43,70551.10,,-0.0004141,-0.0001618,0.0007876
1790634886.0,1790634600,286.0,14.0,83260.79,chainlink,83194.69,twap60,83271.10,3.486,0.9990,0.990,,,,0.010,69792.00,0.07,5,69792.00,74727.52,,0.0000271,-0.0002492,0.0007790
1790634915.0,1790634900,15.0,285.0,83276.27,chainlink,83270.92,twap60,,3.598,0.5378,0.600,0.610,2130.27,0.390,0.400,110.00,0.07,5,140.92,1308.92,4208.35,0.0000295,-0.0002097,0.0009074
1790634930.0,1790634900,30.0,270.0,83294.03,chainlink,83270.92,twap60,,3.598,0.6641,0.730,0.740,227.00,0.260,0.270,644.61,0.07,5,644.61,1841.63,3254.29,0.0002155,0.0004262,0.0011095
1790634945.0,1790634900,45.0,255.0,83300.89,chainlink,83270.92,twap60,,3.598,0.7150,0.820,0.830,131.00,0.170,0.180,961.96,0.07,5,1005.29,2619.55,1118.01,0.0000761,0.0004775,0.0011629
1790634960.1,1790634900,60.1,239.9,83319.11,chainlink,83270.92,twap60,,3.598,0.8283,0.880,0.890,165.00,0.110,0.120,911.53,0.07,5,911.53,4837.99,3460.62,0.0001979,0.0005439,0.0013763
1790634975.1,1790634900,75.1,224.9,83348.37,chainlink,83270.92,twap60,,3.598,0.9433,0.950,0.960,173.44,0.040,0.050,1540.06,0.07,5,1540.06,5296.47,14927.15,0.0003517,0.0008677,0.0017341
1790634990.1,1790634900,90.1,209.9,83354.05,chainlink,83270.92,twap60,,3.598,0.9619,0.970,0.980,774.16,0.020,0.030,1613.39,0.07,5,1613.39,4378.18,8597.77,0.0000311,0.0007142,0.0018011
1790635005.1,1790634900,105.1,194.9,83362.85,chainlink,83270.92,twap60,,3.598,0.9800,0.980,0.990,2493.36,0.010,0.020,1601.01,0.07,5,1601.01,5514.44,2493.36,-0.0000111,0.0007228,0.0019079
1790635020.1,1790634900,120.1,179.9,83368.72,chainlink,83270.92,twap60,,3.598,0.9892,0.980,0.990,1254.29,0.010,0.020,3290.51,0.07,5,3290.51,7133.52,1254.29,0.0000266,0.0005957,0.0019725
1790635035.2,1790634900,135.2,164.8,83384.39,chainlink,83270.92,twap60,,3.598,0.9976,0.990,,,,0.010,3639.79,0.07,5,3639.79,7770.10,,0.0001878,0.0003950,0.0020749
1790635050.2,1790634900,150.2,149.8,83397.02,chainlink,83270.92,twap60,,3.598,0.9990,0.990,,,,0.010,3939.16,0.07,5,3939.16,7091.47,,0.0001490,0.0003987,0.0020921
1790635065.2,1790634900,165.2,134.8,83404.78,chainlink,83270.92,twap60,,3.598,0.9990,0.990,,,,0.010,7026.25,0.07,5,7026.25,10283.71,,0.0000930,0.0004590,0.0019799
1790635080.2,1790634900,180.2,119.8,83414.49,chainlink,83270.92,twap60,,3.598,0.9990,0.990,,,,0.010,16509.42,0.07,5,16509.42,19691.88,,0.0001137,0.0005488,0.0018421
1790635095.3,1790634900,195.3,104.7,83423.13,chainlink,83270.92,twap60,,3.598,0.9990,0.990,,,,0.010,16995.71,0.07,5,16995.71,20390.21,,0.0001035,0.0004620,0.0018108
1790635110.3,1790634900,210.3,89.7,83421.59,chainlink,83270.92,twap60,,3.598,0.9990,0.990,,,,0.010,21782.19,0.07,5,21782.19,25766.95,,0.0000002,0.0002945,0.0017861
1790635125.3,1790634900,225.3,74.7,83434.74,chainlink,83270.92,twap60,,3.598,0.9990,0.990,,,,0.010,21667.83,0.07,5,21667.83,25753.34,,0.0001544,0.0003565,0.0018378
1790635140.3,1790634900,240.3,59.7,83432.96,chainlink,83270.92,twap60,83432.96,3.598,0.9990,0.990,,,,0.010,32009.64,0.07,5,32009.64,35573.67,,-0.0000216,0.0002213,0.0017917
1790635155.3,1790634900,255.3,44.7,83422.91,chainlink,83270.92,twap60,83423.91,3.598,0.9990,0.990,,,,0.010,42254.20,0.07,5,42254.20,45912.08,,-0.0001156,0.0000160,0.0015496
1790635170.4,1790634900,270.4,29.6,83421.48,chainlink,83270.92,twap60,83420.13,3.598,0.9990,0.990,,,,0.010,72959.81,0.07,5,72959.81,75827.64,,-0.0000316,-0.0000046,0.0019552
1790635185.4,1790634900,285.4,14.6,83419.98,chainlink,83270.92,twap60,83419.99,3.598,0.9990,0.990,,,,0.010,73448.12,0.07,5,73448.12,76256.95,,-0.0000051,-0.0001772,0.0019061
1790635215.4,1790635200,15.4,284.6,83418.55,chainlink,83419.98,twap60,,3.852,0.4905,0.540,0.550,103.90,0.450,0.460,1559.82,0.07,5,1559.82,2872.82,513.03,0.0001562,-0.0000667,0.0017093
1790635230.4,1790635200,30.4,269.6,83422.73,chainlink,83419.98,twap60,,3.852,0.5188,0.630,0.640,13.76,0.360,0.390,46.53,0.07,5,2117.32,3970.96,474.20,0.0000509,0.0000279,0.0015378
1790635245.5,1790635200,45.5,254.5,83432.95,chainlink,83419.98,twap60,,3.852,0.5909,0.630,0.640,118.33,0.360,0.370,1516.24,0.07,5,1521.24,4406.52,958.25,0.0001220,0.0001560,0.0015633
1790635260.5,1790635200,60.5,239.5,83433.32,chainlink,83419.98,twap60,,3.852,0.5968,0.620,0.630,83.96,0.370,0.380,1693.40,0.07,5,1693.40,4885.29,744.13,0.0000044,0.0003333,0.0013703
1790635275.5,1790635200,75.5,224.5,83433.31,chainlink,83419.98,twap60,,3.852,0.6006,0.630,0.640,520.61,0.360,0.370,154.94,0.07,5,154.94,1787.94,3337.98,-0.0000004,0.0001777,0.0009815
1790635290.5,1790635200,90.5,209.5,83433.38,chainlink,83419.98,twap60,,3.852,0.6054,0.660,0.670,265.44,0.330,0.340,405.13,0.07,5,405.13,1982.17,3881.44,0.0000005,0.0001272,0.0008346
1790635305.6,1790635200,105.6,194.4,83446.61,chainlink,83419.98,twap60,,3.852,0.7110,0.760,0.770,113.00,0.230,0.240,869.05,0.07,5,869.05,2788.95,1011.12,0.0001509,0.0001636,0.0009604
1790635320.6,1790635200,120.6,179.4,83441.56,chainlink,83419.98,twap60,,3.852,0.6824,0.730,0.740,845.70,0.260,0.270,45.00,0.07,5,45.00,1725.59,3063.70,-0.0000605,0.0000985,0.0008732
1790635335.6,1790635200,135.6,164.4,83437.47,chainlink,83419.98,twap60,,3.852,0.6580,0.690,0.700,50.00,0.300,0.310,519.19,0.07,5,469.84,2307.00,793.96,-0.0000479,0.0000495,0.0006339
1790635350.6,1790635200,150.6,149.4,83437.70,chainlink,83419.98,twap60,,3.852,0.6700,0.720,0.730,358.40,0.270,0.280,173.42,0.07,5,173.42,1524.42,2023.40,-0.0000028,0.0000442,0.0004876
1790635365.6,1790635200,165.6,134.4,83437.70,chainlink,83419.98,twap60,,3.852,0.6821,0.740,0.750,39.17,0.250,0.260,641.73,0.07,5,641.73,2275.73,1137.55,0.0000000,-0.0001068,0.0003919
1790635380.7,1790635200,180.7,119.3,83436.37,chainlink,83419.98,twap60,,3.852,0.6835,0.780,0.790,525.76,0.210,0.220,224.00,0.07,5,224.00,434.00,1602.40,-0.0000161,-0.0000611,0.0002622
1790635395.7,1790635200,195.7,104.3,83437.62,chainlink,83419.98,twap60,,3.852,0.7160,0.850,0.860,65.00,0.140,0.150,376.96,0.07,5,376.96,1613.65,2429.96,0.0000151,-0.0000037,0.0001924
1790635410.7,1790635200,210.7,89.3,83440.62,chainlink,83419.98,twap60,,3.852,0.7773,0.940,0.950,410.44,0.050,0.060,496.25,0.07,5,496.25,1872.66,4723.38,0.0000334,0.0000350,0.0002248
1790635425.7,1790635200,225.7,74.3,83442.84,chainlink,83419.98,twap60,,3.852,0.8446,0.950,0.960,78.63,0.040,0.050,1612.22,0.07,5,1612.22,2882.22,16032.36,0.0000113,0.0000615,0.0000968
1790635440.8,1790635200,240.8,59.2,83441.61,chainlink,83419.98,twap60,83440.91,3.852,0.8995,0.970,0.980,189.88,0.020,0.030,1345.88,0.07,5,1345.88,2958.07,2201.09,-0.0000053,0.0000628,0.0001085
1790635455.8,1790635200,255.8,44.2,83445.26,chainlink,83419.98,twap60,83443.80,3.852,0.9888,0.990,,,,0.010,15773.39,0.07,5,15773.39,19443.80,,0.0000522,0.0000891,0.0002535
1790635470.8,1790635200,270.8,29.2,83441.99,chainlink,83419.98,twap60,83444.34,3.852,0.9990,0.990,,,,0.010,46511.98,0.07,5,46511.98,49708.23,,-0.0000397,0.0000010,0.0002587
1790635485.8,1790635200,285.8,14.2,83443.01,chainlink,83419.98,twap60,83443.82,3.852,0.9990,0.990,,,,0.010,67352.57,0.07,5,67352.57,70773.71,,0.0000066,0.0000115,0.0002766
1790635515.9,1790635500,15.9,284.1,83445.43,chainlink,83443.50,twap60,,3.864,0.5128,0.670,0.680,13.71,0.310,0.330,1606.63,0.07,5,1623.63,3109.63,1632.59,0.0000071,0.0000016,0.0003230
1790635530.9,1790635500,30.9,269.1,83456.71,chainlink,83443.50,twap60,,3.864,0.5894,0.650,0.660,844.98,0.340,0.350,631.70,0.07,5,631.70,2577.95,3405.14,0.0000756,0.0001708,0.0004068
1790635545.9,1790635500,45.9,254.1,83457.95,chainlink,83443.50,twap60,,3.864,0.6008,0.680,0.690,1.92,0.310,0.320,722.77,0.07,5,682.77,2890.60,659.75,0.0000081,0.0001790,0.0002995
1790635560.9,1790635500,60.9,239.1,83462.33,chainlink,83443.50,twap60,,3.864,0.6351,0.720,0.730,52.23,0.270,0.280,661.19,0.07,5,661.19,1689.73,3189.38,0.0000533,0.0002096,0.0003473
1790635576.0,1790635500,76.0,224.0,83462.35,chainlink,83443.50,twap60,,3.864,0.6404,0.730,0.740,1322.99,0.260,0.270,193.98,0.07,5,203.98,1059.72,5005.00,0.0000001,0.0001432,0.0003476
1790635591.0,1790635500,91.0,209.0,83462.59,chainlink,83443.50,twap60,,3.864,0.6480,0.800,0.810,244.20,0.190,0.200,1179.30,0.07,5,1179.30,3017.78,3076.89,0.0000028,0.0000637,0.0003424
1790635605.0,1790635500,105.0,195.0,83472.66,chainlink,83443.50,twap60,,3.864,0.7278,0.830,0.840,178.30,0.160,0.170,654.37,0.07,5,654.37,2741.23,2129.85,0.0000749,0.0001771,0.0003122
1790635620.0,1790635500,120.0,180.0,83471.84,chainlink,83443.50,twap60,,3.864,0.7324,0.840,0.850,58.11,0.150,0.160,1154.01,0.07,5,1154.01,4101.84,2367.11,-0.0000135,0.0001138,0.0003640
1790635635.1,1790635500,135.1,164.9,83446.72,chainlink,83443.50,twap60,,3.864,0.5297,0.410,0.430,10.00,0.570,0.590,5.26,0.07,5,5.26,1247.05,125.15,-0.0003104,-0.0001873,0.0001053
1790635650.1,1790635500,150.1,149.9,83441.33,chainlink,83443.50,twap60,,3.864,0.4787,0.540,0.550,10.00,0.450,0.460,164.00,0.07,5,264.00,2736.39,45.00,-0.0000030,-0.0003005,0.0000436
1790635665.1,1790635500,165.1,134.9,83446.12,chainlink,83443.50,twap60,,3.864,0.5277,0.580,0.590,589.53,0.410,0.420,11.00,0.07,5,250.00,624.53,3926.47,0.0000504,-0.0003217,0.0001008
1790635680.1,1790635500,180.1,119.9,83447.99,chainlink,83443.50,twap60,,3.864,0.5518,0.590,0.600,245.51,0.400,0.410,15.70,0.07,5,15.70,1183.60,1006.37,0.0000214,-0.0002952,0.0001394
1790635695.1,1790635500,195.1,104.9,83447.44,chainlink,83443.50,twap60,,3.864,0.5504,0.520,0.530,123.00,0.470,0.480,1338.00,0.07,5,1338.00,2580.00,826.21,-0.0000040,0.0000702,0.0001152
1790635710.2,1790635500,210.2,89.8,83447.40,chainlink,83443.50,twap60,,3.864,0.5568,0.670,0.680,118.64,0.320,0.330,560.83,0.07,5,560.83,1611.88,606.19,-0.0000013,0.0000657,0.0000659
1790635725.2,1790635500,225.2,74.8,83448.03,chainlink,83443.50,twap60,,3.864,0.5788,0.780,0.790,1247.57,0.210,0.220,474.15,0.07,5,474.15,1785.15,3354.73,0.0000052,0.0000218,0.0000717
1790635740.2,1790635500,240.2,59.8,83449.33,chainlink,83443.50,twap60,83450.58,3.864,0.6329,0.930,0.940,152.04,0.060,0.070,220.42,0.07,5,230.42,556.48,3856.61,0.0000152,0.0000187,0.0001009
1790635755.2,1790635500,255.2,44.8,83461.79,chainlink,83443.50,twap60,83458.22,3.864,0.9407,0.980,0.990,1114.16,0.010,0.020,732.81,0.07,5,732.81,4281.62,1114.16,0.0000850,0.0001711,0.0001976
1790635770.2,1790635500,270.2,29.8,83471.69,chainlink,83443.50,twap60,83462.67,3.864,0.9990,0.990,,,,0.010,38899.44,0.07,5,38899.44,40829.87,,0.0001239,0.0002887,0.0003502
1790635785.3,1790635500,285.3,14.7,83469.13,chainlink,83443.50,twap60,83466.07,3.864,0.9990,0.990,,,,0.010,65464.50,0.07,5,65464.50,67655.98,,-0.0000621,0.0002524,0.0003131
1790635815.3,1790635800,15.3,284.7,83468.55,chainlink,83465.90,twap60,,3.843,0.5176,0.490,0.500,118.39,0.500,0.510,1749.60,0.07,5,1749.60,5199.14,781.20,0.0000112,0.0000863,0.0002174
1790635830.3,1790635800,30.3,269.7,83468.17,chainlink,83465.90,twap60,,3.843,0.5155,0.550,0.560,383.34,0.440,0.450,225.37,0.07,5,235.37,2081.26,2418.75,0.0000015,-0.0000736,0.0001306
1790635845.3,1790635800,45.3,254.7,83468.90,chainlink,83465.90,twap60,,3.843,0.5212,0.550,0.560,221.25,0.440,0.450,85.00,0.07,5,55.00,838.15,2704.20,0.0000015,-0.0000005,0.0001320
1790635860.4,1790635800,60.4,239.6,83473.69,chainlink,83465.90,twap60,,3.843,0.5570,0.640,0.650,84.00,0.350,0.360,767.88,0.07,5,767.88,2755.22,412.15,0.0000564,0.0000728,0.0001359
1790635875.4,1790635800,75.4,224.6,83477.89,chainlink,83465.90,twap60,,3.843,0.5908,0.730,0.740,85.50,0.260,0.270,624.32,0.07,5,559.32,2472.83,1335.40,0.0000528,0.0001179,0.0001861
1790635890.4,1790635800,90.4,209.6,83483.09,chainlink,83465.90,twap60,,3.843,0.6344,0.740,0.750,130.50,0.250,0.260,301.66,0.07,5,50.00,2241.43,1899.25,0.0000623,0.0001716,0.0001999
1790635905.4,1790635800,105.4,194.6,83482.98,chainlink,83465.90,twap60,,3.843,0.6396,0.720,0.730,203.63,0.270,0.280,359.69,0.07,5,1159.69,2180.20,1474.50,0.0000008,0.0001677,0.0001200
1790635920.4,1790635800,120.4,179.6,83483.25,chainlink,83465.90,twap60,,3.843,0.6488,0.770,0.780,60.00,0.220,0.230,369.74,0.07,5,369.74,1134.50,1986.22,-0.0000036,0.0001169,0.0001272
1790635935.5,1790635800,135.5,164.5,83486.05,chainlink,83465.90,twap60,,3.843,0.6807,0.770,0.780,233.00,0.220,0.230,1386.61,0.07,5,1386.61,4266.96,825.30,0.0000342,0.0000977,0.0005328
1790635950.5,1790635800,150.5,149.5,83479.83,chainlink,83465.90,twap60,,3.843,0.6354,0.730,0.740,302.78,0.260,0.270,189.00,0.07,5,189.00,1993.91,2959.88,-0.0000754,-0.0000370,0.0004543
1790635965.5,1790635800,165.5,134.5,83482.56,chainlink,83465.90,twap60,,3.843,0.6721,0.830,0.840,327.00,0.160,0.170,223.25,0.07,5,380.91,1646.60,3092.60,0.0000333,-0.0000119,0.0004355
1790635980.5,1790635800,180.5,119.5,83482.09,chainlink,83465.90,twap60,,3.843,0.6818,0.890,0.900,343.90,0.100,0.110,345.32,0.07,5,345.32,1832.42,1747.22,-0.0000060,-0.0000132,0.0004112
1790635995.5,1790635800,195.5,104.5,83487.76,chainlink,83465.90,twap60,,3.843,0.7607,0.880,0.890,155.00,0.110,0.120,432.84,0.07,5,432.84,2311.43,2342.90,0.0000025,0.0000197,0.0004822
1790636010.6,1790635800,210.6,89.4,83471.04,chainlink,83465.90,twap60,,3.843,0.5754,0.740,0.750,236.81,0.250,0.260,200.00,0.07,5,165.00,686.44,1612.43,-0.0001886,-0.0001046,0.0002809
1790636025.6,1790635800,225.6,74.4,83474.78,chainlink,83465.90,twap60,,3.843,0.6530,0.850,0.860,631.96,0.140,0.150,30.68,0.07,5,30.68,1550.05,1468.98,0.0000448,-0.0000937,0.0003200
1790636040.6,1790635800,240.6,59.4,83471.74,chainlink,83465.90,twap60,83471.74,3.843,0.6349,0.790,0.800,595.90,0.200,0.210,611.00,0.07,5,611.00,1673.00,620.90,-0.0000364,-0.0001895,0.0002042
1790636055.6,1790635800,255.6,44.4,83472.50,chainlink,83465.90,twap60,83472.14,3.843,0.7241,0.960,0.970,222.15,0.030,0.040,277.97,0.07,5,277.97,816.61,3825.05,0.0000091,-0.0001710,0.0001337
1790636070.6,1790635800,270.6,29.4,83476.92,chainlink,83465.90,twap60,83473.36,3.843,0.9411,0.990,,,,0.010,4039.74,0.07,5,4039.74,7113.69,,0.0000529,0.0000704,0.0000311
1790636085.7,1790635800,285.7,14.3,83479.29,chainlink,83465.90,twap60,83475.12,3.843,0.9990,0.990,,,,0.010,27571.33,0.07,5,27571.33,30855.42,,0.0000234,0.0000541,0.0001241
1790636115.7,1790636100,15.7,284.3,83487.77,chainlink,83475.62,twap60,,3.434,0.5896,0.690,0.700,152.00,0.300,0.310,681.44,0.07,5,681.44,2701.61,2796.41,0.0001069,0.0001830,0.0002363
1790636130.7,1790636100,30.7,269.3,83489.80,chainlink,83475.62,twap60,,3.434,0.6075,0.690,0.700,137.66,0.300,0.310,758.39,0.07,5,758.39,2648.22,3005.36,0.0000213,0.0001493,0.0002520
1790636145.8,1790636100,45.8,254.2,83495.68,chainlink,83475.62,twap60,,3.434,0.6551,0.760,0.770,85.00,0.230,0.240,561.62,0.07,5,561.62,2482.32,2892.20,0.0000727,0.0001974,0.0003198
1790636160.8,1790636100,60.8,239.2,83488.09,chainlink,83475.62,twap60,,3.434,0.6016,0.650,0.660,1605.33,0.340,0.350,37.86,0.07,5,37.86,281.51,3335.59,-0.0000895,0.0001107,0.0001750
1790636175.8,1790636100,75.8,224.2,83483.30,chainlink,83475.62,twap60,,3.434,0.5655,0.590,0.600,956.05,0.400,0.410,221.44,0.07,5,221.44,1616.36,3466.05,-0.0000560,-0.0000566,0.0000648
1790636190.8,1790636100,90.8,209.2,83484.39,chainlink,83475.62,twap60,,3.434,0.5778,0.690,0.700,107.11,0.300,0.310,555.64,0.07,5,550.64,1263.19,740.21,0.0000089,-0.0000625,0.0000176
1790636205.8,1790636100,105.8,194.2,83495.34,chainlink,83475.62,twap60,,3.434,0.6782,0.810,0.820,95.03,0.180,0.190,815.20,0.07,5,815.20,1774.06,1439.33,0.0001312,-0.0000027,0.0001413
1790636220.9,1790636100,120.9,179.1,83498.05,chainlink,83475.62,twap60,,3.434,0.7101,0.810,0.820,1497.55,0.180,0.190,5.00,0.07,5,5.00,435.27,3666.25,0.0000200,0.0001206,0.0001779
1790636235.9,1790636100,135.9,164.1,83497.04,chainlink,83475.62,twap60,,3.434,0.7122,0.730,0.760,33.60,0.230,0.240,408.04,0.07,5,117.90,1957.10,826.83,-0.0000121,0.0001604,0.0001308
1790636250.9,1790636100,150.9,149.1,83493.58,chainlink,83475.62,twap60,,3.434,0.6917,0.850,0.860,351.46,0.140,0.150,293.08,0.07,5,293.08,1415.60,1937.52,0.0000428,0.0001101,0.0001654
1790636265.9,1790636100,165.9,134.1,83496.81,chainlink,83475.62,twap60,,3.434,0.7377,0.870,0.880,1076.33,0.120,0.130,111.30,0.07,5,111.30,1059.10,3053.37,0.0000350,0.0000052,0.0001703
1790636281.0,1790636100,181.0,119.0,83496.71,chainlink,83475.62,twap60,,3.434,0.7552,0.900,0.910,544.92,0.090,0.100,961.71,0.07,5,961.71,1929.42,2423.58,-0.0000011,-0.0000160,0.0001096
1790636295.0,1790636100,195.0,105.0,83495.47,chainlink,83475.62,twap60,,3.434,0.7634,0.860,0.870,404.00,0.130,0.140,340.25,0.07,5,390.25,1936.68,1958.72,-0.0000172,0.0000655,0.0001041
1790636310.0,1790636100,210.0,90.0,83491.85,chainlink,83475.62,twap60,,3.434,0.7481,0.910,0.920,167.33,0.080,0.090,716.09,0.07,5,716.09,1714.10,2098.45,-0.0000391,-0.0000245,0.0002493
1790636325.1,1790636100,225.1,74.9,83492.86,chainlink,83475.62,twap60,,3.434,0.8021,0.950,0.960,325.49,0.040,0.050,182.87,0.07,5,182.87,1232.34,4320.75,0.0000050,-0.0000473,0.0002165
1790636340.1,1790636100,240.1,59.9,83495.58,chainlink,83475.62,twap60,83495.58,3.434,0.9036,0.980,0.990,1302.03,0.010,0.020,1140.48,0.07,5,1140.48,2527.63,1302.03,0.0000396,-0.0000160,0.0002856
1790636355.1,1790636100,255.1,44.9,83494.85,chainlink,83475.62,twap60,83494.52,3.434,0.9729,0.990,,,,0.010,7391.43,0.07,5,7391.43,9349.86,,0.0000063,-0.0000032,0.0002677
1790636370.1,1790636100,270.1,29.9,83495.17,chainlink,83475.62,twap60,83494.84,3.434,0.9990,0.990,,,,0.010,31215.97,0.07,5,31215.97,33253.65,,-0.0000005,0.0000327,0.0002136
1790636385.1,1790636100,285.1,14.9,83497.93,chainlink,83475.62,twap60,83495.59,3.434,0.9990,0.990,,,,0.010,60139.80,0.07,5,60144.80,62262.94,,0.0000333,0.0000677,0.0002243
1790636415.2,1790636400,15.2,284.8,83506.15,chainlink,83497.26,twap60,,3.152,0.5716,0.600,0.610,155.00,0.390,0.400,294.77,0.07,5,294.77,1195.12,1636.25,0.0000085,0.0001309,0.0002170
1790636430.2,1790636400,30.2,269.8,83502.29,chainlink,83497.26,twap60,,3.152,0.5420,0.510,0.520,13.83,0.480,0.490,1431.88,0.07,5,1431.88,2224.94,439.23,-0.0000444,0.0000856,0.0001520
1790636445.2,1790636400,45.2,254.8,83502.71,chainlink,83497.26,twap60,,3.152,0.5470,0.560,0.570,1179.92,0.430,0.440,249.44,0.07,5,249.44,918.50,2130.26,0.0000095,0.0000577,0.0000856
1790636460.3,1790636400,60.3,239.7,83503.60,chainlink,83497.26,twap60,,3.152,0.5566,0.610,0.660,5.00,0.340,0.390,50.00,0.07,5,50.00,2047.39,29.67,0.0000117,-0.0000220,0.0001871
1790636475.3,1790636400,75.3,224.7,83516.55,chainlink,83497.26,twap60,,3.152,0.6738,0.750,0.760,203.09,0.240,0.250,182.84,0.07,5,182.84,1051.66,1922.30,0.0001496,0.0001264,0.0003941
1790636490.3,1790636400,90.3,209.7,83516.08,chainlink,83497.26,twap60,,3.152,0.6767,0.750,0.760,994.40,0.240,0.250,108.22,0.07,5,108.22,829.45,2772.90,-0.0000095,0.0001695,0.0003795
1790636505.3,1790636400,105.3,194.7,83516.33,chainlink,83497.26,twap60,,3.152,0.6867,0.840,0.850,408.44,0.150,0.160,362.00,0.07,5,362.00,1042.99,2112.19,0.0000107,0.0001642,0.0002390
1790636520.3,1790636400,120.3,179.7,83523.81,chainlink,83497.26,twap60,,3.152,0.7621,0.850,0.860,72.66,0.140,0.150,524.19,0.07,5,524.19,2048.36,2281.13,0.0000880,0.0002365,0.0003086
1790636535.4,1790636400,135.4,164.6,83539.26,coinbase,83497.26,twap60,,3.152,0.8837,0.910,0.920,334.29,0.080,0.090,244.00,0.07,5,244.00,1341.90,1840.59,0.0001004,0.0001896,0.0005016
1790636550.4,1790636400,150.4,149.6,83536.67,coinbase,83497.26,twap60,,3.152,0.8838,0.910,0.920,24.02,0.080,0.090,630.43,0.07,5,630.43,2231.10,1717.73,-0.0000310,0.0001586,0.0005134
1790636565.4,1790636400,165.4,134.6,83530.17,chainlink,83497.26,twap60,,3.152,0.8585,0.930,0.940,1150.07,0.060,0.070,153.83,0.07,5,153.83,1454.83,3236.34,,0.0001641,0.0003996
1790636580.4,1790636400,180.4,119.6,83572.58,chainlink,83497.26,twap60,,3.152,0.9963,0.990,,,,0.010,3699.78,0.07,5,3699.78,9476.95,,0.0005067,0.0005829,0.0009058
1790636595.4,1790636400,195.4,104.6,83581.59,chainlink,83497.26,twap60,,3.152,0.9990,0.990,,,,0.010,10205.38,0.07,5,10205.38,15017.71,,0.0001029,,0.0010352
1790636610.5,1790636400,210.5,89.5,83582.14,chainlink,83497.26,twap60,,3.152,0.9990,0.990,,,,0.010,13425.28,0.07,5,13425.28,18858.84,,0.0000013,,0.0010737
1790636625.5,1790636400,225.5,74.5,83584.54,chainlink,83497.26,twap60,,3.152,0.9990,0.990,,,,0.010,16886.85,0.07,5,16886.85,22035.87,,0.0000295,0.0006500,0.0011045
1790636640.5,1790636400,240.5,59.5,83582.71,chainlink,83497.26,twap60,83582.71,3.152,0.9990,0.990,,,,0.010,26090.39,0.07,5,26090.39,30685.38,,-0.0000220,0.0001162,0.0010580
1790636655.5,1790636400,255.5,44.5,83591.12,chainlink,83497.26,twap60,83584.48,3.152,0.9990,0.990,,,,0.010,28452.95,0.07,5,28452.95,33358.76,,0.0001004,0.0001088,0.0011480
1790636670.5,1790636400,270.5,29.5,83589.32,chainlink,83497.26,twap60,83586.72,3.152,0.9990,0.990,,,,0.010,65175.49,0.07,5,65175.49,69273.34,,-0.0000225,0.0000866,0.0011272
1790636685.6,1790636400,285.6,14.4,83592.94,chainlink,83497.26,twap60,83588.06,3.152,0.9990,0.990,,,,0.010,65149.40,0.07,5,65149.40,69178.25,,0.0000383,0.0001004,0.0011377
1790636715.6,1790636700,15.6,284.4,83529.58,chainlink,83588.52,twap60,,2.876,0.0950,0.100,0.110,1217.77,0.890,0.900,95.55,0.07,5,95.55,1985.00,3440.87,-0.0005566,-0.0007374,0.0002823
1790636730.6,1790636700,30.6,269.4,83518.68,chainlink,83588.52,twap60,,2.876,0.0544,0.100,0.110,829.73,0.890,0.900,208.00,0.07,5,208.00,2037.86,2495.16,-0.0001270,-0.0008505,0.0002007
1790636745.7,1790636700,45.7,254.3,83520.11,chainlink,83588.52,twap60,,2.876,0.0521,0.090,0.100,719.76,0.900,0.910,444.01,0.07,5,444.01,2333.54,2273.50,-0.0000233,-0.0008717,0.0002094
1790636760.7,1790636700,60.7,239.3,83518.39,chainlink,83588.52,twap60,,2.876,0.0421,0.060,0.070,1088.54,0.930,0.940,255.97,0.07,5,255.97,3131.79,3562.83,-0.0000363,-0.0006906,0.0001715
1790636775.7,1790636700,75.7,224.3,83488.31,chainlink,83588.52,twap60,,2.876,0.0051,0.020,0.030,386.63,0.970,0.980,763.54,0.07,5,763.54,3044.17,2887.09,-0.0003603,-0.0004907,-0.0003421
1790636790.7,1790636700,90.7,209.3,83472.61,chainlink,83588.52,twap60,,2.876,0.0010,0.020,0.030,434.99,0.970,0.980,522.66,0.07,5,522.66,2841.09,2771.38,-0.0001881,-0.0005921,-0.0005129
1790636805.7,1790636700,105.7,194.3,83488.20,chainlink,83588.52,twap60,,2.876,0.0025,0.020,0.030,741.99,0.970,0.980,1053.70,0.07,5,1003.70,1998.52,3820.59,0.0001844,-0.0003978,-0.0003385
1790636820.8,1790636700,120.8,179.2,83484.51,chainlink,83588.52,twap60,,2.876,0.0011,,0.010,2551.49,0.990,,,0.07,5,,,6067.08,-0.0000438,-0.0004059,-0.0004714
1790636835.8,1790636700,135.8,164.2,83454.12,chainlink,83588.52,twap60,,2.876,0.0010,,0.010,6958.87,0.990,,,0.07,5,,,10608.45,-0.0003323,-0.0004096,
1790636850.8,1790636700,150.8,149.2,83468.07,chainlink,83588.52,twap60,,2.876,0.0010,0.001,0.002,50.00,0.998,0.999,3016.21,0.07,5,3016.21,3016.21,10921.90,0.0001010,-0.0000567,
1790636865.8,1790636700,165.8,134.2,83484.77,chainlink,83588.52,twap60,,2.876,0.0010,0.003,0.004,20.00,0.996,0.997,35.00,0.07,5,35.00,3092.80,9067.56,0.0001997,-0.0000407,-0.0005444
1790636880.9,1790636700,180.9,119.1,83501.42,chainlink,83588.52,twap60,,2.876,0.0010,0.005,0.007,5.00,0.993,0.995,20.00,0.07,5,20.00,4222.48,6402.75,0.0001992,0.0002343,-0.0008568
1790636895.9,1790636700,195.9,104.1,83505.56,chainlink,83588.52,twap60,,2.876,0.0010,0.009,0.010,498.75,0.990,0.991,24.99,0.07,5,24.99,3414.67,4834.52,0.0000496,0.0005501,-0.0009152
1790636910.9,1790636700,210.9,89.1,83488.14,chainlink,83588.52,twap60,,2.876,0.0010,0.004,0.006,33.33,0.994,0.996,346.57,0.07,5,346.57,2481.57,16387.19,-0.0002052,0.0002399,-0.0011246
1790636925.9,1790636700,225.9,74.1,83491.55,chainlink,83588.52,twap60,,2.876,0.0010,,0.001,1395.63,0.999,,,0.07,5,,,19842.91,0.0000338,0.0000811,-0.0011132
1790636940.9,1790636700,240.9,59.1,83494.57,chainlink,83588.52,twap60,83494.57,2.876,0.0010,,0.001,1686.56,0.999,,,0.07,5,,,24307.55,0.0000477,-0.0000821,-0.0010554
1790636956.0,1790636700,256.0,44.0,83507.24,chainlink,83588.52,twap60,83499.33,2.876,0.0010,,0.001,3133.01,0.999,,,0.07,5,,,22738.69,0.0001467,0.0000236,-0.0010048
1790636971.0,1790636700,271.0,29.0,83481.51,chainlink,83588.52,twap60,83491.29,2.876,0.0010,,0.001,324.32,0.999,,,0.07,5,,,25459.45,-0.0002426,-0.0000865,-0.0012957
1790636985.0,1790636700,285.0,15.0,83483.42,chainlink,83588.52,twap60,83488.94,2.876,0.0010,,0.010,23589.76,0.990,,,0.07,5,,,25452.07,0.0000147,-0.0000857,-0.0013110
1790637015.0,1790637000,15.0,285.0,83464.28,coinbase,83487.86,twap60,,3.127,0.3150,0.280,0.290,105.00,0.710,0.720,1799.69,0.07,5,1804.69,4512.69,1030.14,0.0000201,-0.0005609,-0.0007975
1790637030.1,1790637000,30.1,269.9,83464.27,coinbase,83487.86,twap60,,3.127,0.3094,0.220,0.230,592.32,0.770,0.780,65.00,0.07,5,70.00,850.11,2868.32,-0.0000001,-0.0001562,-0.0005935
1790637045.1,1790637000,45.1,254.9,83452.91,coinbase,83487.86,twap60,,3.127,0.2229,0.220,0.230,497.52,0.770,0.780,391.62,0.07,5,391.62,3506.08,1747.54,-0.0001361,-0.0003240,-0.0007340
1790637060.1,1790637000,60.1,239.9,83459.59,chainlink,83487.86,twap60,,3.127,0.2613,0.200,0.210,741.53,0.790,0.800,95.86,0.07,5,95.86,2507.23,2955.18,0.0000374,-0.0001112,-0.0007044
1790637075.1,1790637000,75.1,224.9,83437.56,chainlink,83487.86,twap60,,3.127,0.1184,0.080,0.090,1314.32,0.910,0.920,207.13,0.07,5,207.13,2659.07,3204.29,-0.0002759,,-0.0006081
1790637090.2,1790637000,90.2,209.8,83434.49,chainlink,83487.86,twap60,,3.127,0.0951,0.070,0.080,532.00,0.920,0.930,882.60,0.07,5,882.60,4636.07,3113.10,-0.0000227,,-0.0004591
1790637105.2,1790637000,105.2,194.8,83431.17,chainlink,83487.86,twap60,,3.127,0.0726,0.050,0.060,376.54,0.940,0.950,1864.54,0.07,5,1864.54,7193.31,2485.68,-0.0000260,-0.0003032,-0.0006829
1790637120.2,1790637000,120.2,179.8,83430.00,chainlink,83487.86,twap60,,3.127,0.0588,0.050,0.060,1188.06,0.940,0.950,87.05,0.07,5,87.05,4918.83,4425.14,-0.0000390,-0.0003666,-0.0006214
1790637135.2,1790637000,135.2,164.8,83446.29,chainlink,83487.86,twap60,,3.127,0.1170,0.100,0.110,469.71,0.890,0.900,398.31,0.07,5,398.31,3286.21,3066.06,0.0001960,0.0001187,-0.0001599
1790637150.3,1790637000,150.3,149.7,83436.97,chainlink,83487.86,twap60,,3.127,0.0601,0.040,0.050,228.20,0.950,0.960,668.10,0.07,5,668.10,16384.37,2570.12,-0.0001119,0.0000434,-0.0003731
1790637165.3,1790637000,165.3,134.7,83426.74,chainlink,83487.86,twap60,,3.127,0.0223,0.050,0.060,475.99,0.940,0.950,269.73,0.07,5,289.73,2294.55,3693.38,-0.0001083,-0.0000781,-0.0006956
1790637180.3,1790637000,180.3,119.7,83434.06,chainlink,83487.86,twap60,,3.127,0.0270,0.030,0.040,1046.81,0.960,0.970,118.86,0.07,5,118.86,3835.66,3940.98,0.0000898,0.0000494,-0.0008070
1790637195.3,1790637000,195.3,104.7,83428.57,chainlink,83487.86,twap60,,3.127,0.0092,,0.010,3892.91,0.990,,,0.07,5,,,7634.38,-0.0000658,-0.0002125,-0.0009189
1790637210.3,1790637000,210.3,89.7,83420.46,chainlink,83487.86,twap60,,3.127,0.0011,,0.010,11851.39,0.990,,,0.07,5,,,14928.04,-0.0000874,-0.0001835,-0.0008181
1790637225.4,1790637000,225.4,74.6,83418.44,chainlink,83487.86,twap60,,3.127,0.0010,,0.010,16328.39,0.990,,,0.07,5,,,19115.51,-0.0000255,-0.0000974,-0.0008644
1790637240.4,1790637000,240.4,59.6,83410.31,chainlink,83487.86,twap60,83410.31,3.127,0.0010,,0.010,23104.86,0.990,,,0.07,5,,,26135.05,-0.0000822,-0.0002847,-0.0010147
1790637255.4,1790637000,255.4,44.6,83406.78,chainlink,83487.86,twap60,83408.05,3.127,0.0010,,0.010,36399.02,0.990,,,0.07,5,,,39679.64,-0.0000336,-0.0002515,-0.0011382
1790637270.4,1790637000,270.4,29.6,83410.98,chainlink,83487.86,twap60,83409.33,3.127,0.0010,,0.010,65854.62,0.990,,,0.07,5,,,69141.92,0.0000476,-0.0001149,-0.0008535
1790637285.4,1790637000,285.4,14.6,83411.03,chainlink,83487.86,twap60,83409.90,3.127,0.0010,,0.010,66291.79,0.990,,,0.07,5,,,69486.09,0.0000012,-0.0000736,-0.0008684
1790637315.5,1790637300,15.5,284.5,83423.93,chainlink,83410.34,twap60,,3.119,0.6097,0.610,0.620,148.03,0.380,0.390,363.65,0.07,5,363.65,2725.85,1212.54,0.0001347,0.0002028,
1790637330.5,1790637300,30.5,269.5,83444.42,chainlink,83410.34,twap60,,3.119,0.7646,0.810,0.820,231.85,0.180,0.190,549.66,0.07,5,549.66,2298.32,3807.42,0.0002373,0.0004015,
1790637345.5,1790637300,45.5,254.5,83457.53,chainlink,83410.34,twap60,,3.119,0.8492,0.830,0.840,708.85,0.160,0.170,138.94,0.07,5,138.94,1613.92,2147.16,0.0001493,0.0005579,0.0000127
1790637360.5,1790637300,60.5,239.5,83453.62,chainlink,83410.34,twap60,,3.119,0.8371,0.850,0.860,332.00,0.140,0.150,438.76,0.07,5,438.76,2483.20,2399.86,0.0000017,0.0004906,-0.0000835
1790637375.5,1790637300,75.5,224.5,83442.85,chainlink,83410.34,twap60,,3.119,0.7786,0.800,0.810,165.00,0.190,0.200,867.35,0.07,5,867.35,3682.61,2012.83,-0.0001261,0.0002186,0.0000775
1790637390.6,1790637300,90.6,209.4,83465.09,chainlink,83410.34,twap60,,3.119,0.9112,0.920,0.930,94.28,0.070,0.080,2072.28,0.07,5,2072.28,4120.81,1696.45,0.0002556,0.0002398,0.0003804
1790637405.6,1790637300,105.6,194.4,83468.25,chainlink,83410.34,twap60,,3.119,0.9324,0.850,0.860,848.83,0.140,0.150,96.00,0.07,5,76.00,626.50,2708.29,0.0000359,0.0001770,0.0004194
1790637420.6,1790637300,120.6,179.4,83460.04,chainlink,83410.34,twap60,,3.119,0.9114,0.900,0.910,120.00,0.090,0.100,904.31,0.07,5,892.31,3250.93,1729.25,-0.0000921,0.0000798,0.0003607
1790637435.6,1790637300,135.6,164.4,83462.98,chainlink,83410.34,twap60,,3.119,0.9349,0.940,0.950,359.53,0.050,0.060,470.50,0.07,5,470.50,2590.67,6795.63,0.0000396,0.0002304,0.0001998
1790637450.7,1790637300,150.7,149.3,83462.24,chainlink,83410.34,twap60,,3.119,0.9442,0.930,0.940,187.37,0.060,0.070,1179.85,0.07,5,1179.85,3670.00,2787.77,-0.0000124,-0.0000361,0.0003172
1790637465.7,1790637300,165.7,134.3,83461.77,chainlink,83410.34,twap60,,3.119,0.9552,0.960,0.970,1234.16,0.030,0.040,529.83,0.07,5,529.83,3838.85,15007.04,-0.0000037,-0.0000712,0.0004219
1790637480.7,1790637300,180.7,119.3,83461.83,chainlink,83410.34,twap60,,3.119,0.9681,0.960,0.970,185.94,0.030,0.040,689.40,0.07,5,689.40,3826.77,8064.81,-0.0000075,0.0000258,0.0003328
1790637495.7,1790637300,195.7,104.3,83461.47,chainlink,83410.34,twap60,,3.119,0.9796,0.990,,,,0.010,3882.10,0.07,5,3882.10,8094.70,,-0.0000146,-0.0000216,0.0004041
1790637510.7,1790637300,210.7,89.3,83465.29,chainlink,83410.34,twap60,,3.119,0.9940,0.990,,,,0.010,6070.22,0.07,5,6070.22,9566.77,,-0.0000554,0.0000384,0.0005360
1790637525.8,1790637300,225.8,74.2,83471.20,chainlink,83410.34,twap60,,3.119,0.9990,0.990,,,,0.010,11461.51,0.07,5,11461.51,15719.05,,0.0000775,0.0001047,0.0006476
1790637540.8,1790637300,240.8,59.2,83479.91,chainlink,83410.34,twap60,83479.91,3.119,0.9990,0.999,,,,0.001,5781.45,0.07,5,5781.45,33238.47,,0.0001196,0.0002063,0.0008428
1790637555.8,1790637300,255.8,44.2,83491.83,chainlink,83410.34,twap60,83490.06,3.119,0.9990,0.999,,,,0.001,10610.77,0.07,5,10610.77,44370.69,,0.0001413,0.0002625,0.0010165
1790637570.8,1790637300,270.8,29.2,83471.67,chainlink,83410.34,twap60,83483.22,3.119,0.9990,0.999,,,,0.001,10675.77,0.07,5,10660.77,72430.50,,-0.0002447,0.0000831,0.0007280
1790637585.9,1790637300,285.9,14.1,83476.21,chainlink,83410.34,twap60,83481.35,3.119,0.9990,0.999,,,,0.001,19809.53,0.07,5,19809.53,82181.42,,0.0000472,0.0000752,0.0007817
1790637615.9,1790637600,15.9,284.1,83475.74,chainlink,83480.35,twap60,,3.122,0.4624,0.420,0.430,1147.42,0.570,0.580,295.15,0.07,5,295.15,2195.65,1587.03,-0.0000045,-0.0001959,0.0006126
1790637630.9,1790637600,30.9,269.1,83475.01,chainlink,83480.35,twap60,,3.122,0.4550,0.420,0.430,60.00,0.570,0.580,707.00,0.07,5,707.00,1495.91,1214.00,-0.0000081,0.0000328,0.0003587
1790637645.9,1790637600,45.9,254.1,83483.69,chainlink,83480.35,twap60,,3.122,0.5292,0.580,0.590,1358.71,0.410,0.420,197.50,0.07,5,197.50,1095.50,3201.90,0.0001049,0.0000839,0.0003619
1790637661.0,1790637600,61.0,239.0,83479.28,chainlink,83480.35,twap60,,3.122,0.4903,0.340,0.350,137.71,0.650,0.660,577.49,0.07,5,582.49,2709.39,841.33,-0.0000548,0.0000379,0.0003103
1790637676.0,1790637600,76.0,224.0,83451.16,chainlink,83480.35,twap60,,3.122,0.2454,0.220,0.230,21.94,0.770,0.780,1101.15,0.07,5,1101.15,3480.41,436.77,-0.0003242,-0.0002938,0.0000887
1790637690.0,1790637600,90.0,210.0,83433.67,chainlink,83480.35,twap60,,3.122,0.1258,0.110,0.120,156.42,0.880,0.890,463.00,0.07,5,463.00,2632.47,1840.82,-0.0002099,-0.0004944,-0.0003785
1790637705.0,1790637600,105.0,195.0,83434.22,chainlink,83480.35,twap60,,3.122,0.1176,0.150,0.160,626.53,0.840,0.850,40.00,0.07,5,40.00,1355.24,2537.39,-0.0000050,-0.0005947,-0.0004015
1790637720.1,1790637600,120.1,179.9,83450.91,chainlink,83480.35,twap60,,3.122,0.2127,0.210,0.220,562.96,0.780,0.790,506.34,0.07,5,506.34,1728.14,2270.73,0.0001264,-0.0003272,-0.0001051
1790637735.1,1790637600,135.1,164.9,83455.04,chainlink,83480.35,twap60,,3.122,0.2341,0.200,0.210,141.00,0.790,0.800,687.95,0.07,5,687.95,1626.04,1854.87,0.0000446,0.0000461,-0.0000988
1790637750.1,1790637600,150.1,149.9,83470.70,chainlink,83480.35,twap60,,3.122,0.3841,0.440,0.450,1537.32,0.560,0.570,53.24,0.07,5,10.00,653.00,3586.64,0.0001875,0.0004322,0.0001031
1790637765.1,1790637600,165.1,134.9,83455.46,chainlink,83480.35,twap60,,3.122,0.2066,0.130,0.140,902.67,0.860,0.870,122.28,0.07,5,122.28,2057.28,3011.56,-0.0001833,0.0001809,-0.0000839
1790637780.1,1790637600,180.1,119.9,83455.59,chainlink,83480.35,twap60,,3.122,0.1875,0.140,0.150,1600.11,0.850,0.860,233.51,0.07,5,243.51,968.66,3628.58,0.0000027,0.0000512,-0.0000851
1790637795.2,1790637600,195.2,104.8,83441.86,chainlink,83480.35,twap60,,3.122,0.0629,0.040,0.050,512.95,0.950,0.960,453.67,0.07,5,453.67,16457.83,3268.29,-0.0001646,-0.0001580,-0.0003361
1790637810.2,1790637600,210.2,89.8,83477.89,chainlink,83480.35,twap60,,3.122,0.4557,0.480,0.490,678.03,0.510,0.520,35.00,0.07,5,35.00,216.33,2486.88,0.0004316,0.0000855,0.0001576
1790637825.2,1790637600,225.2,74.8,83477.49,chainlink,83480.35,twap60,,3.122,0.4385,0.430,0.440,288.74,0.560,0.570,58.18,0.07,5,58.18,676.55,1127.76,-0.0000008,0.0002651,0.0000906
1790637840.2,1790637600,240.2,59.8,83489.27,chainlink,83480.35,twap60,83490.43,3.122,0.7398,0.630,0.640,358.11,0.360,0.370,221.72,0.07,5,221.72,221.72,571.58,0.0001406,0.0004034,0.0001105
1790637855.2,1790637600,255.2,44.8,83482.04,chainlink,83480.35,twap60,83483.01,3.122,0.5854,0.840,0.850,48.63,0.150,0.160,194.00,0.07,5,194.00,532.00,288.13,-0.0001048,0.0004813,-0.0001205
1790637870.3,1790637600,270.3,29.7,83484.89,chainlink,83480.35,twap60,83483.86,3.122,0.7956,0.970,0.980,289.46,0.020,0.030,177.53,0.07,5,177.53,476.96,2091.89,0.0000052,0.0000878,0.0001511
1790637885.3,1790637600,285.3,14.7,83485.26,chainlink,83480.35,twap60,83484.31,3.122,0.9933,0.990,,,,0.010,6087.42,0.07,5,6087.42,7974.81,,0.0000047,0.0000926,0.0001027
1790637915.3,1790637900,15.3,284.7,83487.19,chainlink,83485.70,twap60,,3.161,0.5120,0.500,0.510,349.19,0.490,0.500,588.00,0.07,5,588.00,2936.00,1444.19,-0.0001749,0.0000328,0.0001378
1790637930.3,1790637900,30.3,269.7,83484.07,chainlink,83485.70,twap60,,3.161,0.4864,0.490,0.500,99.80,0.500,0.510,1626.79,0.07,5,1626.79,2685.87,1212.80,-0.0000288,-0.0000097,0.0001094
1790637945.4,1790637900,45.4,254.6,83493.29,chainlink,83485.70,twap60,,3.161,0.5651,0.660,0.670,453.44,0.330,0.340,36.51,0.07,5,36.51,406.99,2457.27,0.0001109,0.0001021,0.0001130
1790637960.4,1790637900,60.4,239.6,83518.59,chainlink,83485.70,twap60,,3.161,0.7693,0.790,0.800,1308.95,0.200,0.210,149.00,0.07,5,149.00,1370.20,2556.23,0.0001979,0.0002011,0.0004835
1790637975.4,1790637900,75.4,224.6,83532.60,chainlink,83485.70,twap60,,3.161,0.8626,0.830,0.840,192.94,0.160,0.170,334.79,0.07,5,334.79,2038.10,2354.94,0.0001553,0.0005523,0.0009751
1790637990.4,1790637900,90.4,209.6,83538.91,chainlink,83485.70,twap60,,3.161,0.9020,0.880,0.890,179.82,0.110,0.120,638.05,0.07,5,638.05,2547.46,1301.75,0.0000732,0.0006572,0.0012491
1790638005.5,1790637900,105.5,194.5,83536.13,chainlink,83485.70,twap60,,3.161,0.9003,0.880,0.890,160.00,0.110,0.120,473.21,0.07,5,473.21,2243.88,1411.19,-0.0000417,0.0004079,0.0011471
1790638020.5,1790637900,120.5,179.5,83535.42,chainlink,83485.70,twap60,,3.161,0.9085,0.920,0.930,386.32,0.070,0.080,259.00,0.07,5,259.00,1427.00,2899.97,-0.0000028,0.0001891,0.0010074
1790638035.5,1790637900,135.5,164.5,83536.02,chainlink,83485.70,twap60,,3.161,0.9232,0.930,0.940,224.86,0.060,0.070,695.56,0.07,5,695.56,2751.68,2414.59,0.0000064,0.0000385,0.0009698
1790638050.5,1790637900,150.5,149.5,83544.84,chainlink,83485.70,twap60,,3.161,0.9631,0.910,0.920,427.12,0.080,0.090,299.70,0.07,5,299.70,2297.85,1819.80,0.0001050,0.0000626,0.0008872
1790638065.6,1790637900,165.6,134.4,83534.96,chainlink,83485.70,twap60,,3.161,0.9456,0.940,0.950,20.00,0.050,0.060,569.67,0.07,5,569.67,2656.43,3052.01,-0.0000963,-0.0000084,0.0009533
1790638080.6,1790637900,180.6,119.4,83540.91,chainlink,83485.70,twap60,,3.161,0.9750,0.960,0.970,439.52,0.030,0.040,914.14,0.07,5,914.14,2282.48,8900.71,0.0000714,0.0000650,0.0010217
1790638095.6,1790637900,195.6,104.4,83538.90,chainlink,83485.70,twap60,,3.161,0.9820,0.970,0.980,413.60,0.020,0.030,1690.49,0.07,5,1690.49,5160.05,3133.03,-0.0000239,0.0000339,0.0011622
1790638110.6,1790637900,210.6,89.4,83536.52,chainlink,83485.70,twap60,,3.161,0.9889,0.980,0.990,885.62,0.010,0.020,1704.08,0.07,5,1704.08,4481.88,885.62,-0.0000290,-0.0000776,0.0007061
1790638125.6,1790637900,225.6,74.4,83542.04,chainlink,83485.70,twap60,,3.161,0.9988,0.990,,,,0.010,12370.13,0.07,5,12370.13,16713.60,,0.0000578,0.0000850,0.0007725
1790638140.7,1790637900,240.7,59.3,83540.54,chainlink,83485.70,twap60,83540.55,3.161,0.9990,0.990,,,,0.010,19723.48,0.07,5,19723.48,24071.66,,-0.0000187,-0.0000044,0.0005956
1790638155.7,1790637900,255.7,44.3,83541.03,chainlink,83485.70,twap60,83540.66,3.161,0.9990,0.999,,,,0.001,11648.75,0.07,5,11648.75,51027.06,,0.0000086,0.0000251,0.0006775
1790638170.7,1790637900,270.7,29.3,83542.65,chainlink,83485.70,twap60,83541.66,3.161,0.9990,0.999,,,,0.001,15728.75,0.07,5,15728.75,84661.40,,0.0000014,0.0000651,0.0006918
1790638185.7,1790637900,285.7,14.3,83539.21,chainlink,83485.70,twap60,83541.13,3.161,0.9990,0.999,,,,0.001,24783.49,0.07,5,24783.49,94351.14,,-0.0000399,-0.0000346,0.0006519
1790638215.8,1790638200,15.8,284.2,83555.68,chainlink,83542.35,twap60,,3.159,0.6065,0.650,0.660,189.75,0.340,0.350,1377.97,0.07,5,1377.97,2551.38,2008.49,0.0000966,0.0001574,0.0008287
1790638230.8,1790638200,30.8,269.2,83556.96,chainlink,83542.35,twap60,,3.159,0.6201,0.700,0.710,1003.70,0.290,0.300,69.00,0.07,5,69.00,507.00,3140.59,0.0000186,0.0001727,0.0008733
1790638245.8,1790638200,45.8,254.2,83565.77,chainlink,83542.35,twap60,,3.159,0.6938,0.740,0.750,419.29,0.250,0.260,90.00,0.07,5,90.00,922.21,4275.52,0.0000508,0.0003173,0.0007627
1790638260.8,1790638200,60.8,239.2,83562.50,chainlink,83542.35,twap60,,3.159,0.6744,0.720,0.730,1001.31,0.270,0.280,287.00,0.07,5,287.00,1155.21,3898.56,-0.0000391,0.0001782,0.0005132
1790638275.9,1790638200,75.9,224.1,83562.76,chainlink,83542.35,twap60,,3.159,0.6831,0.730,0.740,395.15,0.260,0.270,691.34,0.07,5,691.34,1849.43,2081.98,0.0000028,0.0000879,0.0003586
1790638290.9,1790638200,90.9,209.1,83560.34,chainlink,83542.35,twap60,,3.159,0.6693,0.620,0.630,174.58,0.370,0.380,879.62,0.07,5,879.62,3531.88,756.34,-0.0000290,-0.0000143,0.0002480
1790638305.9,1790638200,105.9,194.1,83556.24,chainlink,83542.35,twap60,,3.159,0.6384,0.730,0.740,1519.87,0.260,0.270,308.00,0.07,5,278.00,1060.84,3482.99,-0.0000340,-0.0001140,0.0002464
1790638320.9,1790638200,120.9,179.1,83556.20,chainlink,83542.35,twap60,,3.159,0.6450,0.740,0.750,76.48,0.250,0.260,1772.55,0.07,5,1772.55,2942.56,1560.64,-0.0000006,-0.0000757,0.0002479
1790638336.0,1790638200,136.0,164.0,83558.41,chainlink,83542.35,twap60,,3.159,0.6760,0.790,0.800,1737.90,0.200,0.210,50.19,0.07,5,50.19,1409.14,3449.81,0.0000263,-0.0000521,0.0002673
1790638351.0,1790638200,151.0,149.0,83558.14,chainlink,83542.35,twap60,,3.159,0.6840,0.740,0.750,521.55,0.250,0.260,53.94,0.07,5,118.94,823.94,1249.73,-0.0000082,-0.0000113,0.0001812
1790638365.0,1790638200,165.0,135.0,83556.18,chainlink,83542.35,twap60,,3.159,0.6734,0.730,0.740,163.24,0.260,0.270,496.18,0.07,5,496.18,1678.18,1259.55,-0.0000236,-0.0000009,0.0002542
1790638380.0,1790638200,180.0,120.0,83556.81,chainlink,83542.35,twap60,,3.159,0.6957,0.820,0.830,454.42,0.170,0.180,239.99,0.07,5,224.99,1818.92,3051.18,0.0000084,0.0000072,0.0001904
1790638395.0,1790638200,195.0,105.0,83557.03,chainlink,83542.35,twap60,,3.159,0.7179,0.740,0.750,1557.67,0.250,0.260,164.62,0.07,5,164.62,727.62,3007.32,-0.0000002,-0.0000215,0.0002165
1790638410.1,1790638200,210.1,89.9,83546.94,chainlink,83542.35,twap60,,3.159,0.5815,0.460,0.470,259.36,0.530,0.540,48.58,0.07,5,48.58,1059.57,647.47,-0.0001109,-0.0001342,0.0001164
1790638425.1,1790638200,225.1,74.9,83546.43,chainlink,83542.35,twap60,,3.159,0.5867,0.800,0.810,311.38,0.190,0.200,498.62,0.07,5,498.62,1293.70,824.51,-0.0000047,-0.0001158,0.0000518
1790638440.1,1790638200,240.1,59.9,83548.57,chainlink,83542.35,twap60,83548.57,3.159,0.6708,0.490,0.500,179.45,0.500,0.510,9.33,0.07,5,9.33,366.40,602.31,0.0000075,-0.0001014,0.0000989
1790638455.1,1790638200,255.1,44.9,83555.81,chainlink,83542.35,twap60,83552.86,3.159,0.9181,0.960,0.970,442.49,0.030,0.040,262.61,0.07,5,262.61,432.61,3606.84,0.0000897,-0.0000048,0.0001589
1790638470.2,1790638200,270.2,29.8,83547.03,chainlink,83542.35,twap60,83551.57,3.159,0.9201,0.950,0.960,425.34,0.040,0.050,206.00,0.07,5,206.00,463.59,1909.59,-0.0000994,0.0000025,0.0000538
1790638485.2,1790638200,285.2,14.8,83540.30,chainlink,83542.35,twap60,83548.00,3.159,0.9847,0.990,,,,0.010,4427.12,0.07,5,4427.12,4706.81,,-0.0000796,-0.0000915,0.0000125
1790638515.2,1790638500,15.2,284.8,83538.90,chainlink,83545.92,twap60,,2.891,0.4383,0.350,0.360,1537.63,0.640,0.650,316.24,0.07,5,316.24,735.24,2763.68,0.0000436,-0.0001967,-0.0001977
1790638530.2,1790638500,30.2,269.8,83536.89,chainlink,83545.92,twap60,,2.891,0.4183,0.390,0.400,522.39,0.600,0.610,164.08,0.07,5,164.08,1260.08,1870.95,-0.0000103,-0.0001205,-0.0002949
1790638545.3,1790638500,45.3,254.7,83546.33,chainlink,83545.92,twap60,,2.891,0.5039,0.550,0.560,461.34,0.440,0.450,184.00,0.07,5,184.00,1283.00,2450.56,0.0001081,0.0000791,-0.0002326
1790638560.3,1790638500,60.3,239.7,83546.40,chainlink,83545.92,twap60,,2.891,0.5047,0.510,0.530,10.00,0.470,0.480,149.00,0.07,5,1531.42,2890.02,196.00,0.0000007,0.0001334,-0.0001930
1790638575.3,1790638500,75.3,224.7,83547.19,chainlink,83545.92,twap60,,2.891,0.5128,0.440,0.450,8.91,0.550,0.560,181.37,0.07,5,388.72,987.00,386.04,0.0000120,0.0001130,-0.0001864
1790638590.3,1790638500,90.3,209.7,83546.99,chainlink,83545.92,twap60,,2.891,0.5113,0.550,0.560,63.89,0.440,0.450,556.37,0.07,5,568.89,961.87,314.89,-0.0000026,0.0001159,-0.0001448
1790638605.4,1790638500,105.4,194.6,83544.68,chainlink,83545.92,twap60,,2.891,0.4862,0.420,0.430,82.21,0.570,0.580,210.29,0.07,5,210.29,890.14,924.18,-0.0000302,-0.0000199,-0.0001384
1790638620.4,1790638500,120.4,179.6,83543.59,chainlink,83545.92,twap60,,2.891,0.4727,0.480,0.490,202.58,0.510,0.520,521.82,0.07,5,521.82,1328.88,1594.09,-0.0000069,-0.0000311,-0.0001511
1790638635.5,1790638500,135.5,164.5,83544.40,chainlink,83545.92,twap60,,2.891,0.4812,0.470,0.480,75.00,0.520,0.530,382.39,0.07,5,382.39,2298.67,1060.32,0.0000008,-0.0000335,-0.0001727
1790638650.5,1790638500,150.5,149.5,83545.90,chainlink,83545.92,twap60,,2.891,0.4997,0.390,0.400,41.00,0.600,0.610,218.65,0.07,5,218.65,1734.60,634.37,0.0000181,-0.0000157,-0.0001466
1790638665.5,1790638500,165.5,134.5,83546.63,chainlink,83545.92,twap60,,2.891,0.5101,0.420,0.430,96.69,0.570,0.580,725.07,0.07,5,593.34,1118.52,630.57,0.0000095,0.0000295,-0.0001134
1790638680.5,1790638500,180.5,119.5,83546.46,chainlink,83545.92,twap60,,2.891,0.5083,0.590,0.600,25.00,0.400,0.410,345.04,0.07,5,385.04,956.47,478.15,-0.0000018,0.0000255,-0.0001267
1790638695.5,1790638500,195.5,104.5,83549.09,chainlink,83545.92,twap60,,2.891,0.5543,0.470,0.480,259.32,0.520,0.530,30.00,0.07,5,30.00,487.00,955.49,0.0000314,0.0000563,-0.0000851
1790638710.6,1790638500,210.6,89.4,83546.57,chainlink,83545.92,twap60,,2.891,0.5127,0.480,0.490,57.92,0.510,0.520,284.97,0.07,5,691.46,1941.62,67.92,-0.0000302,0.0000088,-0.0000030
1790638725.6,1790638500,225.6,74.4,83550.39,chainlink,83545.92,twap60,,2.891,0.6039,0.780,0.790,86.94,0.210,0.220,568.90,0.07,5,568.90,1194.54,312.91,0.0000422,0.0000452,0.0000292
1790638740.6,1790638500,240.6,59.4,83550.93,chainlink,83545.92,twap60,83550.93,2.891,0.6529,0.920,0.930,212.74,0.070,0.080,136.00,0.07,5,136.00,596.11,861.02,0.0000002,0.0000534,0.0000314
1790638755.6,1790638500,255.6,44.4,83565.47,chainlink,83545.92,twap60,83559.69,2.891,0.9859,0.990,,,,0.010,2502.01,0.07,5,2502.01,4360.15,,0.0001796,0.0001960,0.0001213
1790638770.6,1790638500,270.6,29.4,83553.84,chainlink,83545.92,twap60,83557.48,2.891,0.9864,0.980,0.990,325.85,0.010,0.020,755.49,0.07,5,755.49,2133.46,325.85,-0.0001281,0.0000835,0.0000825
1790638785.7,1790638500,285.7,14.3,83561.96,chainlink,83545.92,twap60,83557.07,2.891,0.9990,0.990,,,,0.010,50560.80,0.07,5,50560.80,51828.45,,0.0000946,0.0001321,0.0002661
1790638815.7,1790638800,15.7,284.3,83562.06,chainlink,83558.24,twap60,,2.585,0.5377,0.550,0.560,214.28,0.440,0.450,393.41,0.07,5,393.41,2244.04,1636.93,-0.0000099,-0.0000298,0.0002910
1790638830.7,1790638800,30.7,269.3,83561.28,chainlink,83558.24,twap60,,2.585,0.5309,0.550,0.560,90.00,0.440,0.450,1395.73,0.07,5,1395.73,3432.73,399.00,-0.0000082,0.0000864,0.0002870
1790638845.7,1790638800,45.7,254.3,83564.38,chainlink,83558.24,twap60,,2.585,0.5644,0.620,0.630,51.00,0.370,0.380,783.56,0.07,5,783.56,2542.19,492.17,0.0000346,0.0000272,0.0002158
1790638860.8,1790638800,60.8,239.2,83581.38,chainlink,83558.24,twap60,,2.585,0.7370,0.630,0.640,289.58,0.360,0.370,213.62,0.07,5,213.62,1604.48,1609.66,0.0001983,0.0002213,0.0004212
1790638875.8,1790638800,75.8,224.2,83570.58,chainlink,83558.24,twap60,,2.585,0.6375,0.510,0.520,13.07,0.480,0.490,678.22,0.07,5,698.22,3043.59,971.80,-0.0001305,0.0001031,0.0002798
1790638890.8,1790638800,90.8,209.2,83571.86,chainlink,83558.24,twap60,,2.585,0.6573,0.610,0.620,91.95,0.380,0.390,1021.58,0.07,5,1021.58,1660.57,1089.78,0.0000199,0.0001242,0.0002950
1790638905.8,1790638800,105.8,194.2,83571.93,chainlink,83558.24,twap60,,2.585,0.6652,0.530,0.540,396.69,0.450,0.460,34.00,0.07,5,40.00,1081.37,1009.97,-0.0000008,0.0000852,0.0003323
1790638920.8,1790638800,120.8,179.2,83567.61,chainlink,83558.24,twap60,,2.585,0.6207,0.490,0.510,1697.36,0.490,0.510,50.72,0.07,5,50.72,386.70,2394.80,-0.0000514,-0.0001661,0.0002786
1790638935.9,1790638800,135.9,164.1,83555.57,chainlink,83558.24,twap60,,2.585,0.4630,0.440,0.450,1064.72,0.550,0.560,104.40,0.07,5,104.40,190.37,2536.40,-0.0001496,-0.0001750,0.0001337
1790638950.9,1790638800,150.9,149.1,83554.00,chainlink,83558.24,twap60,,2.585,0.4377,0.290,0.300,1576.30,0.700,0.710,27.33,0.07,5,27.33,385.33,2004.02,-0.0000186,-0.0002154,0.0000977
1790638965.9,1790638800,165.9,134.1,83554.13,chainlink,83558.24,twap60,,2.585,0.4350,0.310,0.320,490.76,0.680,0.690,62.77,0.07,5,62.77,861.04,778.70,0.0000012,-0.0002127,0.0000900
1790638980.9,1790638800,180.9,119.1,83552.77,chainlink,83558.24,twap60,,2.585,0.4060,0.260,0.270,236.19,0.730,0.740,86.29,0.07,5,86.29,501.40,2034.36,-0.0000162,-0.0001831,0.0000754
1790638995.9,1790638800,195.9,104.1,83549.14,chainlink,83558.24,twap60,,2.585,0.3300,0.160,0.170,573.21,0.830,0.840,263.11,0.07,5,263.11,743.10,1756.97,-0.0000414,-0.0000768,0.0000005
1790639011.0,1790638800,211.0,89.0,83548.87,chainlink,83558.24,twap60,,2.585,0.3024,0.230,0.240,75.00,0.760,0.770,144.58,0.07,5,144.58,1182.18,423.98,-0.0000054,-0.0000618,0.0000239
1790639026.0,1790638800,226.0,74.0,83550.06,chainlink,83558.24,twap60,,2.585,0.2938,0.360,0.370,50.00,0.630,0.640,111.66,0.07,5,111.66,259.07,216.44,0.0000144,-0.0000486,-0.0000102
1790639041.0,1790638800,241.0,59.0,83558.64,chainlink,83558.24,twap60,83558.63,2.585,0.5140,0.190,0.200,232.47,0.800,0.810,162.26,0.07,5,262.26,412.26,463.27,0.0001026,0.0000722,0.0000978
1790639055.0,1790638800,255.0,45.0,83552.47,chainlink,83558.24,twap60,83555.31,2.585,0.2503,0.050,0.060,160.95,0.940,0.950,25.79,0.07,5,15.79,1271.60,344.70,-0.0000737,0.0000377,-0.0001445
1790639070.0,1790638800,270.0,30.0,83554.11,chainlink,83558.24,twap60,83554.75,2.585,0.1753,0.040,0.050,55.00,0.950,0.960,210.19,0.07,5,210.19,3317.48,489.00,0.0000084,0.0000629,0.0000007
1790639085.1,1790638800,285.1,14.9,83554.71,chainlink,83558.24,twap60,83554.65,2.585,0.0064,,0.010,5882.20,0.990,,,0.07,5,,,7635.91,0.0000101,0.0000556,-0.0000884
1790639115.1,1790639100,15.1,284.9,83558.67,chainlink,83554.74,twap60,,2.653,0.5378,0.530,0.540,35.00,0.460,0.470,1384.71,0.07,5,1404.71,2698.71,367.00,0.0000035,0.0000630,-0.0000394
1790639130.1,1790639100,30.1,269.9,83550.61,chainlink,83554.74,twap60,,2.653,0.4591,0.390,0.400,200.25,0.600,0.610,217.09,0.07,5,217.09,1528.51,1525.35,-0.0000965,-0.0000390,-0.0001301
1790639145.2,1790639100,45.2,254.8,83541.58,chainlink,83554.74,twap60,,2.653,0.3675,0.300,0.310,963.69,0.690,0.700,216.28,0.07,5,216.28,1282.42,1742.69,-0.0001133,-0.0001574,-0.0002780
1790639160.2,1790639100,60.2,239.8,83529.67,chainlink,83554.74,twap60,,2.653,0.2519,0.140,0.150,445.35,0.850,0.860,165.75,0.07,5,165.75,1014.04,2173.89,-0.0001388,-0.0003437,-0.0006202
1790639175.2,1790639100,75.2,224.8,83500.62,chainlink,83554.74,twap60,,2.653,0.0667,0.080,0.090,763.71,0.910,0.920,141.60,0.07,5,141.60,1331.52,1871.49,-0.0002909,-0.0006950,-0.0008328
1790639190.2,1790639100,90.2,209.8,83496.95,chainlink,83554.74,twap60,,2.653,0.0473,0.030,0.040,1001.42,0.960,0.970,1240.09,0.07,5,1240.09,14027.13,1699.73,-0.0000696,-0.0006476,-0.0008984
1790639205.3,1790639100,105.3,194.8,83496.94,chainlink,83554.74,twap60,,2.653,0.0399,0.030,0.040,222.86,0.960,0.970,1134.36,0.07,5,1134.36,12355.08,1777.91,0.0000064,-0.0005306,-0.0008974
1790639220.3,1790639100,120.3,179.7,83512.21,chainlink,83554.74,twap60,,2.653,0.0875,0.080,0.090,49.87,0.910,0.920,1162.87,0.07,5,1162.87,3421.15,2058.78,0.0001829,-0.0001522,-0.0006687
1790639235.3,1790639100,135.3,164.7,83517.21,chainlink,83554.74,twap60,,2.653,0.1026,0.210,0.220,238.58,0.780,0.790,250.00,0.07,5,250.00,774.70,645.65,0.0000585,0.0001729,-0.0004590
1790639250.3,1790639100,150.3,149.7,83524.74,chainlink,83554.74,twap60,,2.653,0.1402,0.110,0.120,1204.27,0.880,0.890,42.00,0.07,5,42.00,1651.74,3538.80,0.0000996,0.0003393,-0.0003506
1790639265.3,1790639100,165.3,134.7,83523.69,chainlink,83554.74,twap60,,2.653,0.1145,0.090,0.100,589.59,0.900,0.910,44.50,0.07,5,44.50,1502.58,3434.11,-0.0000154,0.0003204,-0.0003643
1790639280.4,1790639100,180.4,119.6,83524.03,chainlink,83554.74,twap60,,2.653,0.0973,0.080,0.090,50.00,0.910,0.920,1125.98,0.07,5,1125.98,3196.40,996.86,0.0000036,0.0001402,-0.0003419
1790639295.4,1790639100,195.4,104.6,83520.05,chainlink,83554.74,twap60,,2.653,0.0519,0.030,0.040,1801.37,0.960,0.970,268.30,0.07,5,268.30,13358.41,3301.25,-0.0000474,0.0000434,-0.0003504
1790639310.4,1790639100,210.4,89.6,83514.98,chainlink,83554.74,twap60,,2.653,0.0167,0.010,0.020,1564.00,0.980,0.990,2565.57,0.07,5,2565.57,2565.57,4037.93,-0.0000608,-0.0001197,-0.0004056
1790639325.4,1790639100,225.4,74.6,83514.76,chainlink,83554.74,twap60,,2.653,0.0052,,0.010,5497.65,0.990,,,0.07,5,,,8947.63,-0.0000026,-0.0001074,-0.0004227
1790639340.4,1790639100,240.4,59.6,83514.75,chainlink,83554.74,twap60,83514.75,2.653,0.0010,,0.010,18316.01,0.990,,,0.07,5,,,21514.34,-0.0000001,-0.0001109,-0.0005253
1790639355.5,1790639100,255.5,44.5,83514.48,chainlink,83554.74,twap60,83514.60,2.653,0.0010,,0.010,33977.17,0.990,,,0.07,5,,,37254.81,-0.0000046,-0.0000667,-0.0004660
1790639370.5,1790639100,270.5,29.5,83513.80,chainlink,83554.74,twap60,83514.44,2.653,0.0010,,0.010,66900.08,0.990,,,0.07,5,,,70142.48,-0.0000081,-0.0000142,-0.0004797
1790639385.5,1790639100,285.5,14.5,83513.91,chainlink,83554.74,twap60,83514.18,2.653,0.0010,,0.010,69518.56,0.990,,,0.07,5,,,72725.96,0.0000014,-0.0000102,-0.0004886
1790639415.5,1790639400,15.5,284.5,83500.18,chainlink,83514.13,twap60,,2.681,0.3696,0.230,0.240,5.00,0.760,0.770,652.13,0.07,5,629.53,2866.55,865.98,-0.0001640,-0.0001711,-0.0007003
1790639430.6,1790639400,30.6,269.4,83484.92,chainlink,83514.13,twap60,,2.681,0.2360,0.170,0.180,71.00,0.820,0.830,1402.03,0.07,5,1402.03,3258.06,1193.80,-0.0000846,-0.0003458,-0.0007918
1790639445.6,1790639400,45.6,254.4,83495.11,chainlink,83514.13,twap60,,2.681,0.3140,0.430,0.450,286.38,0.550,0.570,103.36,0.07,5,103.36,1325.89,1261.42,0.0001191,-0.0002258,-0.0005526
1790639460.6,1790639400,60.6,239.4,83494.97,chainlink,83514.13,twap60,,2.681,0.3064,0.420,0.430,105.32,0.570,0.580,45.74,0.07,5,42.68,545.85,397.35,-0.0000063,-0.0002263,-0.0003586
1790639475.6,1790639400,75.6,224.4,83495.54,chainlink,83514.13,twap60,,2.681,0.3048,0.440,0.450,359.62,0.550,0.560,204.98,0.07,5,248.82,498.72,1113.81,-0.0000001,0.0000427,-0.0000866
1790639490.7,1790639400,90.7,209.3,83494.26,chainlink,83514.13,twap60,,2.681,0.2845,0.460,0.470,331.42,0.530,0.540,135.76,0.07,5,52.26,713.42,1479.38,-0.0000176,0.0001089,-0.0000257
1790639505.7,1790639400,105.7,194.3,83494.71,chainlink,83514.13,twap60,,2.681,0.2799,0.450,0.460,129.00,0.540,0.550,144.49,0.07,5,144.49,763.95,407.00,0.0000057,-0.0000094,-0.0000266
1790639520.7,1790639400,120.7,179.3,83495.32,chainlink,83514.13,twap60,,2.681,0.2761,0.440,0.450,40.00,0.550,0.560,289.51,0.07,5,289.51,2561.94,180.00,0.0000039,-0.0000028,-0.0002037
1790639535.7,1790639400,135.7,164.3,83495.36,chainlink,83514.13,twap60,,2.681,0.2650,0.430,0.440,204.00,0.560,0.570,318.59,0.07,5,318.59,1474.87,1291.60,0.0000011,-0.0000044,-0.0002522
1790639550.7,1790639400,150.7,149.3,83498.63,chainlink,83514.13,twap60,,2.681,0.2901,0.510,0.520,404.68,0.480,0.490,70.00,0.07,5,70.00,705.37,1569.68,0.0000440,0.0000526,-0.0003154
1790639565.8,1790639400,165.8,134.2,83519.80,chainlink,83514.13,twap60,,2.681,0.5861,0.570,0.580,10.00,0.420,0.430,472.40,0.07,5,472.40,1231.97,295.00,0.0002406,0.0002971,-0.0000471
1790639580.8,1790639400,180.8,119.2,83516.58,chainlink,83514.13,twap60,,2.681,0.5409,0.650,0.660,145.20,0.340,0.350,5.00,0.07,5,5.00,166.90,390.33,0.0000358,0.0002553,-0.0000889
1790639595.8,1790639400,195.8,104.2,83515.94,chainlink,83514.13,twap60,,2.681,0.5334,0.220,0.230,124.34,0.770,0.780,75.00,0.07,5,75.00,685.43,524.96,0.0000001,0.0002512,-0.0000493
1790639610.8,1790639400,210.8,89.2,83516.49,chainlink,83514.13,twap60,,2.681,0.5499,0.440,0.450,50.00,0.530,0.540,46.53,0.07,5,79.11,216.11,348.78,0.0000062,0.0002010,0.0000181
1790639625.8,1790639400,225.8,74.2,83522.60,chainlink,83514.13,twap60,,2.681,0.7054,0.560,0.570,79.79,0.430,0.440,428.41,0.07,5,428.41,751.43,566.67,0.0000569,0.0001078,0.0000938
1790639640.9,1790639400,240.9,59.1,83522.83,chainlink,83514.13,twap60,83522.83,2.681,0.7707,0.560,0.630,442.00,0.380,0.440,400.00,0.07,5,400.00,495.00,713.36,0.0000003,0.0000826,0.0000953
1790639655.9,1790639400,255.9,44.1,83516.92,chainlink,83514.13,twap60,83517.41,2.681,0.6503,0.590,0.680,15.00,0.320,0.400,5.00,0.07,5,45.00,103.71,246.00,-0.0000706,0.0000114,0.0000294
1790639670.9,1790639400,270.9,29.1,83516.96,chainlink,83514.13,twap60,83517.07,2.681,0.7616,0.930,0.940,285.68,0.060,0.070,31.75,0.07,5,31.75,121.77,1651.83,0.0000008,-0.0000106,0.0000379
1790639685.9,1790639400,285.9,14.1,83518.44,chainlink,83514.13,twap60,83517.33,2.681,0.9944,0.990,,,,0.010,8938.33,0.07,5,8938.33,10023.82,,0.0000184,-0.0000522,0.0000536
1790639716.0,1790639700,16.0,284.0,83527.06,chainlink,83518.99,twap60,,2.693,0.5760,0.590,0.600,35.82,0.400,0.410,1151.37,0.07,5,1151.37,1643.37,1120.82,-0.0000040,0.0001218,0.0004201
1790639731.0,1790639700,31.0,269.0,83526.54,chainlink,83518.99,twap60,,2.693,0.5735,0.630,0.640,1273.14,0.360,0.370,19.94,0.07,5,19.94,241.18,2640.46,-0.0000065,0.0001154,0.0004955
1790639745.0,1790639700,45.0,255.0,83520.97,chainlink,83518.99,twap60,,2.693,0.5200,0.430,0.440,105.91,0.560,0.570,396.85,0.07,5,396.85,1364.65,317.02,-0.0000655,0.0000303,0.0003051
1790639760.0,1790639700,60.0,240.0,83521.90,chainlink,83518.99,twap60,,2.693,0.5304,0.400,0.410,358.32,0.590,0.600,344.56,0.07,5,344.56,484.56,1141.77,0.0000003,-0.0000658,0.0003156
1790639775.0,1790639700,75.0,225.0,83524.97,chainlink,83518.99,twap60,,2.693,0.5648,0.290,0.300,595.43,0.700,0.710,82.28,0.07,5,82.28,375.41,1086.11,0.0000405,-0.0000254,0.0003501
1790639790.1,1790639700,90.1,209.9,83523.29,chainlink,83518.99,twap60,,2.693,0.5487,0.560,0.570,538.97,0.430,0.440,36.66,0.07,5,36.66,802.04,1218.94,-0.0000095,-0.0000377,0.0003479
1790639805.1,1790639700,105.1,194.9,83523.33,chainlink,83518.99,twap60,,2.693,0.5515,0.570,0.580,149.00,0.420,0.430,147.07,0.07,5,147.07,873.95,2133.61,-0.0000060,0.0000174,0.0003394
1790639820.1,1790639700,120.1,179.9,83523.18,chainlink,83518.99,twap60,,2.693,0.5523,0.410,0.420,102.79,0.580,0.590,459.83,0.07,5,459.83,1285.01,653.57,-0.0000024,0.0000190,0.0003342
1790639835.1,1790639700,135.1,164.9,83522.46,chainlink,83518.99,twap60,,2.693,0.5459,0.680,0.690,312.07,0.310,0.320,506.79,0.07,5,506.79,1786.41,869.51,-0.0000121,-0.0000194,0.0003294
1790639850.2,1790639700,150.2,149.8,83523.21,chainlink,83518.99,twap60,,2.693,0.5593,0.610,0.620,79.50,0.380,0.390,631.37,0.07,5,641.37,2102.48,394.55,0.0000143,-0.0000074,0.0002814
1790639865.2,1790639700,165.2,134.8,83523.12,chainlink,83518.99,twap60,,2.693,0.5625,0.670,0.680,242.00,0.320,0.330,233.59,0.07,5,233.59,2027.59,461.62,-0.0000015,-0.0000031,0.0001140
1790639880.2,1790639700,180.2,119.8,83517.47,chainlink,83518.99,twap60,,2.693,0.4748,0.430,0.450,21.15,0.550,0.570,4.86,0.07,5,4.86,54.33,906.42,-0.0000676,-0.0000719,0.0000185
1790639895.2,1790639700,195.2,104.8,83501.84,chainlink,83518.99,twap60,,2.693,0.2143,0.100,0.110,159.07,0.890,0.900,5.00,0.07,5,5.00,971.21,694.41,-0.0001863,-0.0002416,-0.0001693
1790639910.2,1790639700,210.2,89.8,83500.26,chainlink,83518.99,twap60,,2.693,0.1620,0.070,0.080,290.29,0.920,0.930,65.00,0.07,5,25.00,596.31,949.91,-0.0000332,-0.0002753,-0.0002105
1790639925.3,1790639700,225.3,74.7,83497.41,chainlink,83518.99,twap60,,2.693,0.0870,0.020,0.030,960.38,0.970,0.980,155.53,0.07,5,155.53,2777.49,2493.58,-0.0000217,-0.0003078,-0.0003040
1790639940.3,1790639700,240.3,59.7,83497.24,chainlink,83518.99,twap60,83497.27,2.693,0.0344,,0.010,3075.72,0.990,,,0.07,5,,,5395.37,-0.0000020,-0.0002414,-0.0003064
1790639955.3,1790639700,255.3,44.7,83497.11,chainlink,83518.99,twap60,83497.27,2.693,0.0024,,0.010,13374.22,0.990,,,0.07,5,,,15341.03,-0.0000017,-0.0000710,-0.0002369
1790639970.3,1790639700,270.3,29.7,83481.25,chainlink,83518.99,twap60,83495.74,2.693,0.0010,,0.010,42974.58,0.990,,,0.07,5,,,45043.65,-0.0001892,-0.0002153,-0.0004270
1790639985.3,1790639700,285.3,14.7,83467.87,chainlink,83518.99,twap60,83487.31,2.693,0.0010,,0.010,66200.73,0.990,,,0.07,5,,,68530.15,-0.0001517,-0.0003538,-0.0006057
1790640015.4,1790640000,15.4,284.6,83449.13,chainlink,83481.47,twap60,,2.770,0.2276,0.490,0.510,22.36,0.490,0.510,121.05,0.07,5,116.05,854.31,368.36,-0.0001133,-0.0005740,-0.0009338
1790640030.4,1790640000,30.4,269.6,83455.85,chainlink,83481.47,twap60,,2.770,0.2708,0.420,0.430,45.00,0.570,0.580,488.15,0.07,5,459.57,1462.73,568.70,0.0001157,-0.0002957,-0.0008455
1790640045.4,1790640000,45.4,254.6,83456.27,chainlink,83481.47,twap60,,2.770,0.2673,0.350,0.360,579.83,0.640,0.650,138.41,0.07,5,138.41,638.03,1131.73,0.0000055,-0.0001405,-0.0007858
1790640060.5,1790640000,60.5,239.5,83436.48,chainlink,83481.47,twap60,,2.770,0.1251,0.270,0.280,7806.74,0.720,0.730,290.39,0.07,5,290.39,2271.08,7901.84,-0.0001811,-0.0002648,-0.0010195
1790640075.5,1790640000,75.5,224.5,83445.34,chainlink,83481.47,twap60,,2.770,0.1685,0.250,0.260,2.26,0.740,0.750,1458.53,0.07,5,1458.53,3482.65,5486.30,0.0000965,-0.0000101,-0.0009432
1790640090.5,1790640000,90.5,209.5,83454.42,chainlink,83481.47,twap60,,2.770,0.2266,0.420,0.430,137.73,0.570,0.580,965.51,0.07,5,965.51,1467.89,1586.65,0.0001093,-0.0000168,-0.0008314
1790640105.5,1790640000,105.5,194.5,83463.39,chainlink,83481.47,twap60,,2.770,0.2997,0.250,0.260,21.25,0.740,0.750,53.91,0.07,5,53.91,1535.48,539.74,-0.0000148,0.0001413,-0.0007185
1790640120.5,1790640000,120.5,179.5,83469.44,chainlink,83481.47,twap60,,2.770,0.3566,0.220,0.230,122.08,0.770,0.780,120.25,0.07,5,120.25,583.65,555.05,0.0000834,0.0003852,-0.0006471
1790640135.6,1790640000,135.6,164.4,83470.18,chainlink,83481.47,twap60,,2.770,0.3575,0.310,0.320,155.00,0.680,0.690,390.39,0.07,5,390.39,999.49,782.76,0.0000374,0.0002982,-0.0006208
1790640150.6,1790640000,150.6,149.4,83477.45,chainlink,83481.47,twap60,,2.770,0.4448,0.490,0.500,205.00,0.500,0.510,123.29,0.07,5,143.29,1307.06,646.01,0.0000870,0.0001536,-0.0005485
1790640165.6,1790640000,165.6,134.4,83482.52,chainlink,83481.47,twap60,,2.770,0.5156,0.480,0.490,5.00,0.510,0.520,745.58,0.07,5,745.58,1620.18,862.93,0.0000280,0.0002401,-0.0004862
1790640180.6,1790640000,180.6,119.4,83491.66,chainlink,83481.47,twap60,,2.770,0.6603,0.610,0.620,176.29,0.380,0.390,159.99,0.07,5,159.99,293.61,1933.70,0.0001117,0.0002947,-0.0003082
1790640195.6,1790640000,195.6,104.4,83467.97,chainlink,83481.47,twap60,,2.770,0.2717,0.180,0.190,388.84,0.810,0.820,65.18,0.07,5,65.18,575.80,804.44,-0.0002865,-0.0000265,-0.0004200
1790640210.7,1790640000,210.7,89.3,83461.05,chainlink,83481.47,twap60,,2.770,0.1469,0.060,0.070,15.00,0.930,0.940,195.15,0.07,5,195.15,2363.65,366.36,-0.0000395,-0.0002292,-0.0004573
1790640225.7,1790640000,225.7,74.3,83470.46,chainlink,83481.47,twap60,,2.770,0.2488,0.080,0.090,202.91,0.910,0.920,18.00,0.07,5,23.00,490.79,989.91,0.0001186,-0.0001422,-0.0003227
1790640240.7,1790640000,240.7,59.3,83480.25,chainlink,83481.47,twap60,83480.25,2.770,0.4603,0.610,0.620,122.91,0.390,0.400,45.00,0.07,5,7.00,62.00,227.91,0.0001459,-0.0001393,-0.0002035
1790640255.7,1790640000,255.7,44.3,83483.75,chainlink,83481.47,twap60,83482.86,2.770,0.6029,0.260,0.270,90.18,0.730,0.740,63.05,0.07,5,61.69,191.95,265.18,0.0000278,0.0002325,-0.0001592
1790640270.7,1790640000,270.7,29.3,83491.55,chainlink,83481.47,twap60,83485.65,2.770,0.9529,0.980,0.990,2325.99,0.010,0.020,568.46,0.07,5,568.46,799.30,2325.99,0.0000934,0.0003712,0.0001320
1790640285.8,1790640000,285.8,14.2,83492.40,chainlink,83481.47,twap60,83487.63,2.770,0.9990,0.990,,,,0.010,19643.23,0.07,5,19643.23,20421.07,,0.0000106,0.0002913,0.0002923
1790640315.8,1790640300,15.8,284.2,83497.09,chainlink,83488.23,twap60,,2.566,0.5874,0.620,0.630,472.00,0.370,0.380,1271.14,0.07,5,1271.14,1865.14,1240.57,0.0000777,0.0001597,0.0006097
1790640330.8,1790640300,30.8,269.2,83498.12,chainlink,83488.23,twap60,,2.566,0.6006,0.650,0.660,437.08,0.340,0.350,65.00,0.07,5,65.00,750.44,1605.92,0.0000110,0.0000792,0.0005068
1790640345.9,1790640300,45.9,254.1,83497.11,chainlink,83488.23,twap60,,2.566,0.5935,0.510,0.520,45.00,0.480,0.490,504.93,0.07,5,544.93,2153.66,258.72,-0.0000121,0.0000581,0.0005452
1790640360.9,1790640300,60.9,239.1,83474.60,chainlink,83488.23,twap60,,2.566,0.3534,0.330,0.340,70.00,0.660,0.670,418.24,0.07,5,418.24,2075.30,543.90,-0.0002696,-0.0001915,0.0004471
1790640375.9,1790640300,75.9,224.1,83457.57,chainlink,83488.23,twap60,,2.566,0.1893,0.230,0.240,94.00,0.760,0.770,447.39,0.07,5,447.39,1321.40,582.60,-0.0001117,-0.0004748,0.0001471
1790640390.9,1790640300,90.9,209.1,83451.53,chainlink,83488.23,twap60,,2.566,0.1357,0.260,0.270,122.79,0.730,0.740,1386.02,0.07,5,1386.02,2445.86,2047.43,-0.0000538,-0.0005582,-0.0001569
1790640406.0,1790640300,106.0,194.0,83479.05,chainlink,83488.23,twap60,,2.566,0.3866,0.440,0.450,135.00,0.550,0.560,352.00,0.07,5,367.36,2146.38,1110.64,0.0003345,-0.0002164,0.0001985
1790640421.0,1790640300,121.0,179.0,83497.40,chainlink,83488.23,twap60,,2.566,0.6192,0.560,0.570,84.60,0.430,0.440,415.70,0.07,5,415.70,917.23,606.40,0.0002199,0.0003655,0.0003635
1790640435.0,1790640300,135.0,165.0,83492.59,chainlink,83488.23,twap60,,2.566,0.5605,0.620,0.630,1458.68,0.370,0.380,64.00,0.07,5,64.00,832.90,3721.01,-0.0000216,0.0004382,0.0002684
1790640450.0,1790640300,150.0,150.0,83497.80,chainlink,83488.23,twap60,,2.566,0.6390,0.680,0.690,351.48,0.310,0.320,441.02,0.07,5,441.02,2476.92,2066.26,0.0000607,0.0005591,0.0002111
1790640465.0,1790640300,165.0,135.0,83503.80,chainlink,83488.23,twap60,,2.566,0.7333,0.740,0.750,72.33,0.250,0.260,615.74,0.07,5,615.74,2525.46,1039.67,0.0000766,0.0002965,0.0002571
1790640480.1,1790640300,180.1,119.9,83503.51,chainlink,83488.23,twap60,,2.566,0.7474,0.470,0.480,347.51,0.520,0.530,97.12,0.07,5,97.12,581.50,1124.89,-0.0000041,0.0001092,0.0001393
1790640495.1,1790640300,195.1,104.9,83493.24,chainlink,83488.23,twap60,,2.566,0.5958,0.660,0.670,125.00,0.330,0.340,37.78,0.07,5,30.00,251.00,527.10,0.0000129,0.0000061,0.0003462
1790640510.1,1790640300,210.1,89.9,83494.68,chainlink,83488.23,twap60,,2.566,0.6391,0.690,0.700,187.59,0.300,0.310,95.00,0.07,5,50.00,305.00,1156.72,-0.0000466,-0.0000326,0.0004086
1790640525.1,1790640300,225.1,74.9,83483.57,chainlink,83488.23,twap60,,2.566,0.3793,0.330,0.340,90.00,0.660,0.670,309.41,0.07,5,309.41,970.37,555.02,-0.0001361,-0.0002429,0.0001856
1790640540.2,1790640300,240.2,59.8,83480.37,chainlink,83488.23,twap60,83480.38,2.566,0.2459,0.180,0.190,55.00,0.810,0.820,30.00,0.07,5,49.07,630.51,168.00,-0.0000358,-0.0001412,-0.0000127
1790640555.2,1790640300,255.2,44.8,83496.78,chainlink,83488.23,twap60,83487.02,2.566,0.7943,0.890,0.900,389.32,0.100,0.110,142.40,0.07,5,142.40,1827.48,1333.85,0.0001938,-0.0000214,0.0001561
1790640570.2,1790640300,270.2,29.8,83495.58,chainlink,83488.23,twap60,83491.78,2.566,0.9121,0.930,0.940,120.00,0.060,0.070,55.00,0.07,5,55.00,191.00,960.18,-0.0000215,0.0000077,0.0000487
1790640585.2,1790640300,285.2,14.8,83495.82,chainlink,83488.23,twap60,83492.94,2.566,0.9990,0.990,,,,0.010,19046.32,0.07,5,19046.32,20658.94,,0.0000142,0.0001494,0.0000427
1790640615.3,1790640600,15.3,284.7,83458.81,chainlink,83493.21,twap60,,2.426,0.1824,0.210,0.220,130.00,0.780,0.790,730.93,0.07,5,730.93,3977.01,927.00,-0.0002945,-0.0004619,-0.0004600
1790640630.3,1790640600,30.3,269.7,83451.81,chainlink,83493.21,twap60,,2.426,0.1301,0.170,0.180,645.43,0.820,0.830,90.00,0.07,5,90.00,2108.97,2996.93,-0.0000388,-0.0005131,-0.0005548
1790640645.3,1790640600,45.3,254.7,83444.06,chainlink,83493.21,twap60,,2.426,0.0834,0.180,0.190,862.69,0.810,0.820,180.00,0.07,5,180.00,1602.21,2641.67,-0.0000847,-0.0006208,-0.0006355
1790640660.3,1790640600,60.3,239.7,83442.47,chainlink,83493.21,twap60,,2.426,0.0694,0.110,0.120,684.35,0.880,0.890,213.89,0.07,5,213.89,2795.55,3039.62,-0.0000403,-0.0004904,-0.0002927
1790640675.4,1790640600,75.4,224.6,83441.99,chainlink,83493.21,twap60,,2.426,0.0601,0.090,0.100,149.00,0.900,0.910,470.19,0.07,5,465.19,3055.74,1561.22,-0.0000072,-0.0001565,-0.0001681
1790640690.4,1790640600,90.4,209.6,83429.00,chainlink,83493.21,twap60,,2.426,0.0211,0.060,0.070,199.75,0.930,0.940,555.99,0.07,5,555.99,3897.70,2382.45,-0.0001560,-0.0002652,-0.0002651
1790640705.4,1790640600,105.4,194.6,83453.40,chainlink,83493.21,twap60,,2.426,0.0935,0.170,0.180,847.82,0.820,0.830,70.00,0.07,5,70.00,1147.97,3644.40,0.0002961,0.0000907,-0.0003072
1790640720.4,1790640600,120.4,179.6,83458.18,chainlink,83493.21,twap60,,2.426,0.1108,0.250,0.260,204.85,0.740,0.750,869.28,0.07,5,869.28,2180.02,1199.45,0.0000396,0.0001868,-0.0004338
1790640735.4,1790640600,135.4,164.6,83459.30,chainlink,83493.21,twap60,,2.426,0.1052,0.200,0.210,2141.30,0.790,0.800,742.72,0.07,5,742.72,3672.06,3233.46,0.0000097,0.0002071,-0.0004004
1790640750.5,1790640600,150.5,149.5,83449.50,chainlink,83493.21,twap60,,2.426,0.0426,0.120,0.130,172.00,0.870,0.880,319.48,0.07,5,319.48,892.23,1148.25,-0.0001166,0.0002493,-0.0005739
1790640765.5,1790640600,165.5,134.5,83448.27,chainlink,83493.21,twap60,,2.426,0.0284,0.200,0.210,35.00,0.790,0.800,1429.51,0.07,5,1429.51,3256.00,210.00,0.0000737,-0.0000792,-0.0006659
1790640780.5,1790640600,180.5,119.5,83466.11,chainlink,83493.21,twap60,,2.426,0.1051,0.470,0.480,42.01,0.520,0.530,1366.25,0.07,5,1366.25,2484.83,123.01,0.0002056,0.0000913,-0.0003120
1790640795.5,1790640600,195.5,104.5,83469.20,chainlink,83493.21,twap60,,2.426,0.1088,0.270,0.280,128.83,0.720,0.730,354.73,0.07,5,341.73,675.87,502.49,-0.0000297,0.0001194,-0.0003518
1790640810.6,1790640600,210.6,89.4,83490.68,chainlink,83493.21,twap60,,2.426,0.4409,0.780,0.790,11.87,0.210,0.220,173.99,0.07,5,163.99,642.89,211.28,0.0002573,0.0005818,-0.0000510
1790640825.6,1790640600,225.6,74.4,83492.38,chainlink,83493.21,twap60,,2.426,0.4767,0.850,0.860,21.28,0.140,0.150,300.86,0.07,5,300.86,581.58,136.28,-0.0000063,0.0005203,0.0001081
1790640840.6,1790640600,240.6,59.4,83493.80,chainlink,83493.21,twap60,83493.80,2.426,0.5220,0.900,0.910,15.60,0.090,0.100,99.23,0.07,5,99.23,139.23,973.88,0.0000076,0.0002651,0.0001581
1790640855.6,1790640600,255.6,44.4,83489.76,chainlink,83493.21,twap60,83493.91,2.426,0.3654,0.400,0.410,169.63,0.590,0.600,41.07,0.07,5,41.07,549.45,517.63,-0.0000576,0.0002463,-0.0000912
1790640870.6,1790640600,270.6,29.4,83496.97,chainlink,83493.21,twap60,83492.96,2.426,0.6772,0.780,0.790,115.62,0.210,0.220,69.00,0.07,5,69.00,79.00,200.62,0.0001086,0.0000487,0.0000279
1790640885.7,1790640600,285.7,14.3,83490.52,chainlink,83493.21,twap60,83493.41,2.426,0.3479,0.280,0.290,44.00,0.710,0.720,35.00,0.07,5,35.00,75.00,99.00,-0.0000687,-0.0000318,-0.0000642
1790640915.7,1790640900,15.7,284.3,83476.04,chainlink,83492.59,twap60,,2.406,0.3300,0.280,0.290,568.67,0.720,0.730,146.00,0.07,5,20.00,672.05,2575.20,-0.0001204,-0.0001421,0.0002515
1790640930.7,1790640900,30.7,269.3,83481.21,chainlink,83492.59,twap60,,2.406,0.3773,0.340,0.350,15.00,0.650,0.660,1396.39,0.07,5,1415.31,2310.07,312.31,0.0001344,-0.0001802,0.0003604
1790640945.7,1790640900,45.7,254.3,83474.74,chainlink,83492.59,twap60,,2.406,0.3061,0.230,0.240,503.85,0.760,0.770,63.89,0.07,5,63.89,842.44,2138.91,-0.0000277,-0.0001780,0.0003463
1790640960.8,1790640900,60.8,239.2,83446.81,chainlink,83492.59,twap60,,2.406,0.0888,0.140,0.150,699.60,0.850,0.860,60.00,0.07,5,60.00,1265.03,3355.99,-0.0002799,-0.0004707,0.0000506
1790640975.8,1790640900,75.8,224.2,83426.16,chainlink,83492.59,twap60,,2.406,0.0210,0.080,0.090,102.69,0.910,0.920,235.28,0.07,5,235.28,1613.31,2236.74,-0.0002402,-0.0005252,-0.0001901
1790640990.8,1790640900,90.8,209.2,83420.22,chainlink,83492.59,twap60,,2.406,0.0104,0.070,0.080,463.61,0.920,0.930,218.80,0.07,5,218.80,2424.83,2145.81,-0.0000719,-0.0006809,-0.0001015
1790641005.8,1790640900,105.8,194.2,83419.43,chainlink,83492.59,twap60,,2.406,0.0072,0.050,0.060,300.48,0.940,0.950,514.69,0.07,5,514.69,3759.34,2005.37,-0.0000092,-0.0006080,-0.0004248
1790641020.9,1790640900,120.9,179.1,83419.22,chainlink,83492.59,twap60,,2.406,0.0049,0.040,0.050,1233.53,0.950,0.960,616.12,0.07,5,616.12,12029.65,3208.53,-0.0000045,-0.0003234,-0.0004706
1790641035.9,1790640900,135.9,164.1,83397.62,chainlink,83492.59,twap60,,2.406,0.0010,0.020,0.030,814.72,0.970,0.980,196.05,0.07,5,231.05,2828.82,3968.83,-0.0002550,-0.0003429,-0.0007384
1790641050.9,1790640900,150.9,149.1,83396.61,chainlink,83492.59,twap60,,2.406,0.0010,,0.010,4793.66,0.990,,,0.07,5,,,6611.66,-0.0000121,-0.0002828,-0.0005455
1790641065.9,1790640900,165.9,134.1,83376.62,chainlink,83492.59,twap60,,2.406,0.0010,,0.010,10120.25,0.990,,,0.07,5,,,12171.92,-0.0002391,-0.0005154,-0.0008672
1790641081.0,1790640900,181.0,119.0,83371.06,chainlink,83492.59,twap60,,2.406,0.0010,,0.010,17758.16,0.990,,,0.07,5,,,20043.00,-0.0000646,-0.0005735,-0.0012061
1790641096.0,1790640900,196.0,104.0,83377.34,chainlink,83492.59,twap60,,2.406,0.0010,,0.010,17302.36,0.990,,,0.07,5,,,19771.53,0.0000225,-0.0002432,-0.0011010
1790641111.0,1790640900,211.0,89.0,83376.23,chainlink,83492.59,twap60,,2.406,0.0010,,0.010,21872.44,0.990,,,0.07,5,,,24906.61,-0.0000135,-0.0002438,-0.0013984
1790641125.0,1790640900,225.0,75.0,83363.70,chainlink,83492.59,twap60,,2.406,0.0010,,0.010,20657.06,0.990,,,0.07,5,,,23382.36,-0.0001578,-0.0001530,-0.0015519
1790641140.0,1790640900,240.0,60.0,83380.58,coinbase,83492.59,twap60,83363.70,2.406,0.0010,,0.010,26486.37,0.990,,,0.07,5,,,28873.75,-0.0001042,0.0001379,-0.0013932
1790641155.1,1790640900,255.1,44.9,83380.69,coinbase,83492.59,twap60,83363.70,2.406,0.0010,,0.010,37437.80,0.990,,,0.07,5,,,39983.24,0.0000013,0.0000398,-0.0013602
1790641170.1,1790640900,270.1,29.9,83377.50,chainlink,83492.59,twap60,83370.64,2.406,0.0010,,0.010,48550.40,0.990,,,0.07,5,,,50524.88,0.0000100,0.0000078,-0.0014233
1790641185.1,1790640900,285.1,14.9,83397.87,chainlink,83492.59,twap60,83379.12,2.406,0.0010,,0.001,28093.65,0.999,,,0.07,5,,,97428.66,0.0002266,0.0004099,-0.0010992
1790641215.1,1790641200,15.1,284.9,83392.60,chainlink,83388.37,twap60,,2.613,0.5411,0.510,0.520,373.38,0.480,0.490,425.00,0.07,5,425.00,2557.80,1708.22,-0.0001021,0.0001911,-0.0009277
1790641230.2,1790641200,30.2,269.8,83377.76,chainlink,83388.37,twap60,,2.613,0.3944,0.380,0.390,1471.70,0.610,0.620,864.43,0.07,5,834.43,2030.93,3141.42,-0.0001790,-0.0000146,-0.0011901
1790641245.2,1790641200,45.2,254.8,83385.02,chainlink,83388.37,twap60,,2.613,0.4651,0.410,0.420,811.98,0.580,0.590,30.00,0.07,5,69.00,779.89,2715.47,0.0001002,-0.0002283,-0.0010206
1790641260.2,1790641200,60.2,239.8,83379.66,chainlink,83388.37,twap60,,2.613,0.4068,0.490,0.500,105.00,0.500,0.510,1683.96,0.07,5,1683.96,2864.42,1383.43,-0.0000725,-0.0002572,-0.0007978
1790641275.2,1790641200,75.2,224.8,83386.74,chainlink,83388.37,twap60,,2.613,0.4817,0.510,0.520,55.00,0.480,0.490,1892.98,0.07,5,1892.98,3727.63,460.00,0.0000590,-0.0000714,-0.0004734
1790641290.2,1790641200,90.2,209.8,83390.16,chainlink,83388.37,twap60,,2.613,0.5209,0.440,0.450,911.92,0.550,0.560,107.26,0.07,5,107.26,896.88,2512.86,0.0000435,0.0001618,-0.0003601
1790641305.3,1790641200,105.3,194.7,83376.11,chainlink,83388.37,twap60,,2.613,0.3531,0.430,0.440,1071.56,0.560,0.570,518.00,0.07,5,518.00,1508.32,1900.56,-0.0001509,-0.0001150,-0.0005215
1790641320.3,1790641200,120.3,179.7,83377.27,chainlink,83388.37,twap60,,2.613,0.3596,0.310,0.320,1887.24,0.680,0.690,79.00,0.07,5,79.00,1158.50,2672.65,0.0000140,-0.0000546,-0.0004991
1790641335.3,1790641200,135.3,164.7,83364.29,chainlink,83388.37,twap60,,2.613,0.2046,0.160,0.170,243.00,0.830,0.840,641.84,0.07,5,641.84,2317.65,1166.02,-0.0001428,-0.0002668,-0.0003998
1790641350.3,1790641200,150.3,149.7,83358.86,chainlink,83388.37,twap60,,2.613,0.1405,0.120,0.130,603.49,0.870,0.880,749.02,0.07,5,749.02,3680.01,1684.74,-0.0000028,-0.0003578,-0.0004520
1790641365.3,1790641200,165.3,134.7,83344.85,chainlink,83388.37,twap60,,2.613,0.0434,0.060,0.070,348.62,0.930,0.940,288.00,0.07,5,288.00,4216.11,1546.83,-0.0001610,-0.0003749,-0.0003791
1790641380.4,1790641200,180.4,119.6,83344.64,chainlink,83388.37,twap60,,2.613,0.0304,0.040,0.050,1156.10,0.950,0.960,899.46,0.07,5,899.46,15799.97,3948.69,-0.0000077,-0.0003785,-0.0003699
1790641395.4,1790641200,195.4,104.6,83345.06,chainlink,83388.37,twap60,,2.613,0.0196,0.030,0.040,1605.19,0.960,0.970,251.82,0.07,5,251.82,14048.08,3921.04,0.0000118,-0.0001684,-0.0003873
1790641410.4,1790641200,210.4,89.6,83344.82,chainlink,83388.37,twap60,,2.613,0.0090,0.020,0.030,1433.28,0.970,0.980,362.42,0.07,5,362.42,7819.12,4598.86,0.0000066,-0.0001613,-0.0003842
1790641425.4,1790641200,225.4,74.6,83330.79,chainlink,83388.37,twap60,,2.613,0.0010,,0.010,13876.25,0.990,,,0.07,5,,,17833.95,-0.0001584,-0.0001739,-0.0003948
1790641440.4,1790641200,240.4,59.6,83329.49,chainlink,83388.37,twap60,83329.49,2.613,0.0010,,0.010,21811.61,0.990,,,0.07,5,,,25698.34,-0.0000087,-0.0001751,
1790641455.5,1790641200,255.5,44.5,83330.55,chainlink,83388.37,twap60,83327.16,2.613,0.0010,,0.010,36757.45,0.990,,,0.07,5,,,40914.61,0.0000171,-0.0001647,-0.0005532
1790641470.5,1790641200,270.5,29.5,83325.10,chainlink,83388.37,twap60,83321.34,2.613,0.0010,,0.010,70024.03,0.990,,,0.07,5,,,74195.83,0.0001515,-0.0002266,-0.0006463
1790641485.5,1790641200,285.5,14.5,83340.51,chainlink,83388.37,twap60,83324.64,2.613,0.0010,,0.010,70163.29,0.990,,,0.07,5,,,73895.09,0.0001905,0.0001235,-0.0007622
1790641515.6,1790641500,15.6,284.4,83360.67,chainlink,83328.32,twap60,,2.553,0.7912,0.730,0.740,488.00,0.260,0.270,141.00,0.07,5,141.00,2222.23,1769.95,0.0002379,0.0005783,-0.0003840
1790641530.6,1790641500,30.6,269.4,83398.45,chainlink,83328.32,twap60,,2.553,0.9651,0.890,0.900,691.91,0.100,0.110,125.16,0.07,5,125.16,2679.68,2659.53,0.0004452,0.0008855,0.0002613
1790641545.6,1790641500,45.6,254.4,83406.53,chainlink,83328.32,twap60,,2.553,0.9818,0.920,0.930,51.65,0.070,0.080,1259.35,0.07,5,1259.35,4530.54,2005.96,0.0000956,0.0007889,0.0002497
1790641560.6,1790641500,60.6,239.4,83432.06,chainlink,83328.32,twap60,,2.553,0.9980,0.950,0.960,742.05,0.040,0.050,535.15,0.07,5,535.15,3329.22,8419.52,0.0003056,0.0010939,0.0006023
1790641575.6,1790641500,75.6,224.4,83426.43,chainlink,83328.32,twap60,,2.553,0.9977,0.950,0.960,624.01,0.040,0.050,225.29,0.07,5,225.29,2802.77,5254.33,-0.0000682,0.0007806,0.0004784
1790641590.7,1790641500,90.7,209.3,83421.58,chainlink,83328.32,twap60,,2.553,0.9975,0.940,0.950,94.67,0.050,0.060,1036.20,0.07,5,1036.20,3553.91,2131.32,-0.0000595,0.0002761,0.0003942
1790641605.7,1790641500,105.7,194.3,83424.10,coinbase,83328.32,twap60,,2.553,0.9987,0.970,0.980,794.33,0.020,0.030,1224.43,0.07,5,1229.70,4368.16,3133.13,0.0000864,0.0001244,0.0005815
1790641620.7,1790641500,120.7,179.3,83447.49,coinbase,83328.32,twap60,,2.553,0.9990,0.990,,,,0.010,1868.61,0.07,5,1868.61,4497.61,,0.0002803,0.0000744,0.0008827
1790641635.7,1790641500,135.7,164.3,83442.44,chainlink,83328.32,twap60,,2.553,0.9990,0.990,,,,0.010,2155.94,0.07,5,2155.94,5087.54,,,0.0001906,0.0009994
1790641650.7,1790641500,150.7,149.3,83429.24,chainlink,83328.32,twap60,,2.553,0.9990,0.990,,,,0.010,2459.60,0.07,5,2459.60,4690.02,,-0.0001651,0.0001162,0.0008511
1790641665.8,1790641500,165.8,134.2,83414.91,chainlink,83328.32,twap60,,2.553,0.9990,0.992,0.999,3592.74,0.001,0.008,307.48,0.07,5,307.48,2772.32,3592.74,-0.0001859,,0.0008350
1790641680.8,1790641500,180.8,119.2,83408.62,chainlink,83328.32,twap60,,2.553,0.9990,0.992,0.993,5.00,0.007,0.008,27.09,0.07,5,27.09,3173.45,3128.65,-0.0000769,,0.0007740
1790641695.8,1790641500,195.8,104.2,83418.57,chainlink,83328.32,twap60,,2.553,0.9990,0.992,0.999,3123.65,0.001,0.008,11.29,0.07,5,11.29,4125.16,3123.65,0.0001152,-0.0002929,0.0008911
1790641710.8,1790641500,210.8,89.2,83431.96,chainlink,83328.32,twap60,,2.553,0.9990,0.993,0.999,2923.65,0.001,0.007,6.35,0.07,5,6.35,16060.63,2923.65,0.0001395,0.0000185,0.0010549
1790641725.8,1790641500,225.8,74.2,83496.74,chainlink,83328.32,twap60,,2.553,0.9990,0.999,,,,0.001,4904.65,0.07,5,4904.65,28554.76,,0.0007817,0.0009790,0.0019964
1790641740.9,1790641500,240.9,59.1,83503.19,chainlink,83328.32,twap60,83503.19,2.553,0.9990,0.999,,,,0.001,5998.37,0.07,5,5998.37,40032.79,,0.0000846,0.0011291,0.0020868
1790641755.9,1790641500,255.9,44.1,83504.88,chainlink,83328.32,twap60,83504.67,2.553,0.9990,0.999,,,,0.001,11109.13,0.07,5,11109.13,50522.84,,0.0000136,0.0010132,0.0023067
1790641770.9,1790641500,270.9,29.1,83499.67,chainlink,83328.32,twap60,83503.21,2.553,0.9990,0.999,,,,0.001,12361.06,0.07,5,12361.06,57445.97,,-0.0000648,0.0008168,0.0020984
1790641785.9,1790641500,285.9,14.1,83510.42,chainlink,83328.32,twap60,83504.41,2.553,0.9990,0.999,,,,0.001,21151.06,0.07,5,21151.06,85953.19,,0.0001107,0.0001712,0.0020338
1790641816.0,1790641800,16.0,284.0,83504.01,chainlink,83503.14,twap60,,3.434,0.5065,0.540,0.550,426.00,0.450,0.460,726.41,0.07,5,718.89,2892.11,2127.06,-0.0000164,-0.0000128,0.0017101
1790641831.0,1790641800,31.0,269.0,83514.69,chainlink,83503.14,twap60,,3.434,0.5880,0.600,0.610,559.65,0.390,0.400,382.00,0.07,5,382.00,2137.14,2734.93,0.0001231,0.0001618,0.0013916
1790641845.0,1790641800,45.0,255.0,83515.25,chainlink,83503.14,twap60,,3.434,0.5951,0.620,0.630,402.04,0.370,0.380,703.42,0.07,5,703.42,2111.78,2298.04,0.0000064,0.0000578,0.0013023
1790641860.0,1790641800,60.0,240.0,83517.94,chainlink,83503.14,twap60,,3.434,0.6197,0.490,0.500,2078.76,0.500,0.510,60.19,0.07,5,60.19,412.19,3183.76,0.0000312,0.0001504,0.0010281
1790641875.0,1790641800,75.0,225.0,83493.49,chainlink,83503.14,twap60,,3.434,0.4182,0.310,0.320,718.15,0.680,0.690,40.00,0.07,5,40.00,1522.74,2001.74,-0.0001983,-0.0001308,0.0008021
1790641890.1,1790641800,90.1,209.9,83483.35,chainlink,83503.14,twap60,,3.434,0.3292,0.220,0.250,314.57,0.750,0.770,289.28,0.07,5,155.33,1151.86,1793.57,-0.0000031,-0.0003757,0.0007645
1790641905.1,1790641800,105.1,194.9,83459.90,chainlink,83503.14,twap60,,3.434,0.1558,0.170,0.180,176.04,0.820,0.830,477.38,0.07,5,477.38,2617.06,846.93,-0.0002156,-0.0006640,
1790641920.1,1790641800,120.1,179.9,83440.06,chainlink,83503.14,twap60,,3.434,0.0602,0.100,0.110,473.33,0.890,0.900,54.96,0.07,5,54.96,559.69,1904.61,-0.0002395,-0.0008384,
1790641935.1,1790641800,135.1,164.9,83426.22,chainlink,83503.14,twap60,,3.434,0.0225,0.070,0.080,279.10,0.920,0.930,55.00,0.07,5,55.00,1392.60,1138.27,-0.0001569,-0.0006877,-0.0002013
1790641950.1,1790641800,150.1,149.9,83423.70,chainlink,83503.14,twap60,,3.434,0.0136,0.080,0.090,325.08,0.910,0.920,101.70,0.07,5,101.70,1027.29,724.28,-0.0000009,-0.0006494,-0.0000804
1790641965.2,1790641800,165.2,134.8,83434.97,chainlink,83503.14,twap60,,3.434,0.0207,0.100,0.110,213.75,0.890,0.900,86.99,0.07,5,86.99,902.37,508.75,0.0001299,-0.0003005,0.0002390
1790641980.2,1790641800,180.2,119.8,83466.62,chainlink,83503.14,twap60,,3.434,0.1169,0.150,0.160,104.34,0.840,0.850,193.00,0.07,5,193.00,1259.31,1000.16,0.0003721,0.0003273,0.0006911
1790641995.2,1790641800,195.2,104.8,83499.20,chainlink,83503.14,twap60,,3.434,0.4434,0.310,0.320,105.32,0.680,0.690,7.00,0.07,5,7.00,12.00,2815.79,0.0003845,0.0009038,0.0009452
1790642010.2,1790641800,210.2,89.8,83497.82,chainlink,83503.14,twap60,,3.434,0.4131,0.480,0.490,190.86,0.510,0.520,103.00,0.07,5,103.00,506.46,484.71,-0.0000210,0.0008829,0.0007946
1790642025.3,1790641800,225.3,74.7,83505.30,chainlink,83503.14,twap60,,3.434,0.5425,0.740,0.750,153.00,0.250,0.260,75.00,0.07,5,109.99,524.99,273.00,0.0000952,0.0008354,0.0001099
1790642040.3,1790641800,240.3,59.7,83526.56,chainlink,83503.14,twap60,83526.53,3.434,0.9378,0.970,0.980,170.76,0.020,0.030,898.59,0.07,5,898.59,1829.79,2230.55,0.0001980,0.0007121,0.0002732
1790642055.3,1790641800,255.3,44.7,83544.57,chainlink,83503.14,twap60,83541.05,3.434,0.9990,0.990,,,,0.010,13093.20,0.07,5,13093.20,15367.84,,0.0002076,0.0005388,0.0004728
1790642070.3,1790641800,270.3,29.7,83547.38,chainlink,83503.14,twap60,83543.44,3.434,0.9990,0.990,,,,0.010,35094.62,0.07,5,35094.62,36788.77,,0.0000170,0.0005990,0.0005532
1790642085.4,1790641800,285.4,14.6,83576.04,chainlink,83503.14,twap60,83550.77,3.434,0.9990,0.990,,,,0.010,55237.84,0.07,5,55237.84,56854.03,,0.0003173,0.0007902,0.0007855
1790642115.4,1790642100,15.4,284.6,83529.09,chainlink,83543.42,twap60,,3.875,0.4065,0.470,0.480,413.96,0.520,0.530,64.95,0.07,5,64.95,742.51,2101.71,0.0002207,-0.0002020,0.0002954
1790642130.4,1790642100,30.4,269.6,83564.23,chainlink,83543.42,twap60,,3.875,0.6385,0.640,0.650,1626.16,0.350,0.360,71.32,0.07,5,71.32,729.85,3261.52,0.0003202,0.0001760,0.0005927
1790642145.5,1790642100,45.5,254.5,83574.21,chainlink,83543.42,twap60,,3.875,0.7063,0.530,0.570,161.41,0.430,0.470,420.26,0.07,5,405.26,2001.97,751.31,0.0001169,0.0000193,0.0007047
1790642160.5,1790642100,60.5,239.5,83574.03,chainlink,83543.42,twap60,,3.875,0.7120,0.420,0.430,52.40,0.570,0.580,46.75,0.07,5,46.75,515.30,376.59,-0.0000274,0.0007586,0.0007659
1790642175.5,1790642100,75.5,224.5,83577.09,chainlink,83543.42,twap60,,3.875,0.7388,0.510,0.520,39.03,0.480,0.490,335.19,0.07,5,335.19,1475.09,402.40,0.0000369,0.0004740,0.0011191
1790642190.5,1790642100,90.5,209.5,83561.53,chainlink,83543.42,twap60,,3.875,0.6402,0.520,0.530,20.00,0.470,0.480,39.82,0.07,5,39.82,319.82,321.20,-0.0001737,-0.0000348,0.0010013
1790642205.5,1790642100,105.5,194.5,83576.10,chainlink,83543.42,twap60,,3.875,0.7513,0.590,0.600,61.34,0.400,0.410,300.67,0.07,5,305.67,606.69,625.17,0.0001174,-0.0000027,0.0013895
1790642220.6,1790642100,120.6,179.4,83573.71,chainlink,83543.42,twap60,,3.875,0.7461,0.480,0.540,342.75,0.460,0.520,53.00,0.07,5,53.00,440.00,778.75,-0.0000279,-0.0000034,0.0016096
1790642235.6,1790642100,135.6,164.4,83516.07,chainlink,83543.42,twap60,,3.875,0.2635,0.390,0.400,787.48,0.600,0.610,22.63,0.07,5,22.63,52.62,1434.22,-0.0006879,-0.0007178,0.0011058
1790642250.6,1790642100,150.6,149.4,83510.92,chainlink,83543.42,twap60,,3.875,0.2113,0.530,0.540,65.49,0.460,0.470,124.37,0.07,5,124.37,548.62,480.79,-0.0000511,-0.0006628,0.0010397
1790642265.6,1790642100,165.6,134.4,83510.77,chainlink,83543.42,twap60,,3.875,0.1929,0.530,0.540,36.09,0.460,0.470,1162.51,0.07,5,1162.51,1810.37,121.09,-0.0000014,-0.0007814,0.0009009
1790642280.6,1790642100,180.6,119.4,83523.76,chainlink,83543.42,twap60,,3.875,0.2845,0.570,0.580,297.18,0.420,0.430,75.94,0.07,5,75.94,355.94,1319.25,0.0001521,-0.0005959,0.0006785
1790642295.6,1790642100,195.6,104.4,83527.69,chainlink,83543.42,twap60,,3.875,0.3065,0.590,0.600,85.57,0.400,0.410,167.27,0.07,5,167.27,642.26,325.57,0.0000200,0.0001498,0.0003367
1790642310.7,1790642100,210.7,89.3,83515.18,chainlink,83543.42,twap60,,3.875,0.1498,0.380,0.390,45.00,0.610,0.620,202.17,0.07,5,202.17,791.94,231.89,-0.0001553,0.0000514,0.0002134
1790642325.7,1790642100,225.7,74.3,83508.48,chainlink,83543.42,twap60,,3.875,0.0618,0.030,0.040,563.73,0.960,0.970,763.37,0.07,5,763.37,9545.18,896.47,-0.0000764,-0.0000308,-0.0000186
1790642340.7,1790642100,240.7,59.3,83484.49,chainlink,83543.42,twap60,83484.49,3.875,0.0010,,0.010,16406.39,0.990,,,0.07,5,,,18129.89,-0.0002104,-0.0004974,-0.0005119
1790642355.7,1790642100,255.7,44.3,83480.02,chainlink,83543.42,twap60,83481.78,3.875,0.0010,,0.010,33951.55,0.990,,,0.07,5,,,35732.68,-0.0000644,-0.0005765,-0.0007896
1790642370.7,1790642100,270.7,29.3,83490.68,chainlink,83543.42,twap60,83481.96,3.875,0.0010,,0.010,66612.30,0.990,,,0.07,5,,,67836.51,0.0001258,-0.0002895,-0.0007045
1790642385.8,1790642100,285.8,14.2,83503.06,chainlink,83543.42,twap60,83487.79,3.875,0.0010,,0.010,67747.92,0.990,,,0.07,5,,,68936.13,0.0001595,0.0000121,-0.0008323
1790642415.8,1790642400,15.8,284.2,83479.88,chainlink,83489.55,twap60,,4.129,0.4404,0.420,0.430,443.57,0.570,0.580,130.60,0.07,5,130.60,1533.80,2899.28,-0.0001314,-0.0000037,-0.0006897
1790642430.8,1790642400,30.8,269.2,83480.92,chainlink,83489.55,twap60,,4.129,0.4451,0.430,0.440,47.49,0.560,0.570,321.66,0.07,5,321.66,2700.66,786.19,0.0000180,-0.0001057,-0.0010000
1790642445.9,1790642400,45.9,254.1,83474.21,chainlink,83489.55,twap60,,4.129,0.3998,0.370,0.380,94.36,0.620,0.630,1346.57,0.07,5,1346.57,2958.38,834.28,-0.0000648,-0.0003308,-0.0012226
1790642460.9,1790642400,60.9,239.1,83474.94,chainlink,83489.55,twap60,,4.129,0.4010,0.330,0.340,89.00,0.660,0.670,735.58,0.07,5,735.58,1639.62,701.63,0.0000100,-0.0001906,-0.0011860
1790642475.9,1790642400,75.9,224.1,83475.76,chainlink,83489.55,twap60,,4.129,0.4028,0.310,0.320,578.99,0.680,0.690,91.05,0.07,5,86.05,1601.45,2079.04,0.0000104,-0.0000437,-0.0012006
1790642490.9,1790642400,90.9,209.1,83459.48,chainlink,83489.55,twap60,,4.129,0.2877,0.210,0.220,171.41,0.780,0.790,409.17,0.07,5,409.17,2743.07,2153.07,-0.0001951,-0.0002413,-0.0012790
1790642505.9,1790642400,105.9,194.1,83465.09,chainlink,83489.55,twap60,,4.129,0.3165,0.250,0.260,1230.68,0.740,0.750,109.51,0.07,5,109.51,755.51,1894.68,0.0000701,-0.0001080,-0.0013285
1790642521.0,1790642400,121.0,179.0,83465.00,chainlink,83489.55,twap60,,4.129,0.3071,0.210,0.220,520.80,0.780,0.790,68.73,0.07,5,68.73,2781.83,2605.08,-0.0000033,-0.0001185,-0.0012996
1790642536.0,1790642400,136.0,164.0,83467.58,chainlink,83489.55,twap60,,4.129,0.3164,0.230,0.240,461.14,0.760,0.770,247.06,0.07,5,247.06,830.43,2079.64,0.0000399,-0.0000980,-0.0005702
1790642550.0,1790642400,150.0,150.0,83492.11,chainlink,83489.55,twap60,,4.129,0.5235,0.560,0.570,452.58,0.430,0.440,143.18,0.07,5,143.18,653.41,917.47,0.0002868,0.0003938,-0.0002249
1790642565.0,1790642400,165.0,135.0,83500.74,chainlink,83489.55,twap60,,4.129,0.6095,0.700,0.710,1141.70,0.290,0.300,83.62,0.07,5,83.62,258.61,2157.54,0.0000637,0.0004247,-0.0001235
1790642580.1,1790642400,180.1,119.9,83487.02,chainlink,83489.55,twap60,,4.129,0.4726,0.410,0.420,124.19,0.580,0.590,581.21,0.07,5,321.01,937.86,806.93,-0.0001745,0.0002727,-0.0004671
1790642595.1,1790642400,195.1,104.9,83479.17,chainlink,83489.55,twap60,,4.129,0.3775,0.300,0.330,33.33,0.670,0.690,88.00,0.07,5,30.00,179.76,489.85,-0.0000744,0.0001318,-0.0005866
1790642610.1,1790642400,210.1,89.9,83476.85,chainlink,83489.55,twap60,,4.129,0.3316,0.350,0.360,937.19,0.640,0.650,11.25,0.07,5,11.25,157.25,2626.80,0.0000257,-0.0002223,-0.0004552
1790642625.1,1790642400,225.1,74.9,83497.53,chainlink,83489.55,twap60,,4.129,0.6283,0.630,0.640,220.40,0.360,0.370,31.11,0.07,5,31.11,260.00,616.55,0.0002124,-0.0000486,-0.0000541
1790642640.2,1790642400,240.2,59.8,83489.96,chainlink,83489.55,twap60,83489.96,4.129,0.5088,0.240,0.250,219.36,0.750,0.760,43.68,0.07,5,43.68,83.68,374.36,-0.0001181,0.0000548,0.0000547
1790642655.2,1790642400,255.2,44.8,83484.38,chainlink,83489.55,twap60,83488.14,4.129,0.3618,0.100,0.110,5.00,0.890,0.900,17.81,0.07,5,12.81,274.14,348.04,-0.0000698,0.0001159,0.0000503
1790642670.2,1790642400,270.2,29.8,83485.12,chainlink,83489.55,twap60,83486.33,4.129,0.2770,0.460,0.470,64.92,0.530,0.540,5.00,0.07,5,5.00,1798.61,84.08,0.0000201,0.0000637,-0.0000555
1790642685.2,1790642400,285.2,14.8,83491.80,chainlink,83489.55,twap60,83489.23,4.129,0.5546,0.610,0.720,5.00,0.280,0.390,27.00,0.07,5,57.00,127.00,108.00,-0.0000192,-0.0000960,-0.0001200
1790642715.3,1790642700,15.3,284.7,83465.74,chainlink,83489.26,twap60,,4.072,0.3560,0.270,0.280,238.07,0.720,0.730,675.27,0.07,5,675.27,1459.27,819.82,-0.0003318,-0.0002120,-0.0001638
1790642730.3,1790642700,30.3,269.7,83456.95,chainlink,83489.26,twap60,,4.072,0.3003,0.210,0.220,6.90,0.780,0.790,338.68,0.07,5,338.68,3110.59,1223.96,-0.0000952,-0.0004368,-0.0002715
1790642745.3,1790642700,45.3,254.7,83419.21,chainlink,83489.26,twap60,,4.072,0.1202,0.090,0.100,18.89,0.900,0.910,1596.10,0.07,5,1596.10,2905.60,631.50,-0.0004459,-0.0008712,-0.0006578
1790642760.3,1790642700,60.3,239.7,83420.42,chainlink,83489.26,twap60,,4.072,0.1158,0.100,0.110,747.20,0.890,0.900,40.00,0.07,5,24.83,494.82,2829.48,0.0000352,-0.0008750,-0.0006528
1790642775.3,1790642700,75.3,224.7,83401.29,chainlink,83489.26,twap60,,4.072,0.0559,0.060,0.070,59.90,0.930,0.940,799.92,0.07,5,799.92,3462.31,1071.51,-0.0002390,-0.0007623,-0.0008926
1790642790.4,1790642700,90.4,209.6,83412.19,chainlink,83489.26,twap60,,4.072,0.0731,0.050,0.060,615.55,0.940,0.950,200.39,0.07,5,195.39,3609.90,2681.27,0.0001241,-0.0005301,-0.0005639
1790642805.4,1790642700,105.4,194.6,83417.27,chainlink,83489.26,twap60,,4.072,0.0775,0.060,0.070,741.89,0.930,0.940,565.58,0.07,5,582.57,2118.39,2865.12,0.0000791,-0.0000026,-0.0005754
1790642820.4,1790642700,120.4,179.6,83396.37,chainlink,83489.26,twap60,,4.072,0.0268,0.030,0.040,1251.80,0.960,0.970,329.86,0.07,5,329.86,3774.42,4084.05,-0.0002093,-0.0002980,-0.0008136
1790642835.4,1790642700,135.4,164.6,83371.61,chainlink,83489.26,twap60,,4.072,0.0048,,0.010,3148.59,0.990,,,0.07,5,,,7144.56,-0.0001975,-0.0003625,-0.0011575
1790642850.4,1790642700,150.4,149.6,83378.77,chainlink,83489.26,twap60,,4.072,0.0048,,0.010,2431.75,0.990,,,0.07,5,,,4792.45,0.0001238,-0.0003826,-0.0013980
1790642865.5,1790642700,165.5,134.5,83395.17,chainlink,83489.26,twap60,,4.072,0.0087,,0.010,1640.75,0.990,,,0.07,5,,,2914.27,0.0002025,-0.0002236,-0.0012752
1790642880.5,1790642700,180.5,119.5,83375.61,chainlink,83489.26,twap60,,4.072,0.0010,,0.010,8212.18,0.990,,,0.07,5,,,11196.93,-0.0002739,-0.0001495,-0.0013158
1790642895.5,1790642700,195.5,104.5,83351.24,chainlink,83489.26,twap60,,4.072,0.0010,,0.010,16240.25,0.990,,,0.07,5,,,19371.78,-0.0002808,-0.0002065,-0.0014802
1790642910.5,1790642700,210.5,89.5,83367.39,chainlink,83489.26,twap60,,4.072,0.0010,,0.010,17677.27,0.990,,,0.07,5,,,21348.68,0.0001684,-0.0001307,-0.0013475
1790642925.6,1790642700,225.6,74.4,83370.61,chainlink,83489.26,twap60,,4.072,0.0010,,0.010,17537.73,0.990,,,0.07,5,,,21309.40,-0.0000825,-0.0003338,-0.0015486
1790642940.6,1790642700,240.6,59.4,83370.76,chainlink,83489.26,twap60,83370.76,4.072,0.0010,,0.010,31034.85,0.990,,,0.07,5,,,34507.88,0.0000039,-0.0000466,-0.0014317
1790642955.6,1790642700,255.6,44.4,83370.08,chainlink,83489.26,twap60,83370.47,4.072,0.0010,,0.010,34249.24,0.990,,,0.07,5,,,37844.73,-0.0000072,0.0002006,-0.0013588
1790642970.6,1790642700,270.6,29.4,83337.01,chainlink,83489.26,twap60,83355.09,4.072,0.0010,,0.001,22170.25,0.999,,,0.07,5,,,94589.04,-0.0001680,-0.0004855,-0.0018749
1790642985.6,1790642700,285.6,14.4,83324.42,chainlink,83489.26,twap60,83347.64,4.072,0.0010,,0.001,27755.22,0.999,,,0.07,5,,,101283.29,-0.0001517,-0.0005521,-0.0020081
1790643015.7,1790643000,15.7,284.3,83305.69,chainlink,83340.13,twap60,,4.388,0.3078,0.300,0.310,650.35,0.690,0.700,90.28,0.07,5,90.28,628.19,2802.14,-0.0000057,-0.0005439,-0.0019092
1790643030.7,1790643000,30.7,269.3,83309.26,chainlink,83340.13,twap60,,4.388,0.3211,0.270,0.280,1466.26,0.720,0.730,115.00,0.07,5,115.00,1525.00,2923.26,0.0000434,-0.0003336,-0.0017648
1790643045.7,1790643000,45.7,254.3,83304.55,chainlink,83340.13,twap60,,4.388,0.2898,0.260,0.270,674.42,0.730,0.740,140.00,0.07,5,140.00,2958.63,3638.06,-0.0000426,-0.0001909,-0.0013548
1790643060.7,1790643000,60.7,239.3,83287.72,chainlink,83340.13,twap60,,4.388,0.1987,0.170,0.180,520.74,0.820,0.830,249.00,0.07,5,244.00,2805.92,3102.47,-0.0002017,-0.0002215,-0.0016017
1790643075.7,1790643000,75.7,224.3,83285.90,chainlink,83340.13,twap60,,4.388,0.1813,0.160,0.170,1003.88,0.830,0.840,35.06,0.07,5,35.06,869.93,3599.68,-0.0000175,-0.0002371,-0.0013911
1790643090.8,1790643000,90.8,209.2,83270.52,chainlink,83340.13,twap60,,4.388,0.1114,0.090,0.100,1164.90,0.900,0.910,71.07,0.07,5,71.07,2615.39,3073.11,-0.0001849,-0.0004512,-0.0016817
1790643105.8,1790643000,105.8,194.2,83276.63,chainlink,83340.13,twap60,,4.388,0.1220,0.100,0.110,140.22,0.890,0.900,612.45,0.07,5,612.45,3100.61,1904.67,0.0000767,-0.0003348,-0.0016460
1790643120.8,1790643000,120.8,179.2,83271.75,chainlink,83340.13,twap60,,4.388,0.0933,0.060,0.070,171.76,0.930,0.940,279.00,0.07,5,279.00,4569.81,1707.02,-0.0000593,-0.0001873,-0.0013959
1790643135.8,1790643000,135.8,164.2,83262.01,chainlink,83340.13,twap60,,4.388,0.0551,0.040,0.050,334.38,0.950,0.960,402.46,0.07,5,402.46,15304.02,2282.72,-0.0001145,-0.0002871,-0.0012775
1790643150.9,1790643000,150.9,149.1,83251.30,chainlink,83340.13,twap60,,4.388,0.0263,0.020,0.030,991.90,0.970,0.980,652.31,0.07,5,652.31,3153.91,3438.51,-0.0001224,-0.0002276,-0.0015242
1790643165.9,1790643000,165.9,134.1,83245.48,chainlink,83340.13,twap60,,4.388,0.0131,,0.010,1277.15,0.990,,,0.07,5,,,3450.91,-0.0000657,-0.0003748,-0.0018358
1790643180.9,1790643000,180.9,119.1,83254.47,chainlink,83340.13,twap60,,4.388,0.0141,0.010,0.020,1636.00,0.980,0.990,719.66,0.07,5,719.66,719.66,3303.10,0.0001087,-0.0002051,-0.0014424
1790643195.9,1790643000,195.9,104.1,83255.17,chainlink,83340.13,twap60,,4.388,0.0078,,0.010,3881.89,0.990,,,0.07,5,,,5667.45,-0.0000564,-0.0000759,-0.0011786
1790643211.0,1790643000,211.0,89.0,83235.38,chainlink,83340.13,twap60,,4.388,0.0010,,0.010,19957.93,0.990,,,0.07,5,,,22278.49,-0.0002263,-0.0001871,-0.0017058
1790643226.0,1790643000,226.0,74.0,83229.35,chainlink,83340.13,twap60,,4.388,0.0010,,0.010,21005.09,0.990,,,0.07,5,,,23338.82,-0.0000691,-0.0001931,-0.0016937
1790643241.0,1790643000,241.0,59.0,83241.77,chainlink,83340.13,twap60,83240.90,4.388,0.0010,,0.010,21492.18,0.990,,,0.07,5,,,23430.96,0.0001322,-0.0002173,-0.0015475
1790643255.0,1790643000,255.0,45.0,83243.89,chainlink,83340.13,twap60,83247.67,4.388,0.0010,,0.010,36888.45,0.990,,,0.07,5,,,38967.30,0.0000360,-0.0001240,-0.0012861
1790643270.0,1790643000,270.0,30.0,83236.10,chainlink,83340.13,twap60,83243.19,4.388,0.0010,,0.010,49613.52,0.990,,,0.07,5,,,51134.41,-0.0000916,0.0000121,-0.0012122
1790643285.1,1790643000,285.1,14.9,83225.67,chainlink,83340.13,twap60,83238.12,4.388,0.0010,,0.010,70967.77,0.990,,,0.07,5,,,72453.76,-0.0001205,-0.0000612,-0.0011382
1790643315.1,1790643300,15.1,284.9,83241.42,chainlink,83234.22,twap60,,4.367,0.5419,0.600,0.610,1449.77,0.390,0.400,221.14,0.07,5,221.14,1484.55,2329.45,0.0001491,-0.0000278,-0.0007713
1790643330.1,1790643300,30.1,269.9,83248.27,chainlink,83234.22,twap60,,4.367,0.5840,0.640,0.660,293.96,0.340,0.370,271.40,0.07,5,11.90,669.72,702.72,0.0000448,0.0001510,-0.0007185
1790643345.2,1790643300,45.2,254.8,83253.24,chainlink,83234.22,twap60,,4.367,0.6168,0.760,0.770,111.37,0.230,0.240,88.41,0.07,5,89.91,742.81,864.39,0.0000839,0.0003914,-0.0006158
1790643360.2,1790643300,60.2,239.8,83247.37,chainlink,83234.22,twap60,,4.367,0.5843,0.420,0.430,29.91,0.570,0.580,455.21,0.07,5,455.21,2609.75,567.02,-0.0000743,0.0002205,-0.0004802
1790643375.2,1790643300,75.2,224.8,83221.65,chainlink,83234.22,twap60,,4.367,0.4161,0.430,0.440,1144.72,0.560,0.570,93.81,0.07,5,93.81,615.79,1654.18,-0.0001961,-0.0002750,-0.0007720
1790643390.2,1790643300,90.2,209.8,83195.69,chainlink,83234.22,twap60,,4.367,0.2491,0.260,0.270,448.08,0.730,0.740,277.48,0.07,5,282.48,1252.41,2490.58,-0.0002955,-0.0006077,-0.0008958
1790643405.3,1790643300,105.3,194.7,83195.88,chainlink,83234.22,twap60,,4.367,0.2401,0.230,0.240,159.00,0.760,0.770,117.75,0.07,5,117.75,882.91,728.92,-0.0000170,-0.0006930,-0.0009709
1790643420.3,1790643300,120.3,179.7,83197.19,chainlink,83234.22,twap60,,4.367,0.2365,0.370,0.380,70.00,0.620,0.630,1043.46,0.07,5,1043.46,2598.89,420.11,0.0000155,-0.0004901,-0.0008934
1790643435.3,1790643300,135.3,164.7,83175.31,chainlink,83234.22,twap60,,4.367,0.1135,0.110,0.120,782.51,0.880,0.890,186.00,0.07,5,186.00,2247.25,1344.39,-0.0003641,-0.0005404,-0.0010356
1790643450.3,1790643300,150.3,149.7,83164.66,chainlink,83234.22,twap60,,4.367,0.0641,0.050,0.060,115.83,0.940,0.950,1002.72,0.07,5,1002.72,3772.49,852.91,-0.0001226,-0.0003924,-0.0010371
1790643465.3,1790643300,165.3,134.7,83149.27,chainlink,83234.22,twap60,,4.367,0.0228,0.040,0.050,799.66,0.950,0.960,267.91,0.07,5,267.91,5312.56,1436.46,-0.0000744,-0.0005606,-0.0011558
1790643480.3,1790643300,180.3,119.7,83142.35,chainlink,83234.22,twap60,,4.367,0.0092,,0.010,2281.81,0.990,,,0.07,5,,,3144.68,-0.0000830,-0.0007604,-0.0014123
1790643495.4,1790643300,195.4,104.6,83148.49,chainlink,83234.22,twap60,,4.367,0.0073,,0.010,2991.65,0.990,,,0.07,5,,,4619.21,0.0000757,-0.0003170,-0.0012707
1790643510.4,1790643300,210.4,89.6,83168.02,chainlink,83234.22,twap60,,4.367,0.0157,,0.010,1810.80,0.990,,,0.07,5,,,4480.95,0.0002354,0.0001511,-0.0008062
1790643525.4,1790643300,225.4,74.6,83175.01,chainlink,83234.22,twap60,,4.367,0.0106,,0.010,5803.54,0.990,,,0.07,5,,,7693.41,0.0000778,0.0003096,-0.0006701
1790643540.4,1790643300,240.4,59.6,83199.04,chainlink,83234.22,twap60,83199.04,4.367,0.0344,0.010,0.020,10.00,0.980,0.990,46.49,0.07,5,46.49,46.49,772.89,0.0002531,0.0006834,-0.0005030
1790643555.4,1790643300,255.4,44.6,83191.76,chainlink,83234.22,twap60,83192.45,4.367,0.0010,,0.010,29463.88,0.990,,,0.07,5,,,30522.88,-0.0000880,0.0005208,-0.0006245
1790643570.4,1790643300,270.4,29.6,83179.52,chainlink,83234.22,twap60,83190.89,4.367,0.0010,,0.010,63368.10,0.990,,,0.07,5,,,64403.21,-0.0001395,0.0001321,-0.0006752
1790643585.4,1790643300,285.4,14.6,83170.89,chainlink,83234.22,twap60,83185.61,4.367,0.0010,,0.001,25284.85,0.999,,,0.07,5,,,88010.01,-0.0001152,-0.0000854,-0.0005983
1790643615.5,1790643600,15.5,284.5,83138.45,chainlink,83181.75,twap60,,4.640,0.2753,0.340,0.350,603.97,0.650,0.660,164.21,0.07,5,164.21,924.55,2934.48,-0.0001453,-0.0006334,-0.0012753
1790643630.5,1790643600,30.5,269.5,83081.62,chainlink,83181.75,twap60,,4.640,0.0771,0.150,0.160,626.20,0.840,0.850,209.92,0.07,5,209.92,1132.95,3118.17,-0.0007469,-0.0011891,-0.0019797
1790643645.5,1790643600,45.5,254.5,83123.21,chainlink,83181.75,twap60,,4.640,0.1945,0.250,0.260,264.27,0.740,0.750,425.60,0.07,5,425.84,2138.19,1337.04,0.0005966,-0.0005657,-0.0015668
1790643660.5,1790643600,60.5,239.5,83080.76,chainlink,83181.75,twap60,,4.640,0.0616,0.150,0.160,890.44,0.840,0.850,155.00,0.07,5,155.00,1519.33,2224.44,-0.0004743,-0.0008394,-0.0018905
1790643675.5,1790643600,75.5,224.5,83072.45,chainlink,83181.75,twap60,,4.640,0.0414,0.110,0.120,703.12,0.880,0.890,232.01,0.07,5,232.01,1971.23,3000.75,-0.0001616,-0.0008572,-0.0017779
1790643690.5,1790643600,90.5,209.5,83085.94,chainlink,83181.75,twap60,,4.640,0.0563,0.100,0.110,55.00,0.890,0.900,669.29,0.07,5,664.29,2816.40,1514.49,0.0001761,0.0001481,-0.0013393
1790643705.6,1790643600,105.6,194.4,83103.30,chainlink,83181.75,twap60,,4.640,0.0868,0.180,0.190,219.57,0.810,0.820,431.66,0.07,5,431.66,2113.88,1497.57,0.0002575,-0.0002031,-0.0011137
1790643720.6,1790643600,120.6,179.4,83108.46,chainlink,83181.75,twap60,,4.640,0.0905,0.150,0.160,621.11,0.840,0.850,30.00,0.07,5,30.00,806.82,2567.30,0.0000385,0.0002719,-0.0011681
1790643735.6,1790643600,135.6,164.4,83141.07,chainlink,83181.75,twap60,,4.640,0.2159,0.300,0.310,132.00,0.690,0.700,603.51,0.07,5,603.51,2393.83,1761.50,0.0003952,0.0008394,-0.0004062
1790643750.6,1790643600,150.6,149.4,83182.22,chainlink,83181.75,twap60,,4.640,0.5039,0.620,0.630,117.92,0.370,0.380,332.99,0.07,5,317.66,1927.66,1456.92,0.0004940,0.0012067,0.0003218
1790643765.6,1790643600,165.6,134.4,83193.59,chainlink,83181.75,twap60,,4.640,0.6036,0.620,0.630,1160.00,0.370,0.380,811.45,0.07,5,306.03,1421.08,1675.70,0.0000662,0.0010623,0.0005330
1790643765.9,1790643600,165.9,134.1,83195.38,coinbase,83181.75,twap60,,4.943,0.6119,0.600,0.610,282.60,0.390,0.400,30.00,0.07,5,30.00,1294.20,2350.75,,,
1790643780.6,1790643600,180.6,119.4,83194.59,chainlink,83181.75,twap60,,4.640,0.6220,0.440,0.490,52.57,0.510,0.560,71.15,0.07,5,71.15,599.15,2288.17,0.0000068,0.0010387,0.0006300
1790643780.9,1790643600,180.9,119.1,83194.59,chainlink,83181.75,twap60,,4.943,0.6149,0.470,0.480,29.47,0.520,0.530,184.74,0.07,5,197.21,467.37,672.86,0.0000068,,
1790643795.6,1790643600,195.6,104.4,83177.78,chainlink,83181.75,twap60,,4.640,0.4576,0.530,0.540,1012.57,0.460,0.470,39.38,0.07,5,39.38,175.09,1213.29,-0.0001959,0.0004407,0.0003527
1790643795.9,1790643600,195.9,104.1,83177.78,chainlink,83181.75,twap60,,4.943,0.4601,0.450,0.480,186.66,0.540,0.550,111.17,0.07,5,111.17,484.81,1124.12,-0.0001959,,
1790643810.7,1790643600,210.7,89.3,83180.64,chainlink,83181.75,twap60,,4.640,0.4865,0.350,0.360,109.99,0.640,0.650,163.93,0.07,5,163.93,1302.27,182.43,-0.0000885,-0.0000894,0.0001456
1790643810.9,1790643600,210.9,89.1,83180.64,chainlink,83181.75,twap60,,4.943,0.4872,0.330,0.360,60.87,0.640,0.670,218.76,0.07,5,218.76,917.61,206.64,-0.0000885,,
1790643825.7,1790643600,225.7,74.3,83165.91,chainlink,83181.75,twap60,,4.640,0.2801,0.200,0.210,5.00,0.790,0.800,282.80,0.07,5,289.05,1406.49,410.37,-0.0000403,-0.0003379,-0.0001451
1790643840.7,1790643600,240.7,59.3,83167.17,chainlink,83181.75,twap60,83167.17,4.640,0.2374,0.130,0.140,612.47,0.860,0.870,65.62,0.07,5,60.62,155.21,1002.47,0.0000187,-0.0003234,-0.0003836
1790643855.7,1790643600,255.7,44.3,83138.86,chainlink,83181.75,twap60,83137.05,4.640,0.0010,,0.010,11282.84,0.990,,,0.07,5,,,13008.62,-0.0002739,-0.0005909,-0.0006285
1790643870.7,1790643600,270.7,29.3,83166.98,chainlink,83181.75,twap60,83142.05,4.640,0.0010,,0.010,18608.82,0.990,,,0.07,5,,,19987.19,0.0003156,-0.0000275,-0.0001622
1790643885.7,1790643600,285.7,14.3,83131.87,chainlink,83181.75,twap60,83142.11,4.640,0.0010,,0.010,54690.22,0.990,,,0.07,5,,,56321.39,-0.0004261,-0.0004059,-0.0004616
1790643915.8,1790643900,15.8,284.2,83090.08,chainlink,83140.25,twap60,,4.966,0.2589,0.430,0.460,213.28,0.550,0.570,240.28,0.07,5,240.28,986.56,1927.11,-0.0003400,-0.0006095,-0.0006450
1790643930.8,1790643900,30.8,269.2,83125.43,chainlink,83140.25,twap60,,4.966,0.4218,0.370,0.380,201.54,0.620,0.630,25.64,0.07,5,25.64,175.83,709.52,0.0002540,-0.0005036,0.0006232
1790643945.8,1790643900,45.8,254.2,83137.35,chainlink,83140.25,twap60,,4.966,0.4841,0.390,0.400,528.00,0.600,0.610,48.02,0.07,5,58.02,1203.67,1438.07,0.0002124,0.0000653,0.0002066
1790643960.8,1790643900,60.8,239.2,83125.19,chainlink,83140.25,twap60,,4.966,0.4149,0.480,0.490,338.77,0.510,0.520,116.69,0.07,5,116.69,625.03,1708.77,-0.0000683,0.0000824,0.0004731
1790643975.8,1790643900,75.8,224.2,83121.00,chainlink,83140.25,twap60,,4.966,0.3875,0.370,0.380,220.22,0.620,0.630,546.00,0.07,5,546.00,1931.04,1011.90,-0.0001037,0.0002007,0.0005980
1790643990.9,1790643900,90.9,209.1,83118.24,chainlink,83140.25,twap60,,4.966,0.3666,0.390,0.400,489.22,0.600,0.610,7.52,0.07,5,7.52,609.95,1509.03,-0.0000357,-0.0000175,0.0004373
1790644005.9,1790643900,105.9,194.1,83119.54,chainlink,83140.25,twap60,,4.966,0.3684,0.340,0.350,1238.42,0.650,0.660,101.14,0.07,5,101.14,691.61,1981.56,0.0000155,-0.0001362,0.0001718
1790644020.9,1790643900,120.9,179.1,83084.87,chainlink,83140.25,twap60,,4.966,0.1722,0.170,0.180,75.00,0.820,0.830,1166.04,0.07,5,1225.07,2415.33,880.56,-0.0004128,-0.0005384,-0.0002810
1790644035.9,1790643900,135.9,164.1,83067.69,chainlink,83140.25,twap60,,4.966,0.0948,0.110,0.120,922.64,0.880,0.890,62.00,0.07,5,62.00,699.61,2061.47,-0.0002059,-0.0006440,-0.0008838
1790644050.9,1790643900,150.9,149.1,83079.22,chainlink,83140.25,twap60,,4.966,0.1196,0.110,0.120,264.64,0.880,0.890,294.06,0.07,5,294.06,1134.02,1319.39,0.0001593,-0.0004698,-0.0013095
1790644065.9,1790643900,165.9,134.1,83052.13,chainlink,83140.25,twap60,,4.966,0.0336,0.050,0.060,689.46,0.940,0.950,2345.22,0.07,5,2345.22,4654.55,2136.85,-0.0003207,-0.0008069,-0.0017069
1790644080.9,1790643900,180.9,119.1,83029.61,chainlink,83140.25,twap60,,4.966,0.0061,0.030,0.040,1517.10,0.960,0.970,273.61,0.07,5,273.61,3272.19,2658.09,-0.0002588,-0.0006644,-0.0019789
1790644096.0,1790643900,196.0,104.0,83030.12,chainlink,83140.25,twap60,,4.966,0.0028,,0.010,11104.50,0.990,,,0.07,5,,,13786.45,-0.0000772,-0.0004319,-0.0018997
1790644111.1,1790643900,211.1,88.9,83043.17,chainlink,83140.25,twap60,,4.966,0.0026,,0.010,11296.48,0.990,,,0.07,5,,,14234.05,0.0001559,-0.0004569,-0.0015223
1790644125.1,1790643900,225.1,74.9,83042.30,chainlink,83140.25,twap60,,4.966,0.0010,,0.010,21822.63,0.990,,,0.07,5,,,24723.39,-0.0000121,-0.0001059,-0.0014838
1790644140.1,1790643900,240.1,59.9,83010.13,chainlink,83140.25,twap60,83009.02,4.966,0.0010,,0.001,15575.51,0.999,,,0.07,5,,,51195.74,-0.0002233,-0.0003179,-0.0018234
1790644155.2,1790643900,255.2,44.8,83012.70,chainlink,83140.25,twap60,83010.53,4.966,0.0010,,0.001,15648.51,0.999,,,0.07,5,,,58428.20,0.0000405,-0.0002085,-0.0015411
1790644170.2,1790643900,270.2,29.8,83012.76,chainlink,83140.25,twap60,83011.66,4.966,0.0010,,0.001,15874.81,0.999,,,0.07,5,,,63857.03,0.0000037,-0.0003679,-0.0018599
1790644185.2,1790643900,285.2,14.8,83001.13,chainlink,83140.25,twap60,83008.50,4.966,0.0010,,0.001,23994.43,0.999,,,0.07,5,,,92264.69,-0.0001389,-0.0003318,-0.0015746
1790644215.3,1790644200,15.3,284.7,82993.77,chainlink,83007.84,twap60,,5.018,0.4289,0.450,0.460,98.38,0.540,0.550,567.73,0.07,5,567.73,2495.13,896.28,-0.0000831,-0.0002251,-0.0013311
1790644230.3,1790644200,30.3,269.7,82988.67,chainlink,83007.84,twap60,,5.018,0.4005,0.430,0.440,249.96,0.560,0.570,345.76,0.07,5,345.76,2079.59,941.96,-0.0000756,-0.0002889,-0.0015775
1790644245.3,1790644200,45.3,254.7,82984.40,chainlink,83007.84,twap60,,5.018,0.3749,0.410,0.420,99.64,0.580,0.590,105.68,0.07,5,105.68,375.68,109.64,-0.0000193,-0.0002077,-0.0017635
1790644260.3,1790644200,60.3,239.7,83001.67,chainlink,83007.84,twap60,,5.018,0.4653,0.290,0.300,269.03,0.700,0.710,115.51,0.07,5,115.51,661.03,961.03,0.0000463,0.0000121,-0.0015403
1790644275.3,1790644200,75.3,224.7,83002.93,chainlink,83007.84,twap60,,5.018,0.4713,0.360,0.380,156.99,0.620,0.640,286.03,0.07,5,286.03,1056.66,2014.98,0.0000700,0.0000961,-0.0014239
1790644290.4,1790644200,90.4,209.6,82993.30,chainlink,83007.84,twap60,,5.018,0.4120,0.300,0.310,20.29,0.690,0.700,66.66,0.07,5,66.66,1898.45,632.95,-0.0000269,0.0000880,-0.0015044
1790644305.4,1790644200,105.4,194.6,82992.36,chainlink,83007.84,twap60,,5.018,0.4020,0.320,0.330,80.46,0.670,0.680,461.72,0.07,5,365.66,1904.20,711.43,-0.0000102,-0.0000659,-0.0015269
1790644320.4,1790644200,120.4,179.6,82981.86,chainlink,83007.84,twap60,,5.018,0.3306,0.400,0.410,1124.00,0.590,0.600,43.82,0.07,5,43.82,550.10,1713.63,-0.0001176,-0.0001839,-0.0012396
1790644335.5,1790644200,135.5,164.5,82983.51,chainlink,83007.84,twap60,,5.018,0.3320,0.350,0.360,1284.87,0.640,0.650,99.00,0.07,5,99.00,1353.57,1754.37,0.0000048,-0.0001449,-0.0009934
1790644350.5,1790644200,150.5,149.5,82996.08,chainlink,83007.84,twap60,,5.018,0.4114,0.430,0.440,15.00,0.560,0.570,5.00,0.07,5,5.00,73.00,642.89,0.0001481,0.0000346,-0.0009958
1790644365.6,1790644200,165.6,134.4,83038.61,chainlink,83007.84,twap60,,5.018,0.7359,0.550,0.560,389.46,0.440,0.450,30.00,0.07,5,36.85,509.25,654.45,0.0004747,0.0005660,-0.0001504
1790644380.6,1790644200,180.6,119.4,83045.51,chainlink,83007.84,twap60,,5.018,0.8002,0.470,0.480,332.07,0.520,0.530,48.31,0.07,5,48.31,135.45,759.62,-0.0000005,0.0007517,0.0001082
1790644395.6,1790644200,195.6,104.4,83012.57,chainlink,83007.84,twap60,,5.018,0.5468,0.640,0.670,145.00,0.330,0.360,109.78,0.07,5,109.78,397.72,1166.00,-0.0003521,0.0003469,-0.0002101
1790644410.6,1790644200,210.6,89.4,83009.57,chainlink,83007.84,twap60,,5.018,0.5196,0.200,0.210,75.81,0.790,0.800,90.51,0.07,5,85.51,85.51,254.09,-0.0000299,0.0001249,-0.0004063
1790644425.7,1790644200,225.7,74.3,82969.65,chainlink,83007.84,twap60,,5.018,0.0968,0.240,0.250,13.90,0.750,0.760,71.82,0.07,5,71.82,257.70,239.42,-0.0004754,-0.0009144,-0.0007111
1790644440.7,1790644200,240.7,59.3,82961.54,chainlink,83007.84,twap60,82956.18,5.018,0.0176,0.010,0.020,1232.31,0.980,0.990,1041.79,0.07,5,1041.79,1041.79,2067.05,-0.0001310,-0.0009671,-0.0005760
1790644455.8,1790644200,255.8,44.2,83014.01,chainlink,83007.84,twap60,82980.27,5.018,0.4248,0.230,0.240,55.00,0.760,0.770,12.93,0.07,5,12.93,20.43,682.80,0.0007463,0.0000236,0.0000187
1790644470.8,1790644200,270.8,29.2,82976.84,chainlink,83007.84,twap60,82989.34,5.018,0.0010,,0.010,16019.86,0.990,,,0.07,5,,,16734.70,-0.0004609,-0.0003887,-0.0004315
1790644485.8,1790644200,285.8,14.2,82990.39,chainlink,83007.84,twap60,82988.27,5.018,0.0010,,0.010,47297.24,0.990,,,0.07,5,,,48513.62,0.0001473,0.0002167,-0.0001354
1790644515.8,1790644500,15.8,284.2,82976.50,chainlink,82986.16,twap60,,5.279,0.4534,0.510,0.520,8.85,0.480,0.490,203.52,0.07,5,203.52,1526.17,13.85,0.0001068,-0.0004650,-0.0002224
1790644530.8,1790644500,30.8,269.2,82972.85,chainlink,82986.16,twap60,,5.279,0.4339,0.410,0.420,229.36,0.580,0.590,148.46,0.07,5,148.46,962.16,1264.05,-0.0000316,-0.0000641,-0.0001584
1790644545.9,1790644500,45.9,254.1,82992.66,chainlink,82986.16,twap60,,5.279,0.5336,0.410,0.420,406.55,0.580,0.590,50.42,0.07,5,50.42,551.42,1403.78,0.0001926,0.0000133,-0.0000622
1790644560.9,1790644500,60.9,239.1,82973.50,chainlink,82986.16,twap60,,5.279,0.4325,0.230,0.240,512.34,0.760,0.770,6.52,0.07,5,6.52,341.97,1276.88,-0.0001457,0.0000707,-0.0002847
1790644575.9,1790644500,75.9,224.1,82942.50,chainlink,82986.16,twap60,,5.279,0.2711,0.230,0.240,5.00,0.760,0.770,484.37,0.07,5,494.05,971.90,686.06,-0.0003793,-0.0003976,-0.0006392
1790644590.9,1790644500,90.9,209.1,82929.39,chainlink,82986.16,twap60,,5.279,0.2041,0.290,0.300,114.00,0.700,0.710,230.34,0.07,5,230.34,1573.22,1386.44,-0.0001489,-0.0005701,-0.0007692
1790644605.9,1790644500,105.9,194.1,82933.28,chainlink,82986.16,twap60,,5.279,0.2099,0.190,0.200,261.41,0.800,0.810,302.95,0.07,5,302.95,2280.46,1318.54,0.0000043,-0.0006305,-0.0007032
1790644620.9,1790644500,120.9,179.1,82898.16,chainlink,82986.16,twap60,,5.279,0.0787,0.100,0.110,497.34,0.890,0.900,107.00,0.07,5,107.00,1484.12,2242.68,-0.0003964,-0.0009140,-0.0010242
1790644635.9,1790644500,135.9,164.1,82896.05,chainlink,82986.16,twap60,,5.279,0.0627,0.070,0.080,100.56,0.920,0.930,1149.05,0.07,5,1149.05,2763.47,1059.50,-0.0000537,-0.0005510,-0.0010578
1790644651.0,1790644500,151.0,149.0,82897.07,chainlink,82986.16,twap60,,5.279,0.0530,0.060,0.070,89.00,0.930,0.940,777.61,0.07,5,772.61,3546.76,941.93,0.0000110,-0.0004325,-0.0012313
1790644666.0,1790644500,166.0,134.0,82896.03,chainlink,82986.16,twap60,,5.279,0.0392,0.040,0.050,1486.20,0.950,0.960,496.79,0.07,5,496.79,6458.36,3243.74,0.0001046,-0.0004220,-0.0018021
1790644681.0,1790644500,181.0,119.0,82888.88,chainlink,82986.16,twap60,,5.279,0.0191,0.030,0.040,2027.71,0.960,0.970,230.82,0.07,5,276.60,3878.48,3273.71,-0.0000864,-0.0001402,-0.0018433
1790644696.0,1790644500,196.0,104.0,82906.59,chainlink,82986.16,twap60,,5.279,0.0298,0.060,0.070,359.70,0.930,0.940,179.96,0.07,5,184.96,1752.37,1403.01,0.0002147,0.0001259,-0.0012713
1790644710.0,1790644500,210.0,90.0,82882.50,chainlink,82986.16,twap60,,5.279,0.0027,,0.010,11982.32,0.990,,,0.07,5,,,14727.83,-0.0002962,-0.0000587,-0.0015264
1790644725.0,1790644500,225.0,75.0,82869.68,chainlink,82986.16,twap60,,5.279,0.0010,,0.010,20343.38,0.990,,,0.07,5,,,22877.87,-0.0001515,-0.0003180,-0.0012389
1790644740.0,1790644500,240.0,60.0,82882.54,chainlink,82986.16,twap60,82882.54,5.279,0.0010,,0.010,35723.79,0.990,,,0.07,5,,,37604.72,0.0001354,-0.0000754,-0.0008387
1790644755.1,1790644500,255.1,44.9,82848.72,chainlink,82986.16,twap60,82861.31,5.279,0.0010,,0.010,45835.22,0.990,,,0.07,5,,,48037.96,-0.0003393,-0.0007038,-0.0020061
1790644770.1,1790644500,270.1,29.9,82848.23,chainlink,82986.16,twap60,82855.15,5.279,0.0010,,0.010,73046.40,0.990,,,0.07,5,,,74664.36,0.0000063,-0.0004103,-0.0015672
1790644785.1,1790644500,285.1,14.9,82831.55,chainlink,82986.16,twap60,82848.26,5.279,0.0010,,0.010,74409.00,0.990,,,0.07,5,,,75981.44,-0.0001355,-0.0004799,-0.0019298
1790644815.1,1790644800,15.1,284.9,82806.20,chainlink,82838.84,twap60,,5.470,0.3514,0.460,0.470,40.25,0.530,0.540,134.99,0.07,5,174.99,1096.98,1281.25,0.0000914,-0.0005013,-0.0020422
1790644830.1,1790644800,30.1,269.9,82807.14,chainlink,82838.84,twap60,,5.470,0.3511,0.350,0.360,307.72,0.640,0.650,1234.66,0.07,5,1234.66,3572.11,1647.33,-0.0000375,-0.0004303,-0.0020454
1790644845.1,1790644800,45.1,254.9,82891.40,chainlink,82838.84,twap60,,5.470,0.7439,0.660,0.670,300.29,0.330,0.340,145.85,0.07,5,145.85,1108.42,2705.02,0.0010162,0.0007543,-0.0011356
1790644860.2,1790644800,60.2,239.8,82888.22,chainlink,82838.84,twap60,,5.470,0.7384,0.750,0.760,631.00,0.240,0.250,310.19,0.07,5,310.19,2103.19,1522.00,0.0001313,0.0010814,-0.0010339
1790644875.2,1790644800,75.2,224.8,82882.08,chainlink,82838.84,twap60,,5.470,0.7195,0.780,0.800,299.00,0.200,0.220,12.05,0.07,5,12.05,353.70,1199.83,-0.0000540,0.0008671,-0.0007196
1790644890.2,1790644800,90.2,209.8,82929.70,chainlink,82838.84,twap60,,5.470,0.8988,0.920,0.930,370.43,0.070,0.080,689.01,0.07,5,689.01,2677.94,1994.60,0.0006575,0.0014780,-0.0000390
1790644905.2,1790644800,105.2,194.8,82928.76,chainlink,82838.84,twap60,,5.470,0.9068,0.880,0.890,341.10,0.110,0.120,337.78,0.07,5,337.78,1239.24,3105.98,-0.0000762,0.0006203,-0.0000273
1790644920.2,1790644800,120.2,179.8,82921.50,chainlink,82838.84,twap60,,5.470,0.8994,0.940,0.950,314.85,0.050,0.060,238.97,0.07,5,238.97,1668.73,2960.18,-0.0000277,0.0004215,0.0002532
1790644935.2,1790644800,135.2,164.8,82928.57,chainlink,82838.84,twap60,,5.470,0.9290,0.940,0.950,403.03,0.050,0.060,754.06,0.07,5,754.06,4202.05,3298.42,0.0000317,0.0006440,0.0003911
1790644950.3,1790644800,150.3,149.7,82955.50,chainlink,82838.84,twap60,,5.470,0.9791,0.940,0.950,754.64,0.050,0.060,1269.46,0.07,5,1269.46,3268.20,3127.04,0.0003315,0.0002462,0.0008216
1790644965.3,1790644800,165.3,134.7,82956.09,chainlink,82838.84,twap60,,5.470,0.9862,0.980,0.990,2598.48,0.010,0.020,1454.20,0.07,5,1454.20,3543.62,2598.48,0.0000406,0.0003893,0.0007241
1790644980.3,1790644800,180.3,119.7,82988.78,chainlink,82838.84,twap60,,5.470,0.9989,0.990,,,,0.010,10580.69,0.07,5,10580.69,12573.12,,0.0003963,0.0007575,0.0012056
1790644995.3,1790644800,195.3,104.7,83016.58,chainlink,82838.84,twap60,,5.470,0.9990,0.990,,,,0.010,11139.03,0.07,5,11139.03,13426.53,,0.0002957,0.0010676,0.0013203
1790645010.3,1790644800,210.3,89.7,83010.55,chainlink,82838.84,twap60,,5.470,0.9990,0.990,,,,0.010,12601.49,0.07,5,12601.49,15433.99,,-0.0000692,0.0006969,0.0015470
1790645025.3,1790644800,225.3,74.7,82978.78,chainlink,82838.84,twap60,,5.470,0.9990,0.990,,,,0.010,15652.44,0.07,5,15652.44,18499.94,,-0.0003649,0.0002758,0.0012959
1790645040.4,1790644800,240.4,59.6,82964.19,chainlink,82838.84,twap60,82961.79,5.470,0.9990,0.990,,,,0.010,28310.10,0.07,5,28310.10,30750.54,,-0.0001624,-0.0003357,0.0010534
1790645055.4,1790644800,255.4,44.6,82957.15,chainlink,82838.84,twap60,82963.86,5.470,0.9990,0.990,,,,0.010,35871.49,0.07,5,35871.49,38594.73,,-0.0000564,-0.0007126,0.0013201
1790645070.4,1790644800,270.4,29.6,82959.24,chainlink,82838.84,twap60,82957.91,5.470,0.9990,0.990,,,,0.010,45692.63,0.07,5,45692.63,47756.74,,0.0000291,-0.0006003,0.0014049
1790645085.4,1790644800,285.4,14.6,82983.13,chainlink,82838.84,twap60,82963.47,5.470,0.9990,0.990,,,,0.010,66059.10,0.07,5,66059.10,68201.07,,0.0002804,0.0000660,0.0018603
1790645115.4,1790645100,15.4,284.6,82981.89,chainlink,82966.87,twap60,,5.751,0.5663,0.550,0.560,99.99,0.440,0.450,161.23,0.07,5,161.23,1475.31,3161.50,0.0000510,0.0003021,0.0020707
1790645130.4,1790645100,30.4,269.6,82960.00,chainlink,82966.87,twap60,,5.751,0.4686,0.450,0.460,5.00,0.540,0.550,1410.40,0.07,5,1410.40,2473.49,305.00,-0.0002547,0.0000016,0.0018434
1790645145.5,1790645100,45.5,254.5,82930.03,chainlink,82966.87,twap60,,5.751,0.3309,0.310,0.320,53.00,0.680,0.690,781.48,0.07,5,771.48,2599.33,717.94,-0.0003386,-0.0006428,0.0006356
1790645160.5,1790645100,60.5,239.5,82917.66,chainlink,82966.87,twap60,,5.751,0.2723,0.320,0.340,143.91,0.660,0.680,422.62,0.07,5,501.08,1233.08,780.16,-0.0001106,-0.0007234,0.0003752
1790645175.5,1790645100,75.5,224.5,82964.36,chainlink,82966.87,twap60,,5.751,0.4872,0.390,0.420,100.46,0.580,0.610,14.54,0.07,5,14.54,198.23,890.08,0.0003708,-0.0002021,0.0010755
1790645190.6,1790645100,90.6,209.4,82943.50,chainlink,82966.87,twap60,,5.751,0.3775,0.420,0.430,1239.55,0.570,0.580,34.82,0.07,5,34.82,473.19,2097.62,-0.0002407,-0.0001761,0.0001015
1790645205.6,1790645100,105.6,194.4,82934.12,chainlink,82966.87,twap60,,5.751,0.3234,0.330,0.340,135.45,0.660,0.670,1328.80,0.07,5,1328.80,2450.00,340.04,-0.0000708,0.0000879,0.0001245
1790645220.6,1790645100,120.6,179.4,82939.29,chainlink,82966.87,twap60,,5.751,0.3423,0.300,0.310,42.32,0.690,0.700,114.14,0.07,5,109.14,612.84,479.43,0.0000606,0.0000686,0.0001609
1790645235.6,1790645100,135.6,164.4,82922.49,chainlink,82966.87,twap60,,5.751,0.2445,0.330,0.340,1236.74,0.660,0.670,7.86,0.07,5,7.86,148.24,1809.37,-0.0000341,-0.0004940,-0.0000664
1790645250.6,1790645100,150.6,149.4,82911.83,chainlink,82966.87,twap60,,5.751,0.1801,0.210,0.220,439.96,0.780,0.790,30.09,0.07,5,30.09,874.94,940.96,0.0001474,-0.0003395,-0.0004930
1790645265.6,1790645100,165.6,134.4,82904.97,chainlink,82966.87,twap60,,5.751,0.1339,0.220,0.230,1062.22,0.770,0.780,50.57,0.07,5,50.57,1129.62,1656.10,-0.0000715,-0.0003533,-0.0006142
1790645280.6,1790645100,180.6,119.4,82909.48,chainlink,82966.87,twap60,,5.751,0.1313,0.060,0.070,304.38,0.930,0.940,355.08,0.07,5,355.08,2156.69,1773.45,0.0000654,-0.0001910,-0.0009953
1790645295.7,1790645100,195.7,104.3,82874.72,chainlink,82966.87,twap60,,5.751,0.0229,0.010,0.020,487.96,0.980,0.990,1017.00,0.07,5,1017.00,1017.00,2040.45,-0.0003671,-0.0003003,-0.0017068
1790645310.7,1790645100,210.7,89.3,82878.34,chainlink,82966.87,twap60,,5.751,0.0142,,0.010,360.54,0.990,,,0.07,5,,,2517.21,0.0000458,-0.0003928,-0.0015760
1790645325.7,1790645100,225.7,74.3,82877.59,chainlink,82966.87,twap60,,5.751,0.0040,,0.010,7888.88,0.990,,,0.07,5,,,10453.54,-0.0000840,-0.0003193,-0.0012067
1790645340.7,1790645100,240.7,59.3,82877.37,chainlink,82966.87,twap60,82877.37,5.751,0.0010,,0.010,28095.64,0.990,,,0.07,5,,,30211.11,-0.0000105,-0.0003351,-0.0010185
1790645355.7,1790645100,255.7,44.3,82815.98,chainlink,82966.87,twap60,82831.27,5.751,0.0010,,0.010,40786.09,0.990,,,0.07,5,,,43240.99,-0.0007396,-0.0007068,-0.0016993
1790645370.8,1790645100,270.8,29.2,82799.09,chainlink,82966.87,twap60,82819.00,5.751,0.0010,,0.001,22470.95,0.999,,,0.07,5,,,89807.44,-0.0002063,-0.0010317,-0.0019400
1790645385.8,1790645100,285.8,14.2,82804.31,chainlink,82966.87,twap60,82812.63,5.751,0.0010,,0.001,30644.37,0.999,,,0.07,5,,,97807.43,0.0000460,-0.0008925,-0.0021600
1790645415.8,1790645400,15.8,284.2,82784.44,chainlink,82812.67,twap60,,5.645,0.3745,0.560,0.570,76.85,0.430,0.440,300.73,0.07,5,280.78,950.81,976.25,-0.0000648,-0.0003832,-0.0023731
1790645430.8,1790645400,30.8,269.2,82795.11,chainlink,82812.67,twap60,,5.645,0.4186,0.590,0.600,183.55,0.400,0.410,344.10,0.07,5,322.24,2039.88,235.02,-0.0000152,-0.0000652,-0.0019668
1790645445.8,1790645400,45.8,254.2,82865.45,chainlink,82812.67,twap60,,5.645,0.7386,0.650,0.660,50.00,0.340,0.350,1591.00,0.07,5,1591.00,2946.62,700.12,0.0004694,0.0007382,-0.0007404
1790645460.9,1790645400,60.9,239.1,82866.25,chainlink,82812.67,twap60,,5.645,0.7494,0.780,0.790,34.51,0.210,0.220,684.33,0.07,5,714.33,2765.20,348.50,0.0001261,0.0009230,-0.0008124
1790645475.9,1790645400,75.9,224.1,82896.05,chainlink,82812.67,twap60,,5.645,0.8618,0.850,0.860,13.00,0.140,0.150,563.62,0.07,5,563.62,2599.44,922.00,0.0003558,0.0012033,-0.0008129
1790645490.9,1790645400,90.9,209.1,82896.14,chainlink,82812.67,twap60,,5.645,0.8723,0.850,0.860,75.00,0.140,0.150,1058.90,0.07,5,843.42,2291.11,952.56,0.0000004,0.0008397,-0.0005288
1790645505.9,1790645400,105.9,194.1,82885.23,chainlink,82812.67,twap60,,5.645,0.8498,0.760,0.770,420.53,0.230,0.240,154.93,0.07,5,154.93,951.85,2512.61,-0.0001250,0.0003551,-0.0005913
1790645520.9,1790645400,120.9,179.1,82820.63,chainlink,82812.67,twap60,,5.645,0.5476,0.500,0.510,95.00,0.490,0.500,675.35,0.07,5,688.75,2883.28,825.00,-0.0006665,-0.0005544,-0.0012632
1790645535.9,1790645400,135.9,164.1,82751.48,chainlink,82812.67,twap60,,5.645,0.1652,0.240,0.250,30.00,0.750,0.760,2894.66,0.07,5,1999.66,5283.66,644.00,-0.0008066,-0.0017463,-0.0017886
1790645550.9,1790645400,150.9,149.1,82773.11,chainlink,82812.67,twap60,,5.645,0.2511,0.550,0.580,21.00,0.420,0.440,93.00,0.07,5,274.51,2214.14,541.38,0.0001646,-0.0014787,-0.0016633
1790645565.9,1790645400,165.9,134.1,82805.52,chainlink,82812.67,twap60,,5.645,0.4481,0.520,0.530,1530.00,0.470,0.480,75.00,0.07,5,75.00,2268.73,2351.00,0.0003391,-0.0008489,-0.0011893
1790645581.0,1790645400,181.0,119.0,82839.21,chainlink,82812.67,twap60,,5.645,0.7016,0.750,0.760,1045.36,0.240,0.250,1399.69,0.07,5,1526.80,2738.24,1785.69,0.0004183,0.0002531,-0.0007957
1790645596.0,1790645400,196.0,104.0,82861.92,chainlink,82812.67,twap60,,5.645,0.8623,0.840,0.850,586.99,0.150,0.160,420.41,0.07,5,420.41,2090.30,3043.99,0.0002736,0.0012370,-0.0001522
1790645611.0,1790645400,211.0,89.0,82858.80,chainlink,82812.67,twap60,,5.645,0.8785,0.870,0.880,668.79,0.120,0.130,582.62,0.07,5,622.62,2314.31,3253.92,-0.0000405,0.0008077,-0.0003099
1790645625.0,1790645400,225.0,75.0,82876.16,chainlink,82812.67,twap60,,5.645,0.9714,0.950,0.960,401.07,0.040,0.050,512.29,0.07,5,512.29,3004.04,10122.52,0.0002330,0.0008641,-0.0000252
1790645640.0,1790645400,240.0,60.0,82894.33,chainlink,82812.67,twap60,82889.97,5.645,0.9990,0.990,,,,0.010,8435.50,0.07,5,8435.50,11797.08,,0.0002405,0.0006646,0.0002060
1790645655.0,1790645400,255.0,45.0,82867.64,chainlink,82812.67,twap60,82868.82,5.645,0.9990,0.990,,,,0.010,17986.36,0.07,5,17986.36,21054.84,,-0.0002549,0.0000671,0.0006213
1790645670.1,1790645400,270.1,29.9,82853.31,chainlink,82812.67,twap60,82868.67,5.645,0.9990,0.990,,,,0.010,44333.56,0.07,5,44333.56,46759.72,,-0.0001521,-0.0000428,0.0006376
1790645685.1,1790645400,285.1,14.9,82884.83,chainlink,82812.67,twap60,82868.58,5.645,0.9990,0.990,,,,0.010,73548.39,0.07,5,73548.39,76069.67,,0.0003227,0.0001260,0.0009720
1790645715.1,1790645700,15.1,284.9,82872.26,chainlink,82871.57,twap60,,5.590,0.5032,0.440,0.450,1573.38,0.550,0.560,44.00,0.07,5,44.00,693.00,2951.47,0.0001013,0.0000767,0.0009163
1790645730.3,1790645700,30.3,269.7,82853.15,chainlink,82871.57,twap60,,5.590,0.4139,0.330,0.340,596.78,0.660,0.670,70.00,0.07,5,70.00,874.53,3097.91,-0.0002538,-0.0000597,0.0003209
1790645745.3,1790645700,45.3,254.7,82793.74,chainlink,82871.57,twap60,,5.590,0.1710,0.290,0.300,160.00,0.710,0.720,211.22,0.07,5,319.99,3065.18,916.98,-0.0007011,-0.0011087,-0.0007494
1790645760.3,1790645700,60.3,239.7,82811.60,chainlink,82871.57,twap60,,5.590,0.2239,0.260,0.270,127.12,0.730,0.740,5.00,0.07,5,5.00,1565.16,2166.47,0.0000255,-0.0006310,-0.0006634
1790645775.3,1790645700,75.3,224.7,82765.12,chainlink,82871.57,twap60,,5.590,0.0806,0.080,0.090,100.00,0.910,0.920,25.38,0.07,5,25.38,1959.69,1680.29,-0.0005724,-0.0013168,-0.0015815
1790645790.3,1790645700,90.3,209.7,82787.51,chainlink,82871.57,twap60,,5.590,0.1241,0.200,0.210,10.00,0.790,0.800,1354.00,0.07,5,894.00,4744.15,718.41,0.0002993,-0.0007764,-0.0013048
1790645805.3,1790645700,105.3,194.7,82796.39,chainlink,82871.57,twap60,,5.590,0.1397,0.270,0.280,36.85,0.720,0.730,140.29,0.07,5,10.00,2271.41,826.96,0.0000991,-0.0001581,-0.0009592
1790645820.4,1790645700,120.4,179.6,82779.52,chainlink,82871.57,twap60,,5.590,0.0817,0.090,0.100,20.00,0.890,0.900,1238.33,0.07,5,1204.51,5033.78,95.00,-0.0001924,-0.0003984,-0.0004678
1790645835.4,1790645700,135.4,164.6,82790.45,chainlink,82871.57,twap60,,5.590,0.0968,0.100,0.110,50.00,0.890,0.900,1228.11,0.07,5,1228.11,4061.43,2386.45,0.0003086,0.0003349,0.0003740
1790645850.4,1790645700,150.4,149.6,82781.11,chainlink,82871.57,twap60,,5.590,0.0611,0.100,0.110,449.87,0.890,0.900,302.00,0.07,5,302.00,2226.44,3254.24,-0.0000420,-0.0000855,0.0000442
1790645865.4,1790645700,165.4,134.6,82805.24,chainlink,82871.57,twap60,,5.590,0.1112,0.290,0.300,263.00,0.700,0.710,267.56,0.07,5,300.06,2635.13,1349.69,0.0003216,0.0001182,0.0000080
1790645880.4,1790645700,180.4,119.6,82820.24,chainlink,82871.57,twap60,,5.590,0.1516,0.210,0.220,463.55,0.800,0.810,65.00,0.07,5,125.83,710.83,1228.95,-0.0000308,0.0006683,-0.0002295
1790645895.5,1790645700,195.5,104.5,82837.47,chainlink,82871.57,twap60,,5.590,0.2239,0.280,0.290,251.41,0.710,0.720,437.49,0.07,5,437.49,1611.44,1722.47,0.0002061,0.0006387,-0.0002970
1790645910.5,1790645700,210.5,89.5,82832.01,chainlink,82871.57,twap60,,5.590,0.1573,0.180,0.190,107.01,0.810,0.820,317.84,0.07,5,282.84,992.95,1582.15,-0.0000613,0.0006449,-0.0002998
1790645925.5,1790645700,225.5,74.5,82833.82,chainlink,82871.57,twap60,,5.590,0.1252,0.130,0.140,678.71,0.860,0.870,97.70,0.07,5,97.70,1928.78,1580.10,0.0000225,0.0001332,-0.0004896
1790645940.5,1790645700,240.5,59.5,82813.43,chainlink,82871.57,twap60,82813.43,5.590,0.0093,0.030,0.040,177.66,0.960,0.970,428.23,0.07,5,427.19,2865.94,862.76,-0.0002671,-0.0000843,-0.0009093
1790645955.5,1790645700,255.5,44.5,82844.96,chainlink,82871.57,twap60,82832.36,5.590,0.0307,0.060,0.080,228.00,0.920,0.940,323.00,0.07,5,270.06,1642.06,775.49,0.0002313,0.0000951,-0.0002528
1790645970.5,1790645700,270.5,29.5,82810.25,chainlink,82871.57,twap60,82833.87,5.590,0.0010,,0.010,43359.11,0.990,,,0.07,5,,,44989.86,-0.0004358,-0.0002622,-0.0005776
1790645985.5,1790645700,285.5,14.5,82811.52,chainlink,82871.57,twap60,82826.53,5.590,0.0010,,0.010,70230.73,0.990,,,0.07,5,,,72453.09,0.0000177,-0.0002901,-0.0008939
1790646015.6,1790646000,15.6,284.4,82816.98,chainlink,82825.42,twap60,,5.701,0.4623,0.460,0.470,112.00,0.530,0.540,1345.23,0.07,5,1345.23,2569.65,1447.50,-0.0000120,-0.0003544,-0.0006904
1790646030.6,1790646000,30.6,269.4,82827.79,chainlink,82825.42,twap60,,5.701,0.5109,0.480,0.490,5.00,0.510,0.520,2328.27,0.07,5,2328.27,3707.31,578.08,0.0001312,0.0002141,-0.0002899
1790646045.6,1790646000,45.6,254.4,82839.04,chainlink,82825.42,twap60,,5.701,0.5648,0.570,0.580,30.00,0.420,0.430,408.49,0.07,5,333.16,2491.27,1476.26,0.0001401,0.0003344,0.0003568
1790646060.6,1790646000,60.6,239.4,82840.91,chainlink,82825.42,twap60,,5.701,0.5763,0.490,0.500,18.11,0.500,0.530,5.10,0.07,5,78.00,119.10,207.28,0.0000378,0.0002769,0.0003429
1790646075.6,1790646000,75.6,224.4,82839.16,chainlink,82825.42,twap60,,5.701,0.5704,0.580,0.590,530.15,0.410,0.420,86.04,0.07,5,86.04,168.04,2646.18,-0.0000211,0.0002685,0.0009230
1790646090.7,1790646000,90.7,209.3,82850.57,chainlink,82825.42,twap60,,5.701,0.6327,0.720,0.730,1307.71,0.270,0.280,155.08,0.07,5,155.08,1033.22,3287.55,0.0000906,0.0002793,0.0007532
1790646105.7,1790646000,105.7,194.3,82867.89,chainlink,82825.42,twap60,,5.701,0.7256,0.760,0.770,1380.74,0.230,0.240,55.00,0.07,5,55.00,1063.23,2691.85,0.0000091,0.0003634,0.0008745
1790646120.7,1790646000,120.7,179.3,82883.65,chainlink,82825.42,twap60,,5.701,0.8066,0.880,0.900,5.11,0.100,0.120,95.00,0.07,5,95.00,245.00,253.11,0.0001727,0.0005158,0.0014336
1790646135.7,1790646000,135.7,164.3,82907.71,chainlink,82825.42,twap60,,5.701,0.9023,0.860,0.870,5.00,0.130,0.140,842.05,0.07,5,815.35,2523.75,1228.00,0.0002897,0.0007800,0.0014862
1790646150.7,1790646000,150.7,149.3,82914.02,chainlink,82825.42,twap60,,5.701,0.9315,0.940,0.950,195.52,0.050,0.060,363.75,0.07,5,363.75,2266.53,4337.63,0.0001790,0.0005657,0.0016345
1790646165.8,1790646000,165.8,134.2,82928.71,chainlink,82825.42,twap60,,5.701,0.9690,0.970,0.980,40.00,0.020,0.030,1596.72,0.07,5,1596.72,3797.10,7102.37,0.0001806,0.0007163,0.0012781
1790646180.8,1790646000,180.8,119.2,82946.43,chainlink,82825.42,twap60,,5.701,0.9914,0.990,,,,0.010,4175.19,0.07,5,4175.19,6983.88,,0.0002150,0.0007566,0.0015205
1790646195.8,1790646000,195.8,104.2,82966.72,chainlink,82825.42,twap60,,5.701,0.9990,0.990,,,,0.010,13670.64,0.07,5,13670.64,17718.09,,0.0002443,0.0008144,0.0015638
1790646210.8,1790646000,210.8,89.2,82926.61,chainlink,82825.42,twap60,,5.701,0.9943,0.990,,,,0.010,8847.20,0.07,5,8847.20,12088.72,,-0.0004774,0.0001552,0.0011420
1790646225.8,1790646000,225.8,74.2,82875.64,chainlink,82825.42,twap60,,5.701,0.9340,0.930,0.940,822.62,0.060,0.070,244.19,0.07,5,244.19,1451.25,2145.41,-0.0005827,-0.0006388,0.0004838
1790646240.8,1790646000,240.8,59.2,82869.61,chainlink,82825.42,twap60,82869.61,5.701,0.9616,0.990,,,,0.010,5205.27,0.07,5,5205.27,6525.51,,-0.0000619,-0.0009269,0.0005288
1790646255.8,1790646000,255.8,44.2,82890.03,chainlink,82825.42,twap60,82892.28,5.701,0.9990,0.990,,,,0.010,24070.99,0.07,5,24080.99,25771.22,,0.0002486,-0.0009187,0.0005272
1790646270.9,1790646000,270.9,29.1,82918.08,chainlink,82825.42,twap60,82893.77,5.701,0.9990,0.990,,,,0.010,48692.63,0.07,5,48692.63,50769.72,,0.0004509,-0.0000707,0.0013037
1790646285.9,1790646000,285.9,14.1,82920.41,chainlink,82825.42,twap60,82901.21,5.701,0.9990,0.990,,,,0.010,73039.28,0.07,5,73039.28,75161.37,,0.0000215,0.0005510,0.0013163
1790646315.9,1790646300,15.9,284.1,82920.03,chainlink,82905.10,twap60,,6.034,0.5629,0.560,0.570,593.52,0.430,0.440,174.00,0.07,5,174.00,1394.58,4174.33,-0.0000569,0.0004744,0.0012443
1790646330.9,1790646300,30.9,269.1,82933.24,chainlink,82905.10,twap60,,6.034,0.6210,0.740,0.750,1633.04,0.250,0.260,109.00,0.07,5,109.00,1253.88,4265.44,0.0001590,0.0001761,0.0012766
1790646346.0,1790646300,46.0,254.0,82963.51,chainlink,82905.10,twap60,,6.034,0.7459,0.750,0.760,497.42,0.240,0.250,612.65,0.07,5,442.65,1671.54,3178.81,0.0001207,0.0003967,0.0015166
1790646361.0,1790646300,61.0,239.0,83027.55,chainlink,82905.10,twap60,,6.034,0.9248,0.930,0.940,411.09,0.060,0.070,307.77,0.07,5,307.77,3981.08,4279.03,0.0008869,0.0012389,0.0022505
1790646376.0,1790646300,76.0,224.0,83025.08,chainlink,82905.10,twap60,,6.034,0.9286,0.920,0.930,4781.99,0.070,0.080,148.00,0.07,5,148.00,1709.26,8002.04,-0.0000965,0.0012657,0.0021947
1790646390.0,1790646300,90.0,210.0,83009.73,chainlink,82905.10,twap60,,6.034,0.9082,0.900,0.910,78.61,0.090,0.100,716.28,0.07,5,716.28,2849.39,3065.05,-0.0001902,0.0006777,0.0017193
1790646405.0,1790646300,105.0,195.0,83010.68,chainlink,82905.10,twap60,,6.034,0.9201,0.930,0.940,563.41,0.060,0.070,434.71,0.07,5,654.00,2475.82,4390.78,0.0000499,0.0006837,0.0017042
1790646420.0,1790646300,120.0,180.0,82992.89,chainlink,82905.10,twap60,,6.034,0.8906,0.870,0.880,35.00,0.120,0.130,1530.60,0.07,5,1510.60,3417.89,556.15,-0.0002834,-0.0004842,0.0013167
1790646435.0,1790646300,135.0,165.0,82995.44,chainlink,82905.10,twap60,,6.034,0.9098,0.910,0.920,123.25,0.080,0.090,369.32,0.07,5,152.66,2667.25,2042.74,0.0000478,-0.0003623,0.0011605
1790646450.1,1790646300,150.1,149.9,82967.96,chainlink,82905.10,twap60,,6.034,0.8398,0.890,0.900,190.28,0.100,0.110,759.68,0.07,5,759.68,3255.68,2064.71,-0.0003495,-0.0004649,0.0006537
1790646465.1,1790646300,165.1,134.9,82978.39,chainlink,82905.10,twap60,,6.034,0.8937,0.910,0.920,30.00,0.060,0.070,33.33,0.07,5,1037.21,3251.49,757.32,0.0000538,-0.0004582,0.0006002
1790646480.1,1790646300,180.1,119.9,82983.57,chainlink,82905.10,twap60,,6.034,0.9271,0.930,0.940,75.00,0.060,0.070,959.18,0.07,5,959.18,2643.28,2274.12,-0.0000571,-0.0000952,0.0004474
1790646495.1,1790646300,195.1,104.9,82974.30,chainlink,82905.10,twap60,,6.034,0.9227,0.940,0.950,146.36,0.050,0.060,746.90,0.07,5,746.90,2543.12,2382.00,-0.0002422,-0.0002730,0.0000975
1790646510.1,1790646300,210.1,89.9,82971.70,chainlink,82905.10,twap60,,6.034,0.9409,0.910,0.920,326.93,0.080,0.090,140.97,0.07,5,140.97,1173.84,367.94,-0.0000530,-0.0000268,0.0005757
1790646525.1,1790646300,225.1,74.9,82966.13,chainlink,82905.10,twap60,,6.034,0.9567,0.930,0.940,498.61,0.060,0.070,867.67,0.07,5,867.67,2873.20,2328.75,-0.0000671,-0.0002673,0.0011022
1790646540.3,1790646300,240.3,59.7,82953.97,chainlink,82905.10,twap60,82953.74,6.034,0.9659,0.970,0.978,143.00,0.021,0.030,527.00,0.07,5,568.66,1590.12,5750.45,-0.0001178,-0.0004873,0.0010197
1790646555.3,1790646300,255.3,44.7,82942.96,chainlink,82905.10,twap60,82948.33,6.034,0.9881,0.999,,,,0.001,741.81,0.07,5,741.81,13603.05,,-0.0001101,-0.0003994,0.0007509
1790646570.3,1790646300,270.3,29.7,82976.06,chainlink,82905.10,twap60,82953.40,6.034,0.9990,0.999,,,,0.001,13027.18,0.07,5,13027.18,50481.35,,0.0003023,0.0000525,0.0006923
1790646585.3,1790646300,285.3,14.7,82961.22,chainlink,82905.10,twap60,82958.45,6.034,0.9990,0.999,,,,0.001,16974.81,0.07,5,16974.81,74185.66,,-0.0002289,-0.0000304,0.0003691
1790646615.4,1790646600,15.4,284.6,82934.44,chainlink,82957.27,twap60,,6.366,0.4093,0.360,0.370,73.85,0.630,0.640,1407.16,0.07,5,1407.16,4110.06,1090.99,-0.0001311,-0.0001994,0.0001734
1790646630.5,1790646600,30.5,269.5,82933.33,chainlink,82957.27,twap60,,6.366,0.4020,0.340,0.350,1879.88,0.660,0.670,1037.50,0.07,5,15.00,2192.00,3520.88,-0.0000078,-0.0005651,-0.0002431
1790646645.5,1790646600,45.5,254.5,82913.28,chainlink,82957.27,twap60,,6.366,0.3185,0.230,0.240,540.00,0.760,0.770,863.62,0.07,5,863.62,2641.12,3241.64,-0.0002352,-0.0005566,-0.0004903
1790646660.5,1790646600,60.5,239.5,82898.07,chainlink,82957.27,twap60,,6.366,0.2552,0.190,0.200,821.32,0.800,0.810,13.00,0.07,5,13.00,2353.76,2825.82,-0.0001569,-0.0005697,-0.0016273
1790646675.5,1790646600,75.5,224.5,82879.52,chainlink,82957.27,twap60,,6.366,0.1843,0.150,0.160,198.02,0.840,0.850,548.98,0.07,5,548.98,3898.18,1799.16,-0.0001955,-0.0006569,-0.0017601
1790646690.5,1790646600,90.5,209.5,82887.20,chainlink,82957.27,twap60,,6.366,0.1989,0.120,0.130,137.00,0.870,0.880,1752.81,0.07,5,1752.81,4725.50,1774.24,0.0000628,-0.0005497,-0.0014387
1790646705.5,1790646600,105.5,194.5,82887.23,chainlink,82957.27,twap60,,6.366,0.1880,0.120,0.130,301.00,0.870,0.880,618.14,0.07,5,618.14,3362.83,1890.90,0.0000618,-0.0002877,-0.0015574
1790646720.6,1790646600,120.6,179.4,82889.44,chainlink,82957.27,twap60,,6.366,0.1834,0.080,0.090,879.07,0.910,0.920,412.10,0.07,5,412.10,2511.85,3612.54,0.0000238,-0.0000759,-0.0012303
1790646735.6,1790646600,135.6,164.4,82895.58,chainlink,82957.27,twap60,,6.366,0.1925,0.120,0.130,1417.62,0.870,0.880,16.24,0.07,5,16.24,1020.13,4049.41,0.0001131,0.0001638,-0.0012222
1790646750.6,1790646600,150.6,149.4,82919.65,chainlink,82957.27,twap60,,6.366,0.2861,0.230,0.240,118.33,0.760,0.770,5.00,0.07,5,10.00,1015.00,2136.27,0.0003016,0.0004529,-0.0006543
1790646765.6,1790646600,165.6,134.4,82941.35,chainlink,82957.27,twap60,,6.366,0.3984,0.450,0.460,194.00,0.540,0.550,193.25,0.07,5,201.07,1220.31,1435.54,0.0001524,0.0006499,-0.0005661
1790646780.6,1790646600,180.6,119.4,82973.87,chainlink,82957.27,twap60,,6.366,0.6151,0.700,0.710,1013.23,0.290,0.300,79.00,0.07,5,79.00,1158.40,2368.71,0.0003745,0.0010571,-0.0002474
1790646795.6,1790646600,195.6,104.4,82995.57,chainlink,82957.27,twap60,,6.366,0.7733,0.840,0.850,701.12,0.150,0.160,221.99,0.07,5,70.00,1496.59,2566.12,0.0001980,0.0012167,0.0002346
1790646810.6,1790646600,210.6,89.4,83032.92,chainlink,82957.27,twap60,,6.366,0.9546,0.980,0.990,6758.51,0.010,0.020,616.32,0.07,5,616.32,2253.97,6758.51,0.0004433,0.0012559,0.0007376
1790646825.7,1790646600,225.7,74.3,83036.34,chainlink,82957.27,twap60,,6.366,0.9830,0.990,,,,0.010,5015.08,0.07,5,5015.08,6348.99,,0.0000385,0.0011271,0.0008747
1790646840.7,1790646600,240.7,59.3,83035.42,chainlink,82957.27,twap60,83035.42,6.366,0.9974,0.990,,,,0.010,8455.97,0.07,5,8455.97,9991.89,,0.0000331,0.0006781,0.0010040
1790646855.7,1790646600,255.7,44.3,82994.33,chainlink,82957.27,twap60,83011.19,6.366,0.9891,0.990,,,,0.010,9205.11,0.07,5,5205.11,6450.35,,-0.0004952,-0.0000217,0.0005224
1790646870.7,1790646600,270.7,29.3,82982.90,chainlink,82957.27,twap60,82998.26,6.366,0.9990,0.990,,,,0.010,31901.91,0.07,5,25418.90,26697.13,,-0.0000644,-0.0006052,0.0000325
1790646885.7,1790646600,285.7,14.3,82988.53,chainlink,82957.27,twap60,82992.69,6.366,0.9990,0.990,,,,0.010,69672.38,0.07,5,69672.38,71126.37,,0.0000904,-0.0005318,0.0003506
1790646915.7,1790646900,15.7,284.3,83002.24,chainlink,82996.28,twap60,,6.686,0.5227,0.450,0.460,1612.32,0.540,0.550,124.18,0.07,5,124.18,1879.38,3929.40,-0.0000198,0.0001686,0.0008227
1790646930.8,1790646900,30.8,269.2,83001.25,chainlink,82996.28,twap60,,6.686,0.5196,0.490,0.500,432.56,0.500,0.510,25.00,0.07,5,35.00,587.00,2299.75,0.0000935,0.0002437,0.0008253
1790646945.8,1790646900,45.8,254.2,82989.23,chainlink,82996.28,twap60,,6.686,0.4713,0.530,0.540,1213.14,0.460,0.470,188.00,0.07,5,188.00,1236.00,2231.37,-0.0001428,-0.0002297,0.0009421
1790646960.8,1790646900,60.8,239.2,82993.21,chainlink,82996.28,twap60,,6.686,0.4870,0.470,0.480,719.99,0.520,0.530,60.00,0.07,5,60.00,741.00,3711.95,0.0000406,-0.0001285,0.0011753
1790646975.8,1790646900,75.8,224.2,83006.73,chainlink,82996.28,twap60,,6.686,0.5458,0.550,0.560,130.33,0.440,0.450,957.61,0.07,5,949.00,2454.21,1275.59,0.0001588,0.0001595,0.0015038
1790646990.8,1790646900,90.8,209.2,83006.61,chainlink,82996.28,twap60,,6.686,0.5473,0.590,0.600,152.00,0.400,0.410,1531.83,0.07,5,1526.83,2487.83,1788.18,0.0000055,0.0000665,0.0015010
1790647005.9,1790646900,105.9,194.1,83011.11,chainlink,82996.28,twap60,,6.686,0.5709,0.690,0.700,18.91,0.300,0.310,1452.57,0.07,5,1452.57,2516.57,266.57,0.0000542,0.0002562,0.0014906
1790647020.9,1790646900,120.9,179.1,83014.96,chainlink,82996.28,twap60,,6.686,0.5936,0.690,0.700,195.90,0.300,0.310,1008.67,0.07,5,1008.67,1882.67,2182.04,0.0000460,0.0002579,0.0015522
1790647035.9,1790646900,135.9,164.1,83006.07,chainlink,82996.28,twap60,,6.686,0.5523,0.560,0.570,30.00,0.430,0.440,1504.23,0.07,5,1504.23,2742.71,1296.72,-0.0001073,-0.0000010,0.0013432
1790647050.9,1790646900,150.9,149.1,82998.08,chainlink,82996.28,twap60,,6.686,0.5103,0.530,0.540,214.99,0.460,0.470,161.24,0.07,5,161.24,500.24,295.49,-0.0000952,-0.0001028,0.0008362
1790647065.9,1790646900,165.9,134.1,82996.62,chainlink,82996.28,twap60,,6.686,0.5021,0.520,0.530,95.00,0.470,0.480,444.32,0.07,5,394.32,1644.47,926.71,-0.0000284,-0.0001749,0.0006486
1790647080.9,1790646900,180.9,119.1,82985.16,chainlink,82996.28,twap60,,6.686,0.4259,0.320,0.330,513.90,0.670,0.680,70.00,0.07,5,70.00,774.12,2574.39,-0.0001272,-0.0003592,0.0000726
1790647096.0,1790646900,196.0,104.0,83005.78,chainlink,82996.28,twap60,,6.686,0.5705,0.830,0.890,5.00,0.110,0.170,95.00,0.07,5,95.00,200.18,92.00,0.0003270,-0.0000023,0.0001164
1790647111.0,1790646900,211.0,89.0,83044.26,chainlink,82996.28,twap60,,6.686,0.8474,0.940,0.950,399.99,0.060,0.070,175.00,0.07,5,160.00,1172.86,2356.88,0.0001669,0.0005455,0.0001339
1790647125.0,1790646900,225.0,75.0,83033.62,chainlink,82996.28,twap60,,6.686,0.8275,0.870,0.880,219.00,0.120,0.130,630.80,0.07,5,630.80,2366.69,1844.49,-0.0000795,0.0004566,0.0000114
1790647140.0,1790646900,240.0,60.0,83017.44,chainlink,82996.28,twap60,83017.09,6.686,0.7606,0.810,0.820,262.39,0.180,0.190,376.00,0.07,5,376.00,944.76,536.51,-0.0001903,0.0004675,-0.0002168
1790647155.0,1790646900,255.0,45.0,83033.66,chainlink,82996.28,twap60,83024.85,6.686,0.9651,0.990,,,,0.010,7211.99,0.07,5,7211.99,7954.99,,0.0002003,0.0000392,0.0005471
1790647170.1,1790646900,270.1,29.9,83020.53,chainlink,82996.28,twap60,83023.82,6.686,0.9930,0.990,,,,0.010,19429.05,0.07,5,19443.05,20842.04,,-0.0001683,-0.0002372,0.0004760
1790647185.1,1790646900,285.1,14.9,83047.62,chainlink,82996.28,twap60,83028.64,6.686,0.9990,0.990,,,,0.010,62572.64,0.07,5,62582.64,64524.74,,0.0002786,0.0001732,0.0004736
1790647215.1,1790647200,15.1,284.9,83050.06,chainlink,83030.18,twap60,,6.473,0.5778,0.620,0.630,281.00,0.370,0.380,485.82,0.07,5,510.82,2197.56,2779.05,0.0002590,0.0001873,0.0006814
1790647230.2,1790647200,30.2,269.8,83049.30,chainlink,83030.18,twap60,,6.473,0.5772,0.660,0.670,659.70,0.330,0.340,344.00,0.07,5,344.00,1771.48,2706.42,-0.0000076,0.0002988,0.0005807
1790647245.2,1790647200,45.2,254.8,83057.59,chainlink,83030.18,twap60,,6.473,0.6137,0.640,0.650,1317.92,0.350,0.360,451.52,0.07,5,451.52,1604.24,3961.46,0.0000245,0.0001585,0.0008160
1790647260.2,1790647200,60.2,239.8,83053.46,chainlink,83030.18,twap60,,6.473,0.6004,0.640,0.650,5.00,0.350,0.360,1293.25,0.07,5,1283.25,4161.75,638.00,-0.0000497,0.0002999,0.0007216
1790647275.3,1790647200,75.3,224.7,83035.22,chainlink,83030.18,twap60,,6.473,0.5229,0.580,0.590,921.87,0.410,0.420,42.00,0.07,5,42.00,406.00,3313.77,-0.0002218,-0.0001772,0.0003502
1790647290.3,1790647200,90.3,209.7,83015.45,chainlink,83030.18,twap60,,6.473,0.4307,0.470,0.490,939.63,0.520,0.530,38.11,0.07,5,40.00,547.00,3432.96,-0.0002553,-0.0004831,0.0001065
1790647305.3,1790647200,105.3,194.7,83010.09,chainlink,83030.18,twap60,,6.473,0.4015,0.260,0.270,1654.10,0.730,0.740,90.00,0.07,5,157.86,2558.99,2958.26,-0.0001337,-0.0005719,-0.0000126
1790647320.3,1790647200,120.3,179.7,82990.11,chainlink,83030.18,twap60,,6.473,0.3002,0.250,0.260,866.29,0.740,0.750,60.00,0.07,5,25.00,617.90,3161.43,-0.0001179,-0.0007653,-0.0002996
1790647335.4,1790647200,135.4,164.6,82970.97,chainlink,83030.18,twap60,,6.473,0.2063,0.200,0.210,116.00,0.790,0.800,3354.82,0.07,5,2984.82,6207.77,1089.00,-0.0002332,-0.0007913,-0.0004219
1790647350.4,1790647200,150.4,149.6,83010.78,chainlink,83030.18,twap60,,6.473,0.3873,0.240,0.270,1940.78,0.730,0.760,10.00,0.07,5,10.00,446.00,3278.18,0.0004756,-0.0001254,0.0001422
1790647365.4,1790647200,165.4,134.6,83006.85,chainlink,83030.18,twap60,,6.473,0.3555,0.350,0.360,701.99,0.640,0.650,312.00,0.07,5,317.00,2376.85,2636.99,-0.0000165,0.0000839,0.0001341
1790647380.4,1790647200,180.4,119.6,83011.94,chainlink,83030.18,twap60,,6.473,0.3761,0.220,0.230,478.99,0.770,0.780,41.00,0.07,5,41.00,442.86,2552.15,0.0000355,0.0002605,0.0004012
1790647395.5,1790647200,195.5,104.5,82985.60,chainlink,83030.18,twap60,,6.473,0.1957,0.070,0.080,229.82,0.920,0.930,737.71,0.07,5,737.71,3758.32,2322.97,-0.0001880,0.0001722,-0.0005397
1790647410.5,1790647200,210.5,89.5,82970.57,chainlink,83030.18,twap60,,6.473,0.0953,0.040,0.050,172.79,0.950,0.960,761.73,0.07,5,761.73,11892.09,812.79,-0.0000461,-0.0004537,-0.0008393
1790647425.5,1790647200,225.5,74.5,82969.62,chainlink,83030.18,twap60,,6.473,0.0556,0.010,0.020,2787.72,0.980,0.990,1394.09,0.07,5,1400.62,1400.62,5566.38,-0.0000033,-0.0004745,-0.0007664
1790647440.5,1790647200,240.5,59.5,82965.53,chainlink,83030.18,twap60,82965.53,6.473,0.0118,,0.010,19023.12,0.990,,,0.07,5,,,21849.28,-0.0000522,-0.0004298,-0.0006205
1790647455.6,1790647200,255.6,44.4,82961.35,chainlink,83030.18,twap60,82959.02,6.473,0.0010,,0.010,27694.28,0.990,,,0.07,5,,,30289.79,-0.0000452,-0.0001571,-0.0008814
1790647470.6,1790647200,270.6,29.4,82978.96,chainlink,83030.18,twap60,82967.27,6.473,0.0010,,0.010,69097.29,0.990,,,0.07,5,,,70973.56,0.0001778,0.0001092,-0.0005486
1790647485.6,1790647200,285.6,14.4,83001.54,chainlink,83030.18,twap60,82973.35,6.473,0.0010,,0.010,68202.23,0.990,,,0.07,5,,,69953.54,0.0003164,0.0003818,-0.0005166
1790647515.7,1790647500,15.7,284.3,82975.82,chainlink,82978.64,twap60,,6.348,0.4887,0.460,0.470,642.53,0.530,0.540,24.14,0.07,5,24.14,1510.98,1906.09,-0.0001853,0.0001400,-0.0008928
1790647530.7,1790647500,30.7,269.3,82955.72,chainlink,82978.64,twap60,,6.348,0.4058,0.460,0.470,223.00,0.530,0.540,363.46,0.07,5,363.46,2210.87,996.56,-0.0002346,-0.0002357,-0.0012028
1790647545.7,1790647500,45.7,254.3,82944.44,chainlink,82978.64,twap60,,6.348,0.3564,0.340,0.350,30.00,0.650,0.660,1073.86,0.07,5,1073.86,4308.20,868.12,-0.0001525,-0.0006804,-0.0013631
1790647560.7,1790647500,60.7,239.3,82945.33,chainlink,82978.64,twap60,,6.348,0.3550,0.280,0.290,185.00,0.710,0.720,938.37,0.07,5,938.37,3575.26,1580.62,0.0000039,-0.0005529,-0.0013050
1790647575.8,1790647500,75.8,224.2,82928.01,chainlink,82978.64,twap60,,6.348,0.2784,0.240,0.250,813.43,0.750,0.760,204.84,0.07,5,204.84,2356.79,3068.85,-0.0001642,-0.0005687,-0.0013091
1790647590.8,1790647500,90.8,209.2,82933.22,chainlink,82978.64,twap60,,6.348,0.2912,0.300,0.310,360.23,0.690,0.700,157.82,0.07,5,345.82,1550.15,2711.23,0.0000660,-0.0002878,-0.0010602
1790647605.8,1790647500,105.8,194.2,82926.42,chainlink,82978.64,twap60,,6.348,0.2538,0.150,0.160,20.00,0.840,0.850,2058.19,0.07,5,2058.19,4275.64,1098.00,-0.0000934,-0.0002241,-0.0008856
1790647620.8,1790647500,120.8,179.2,82960.29,chainlink,82978.64,twap60,,6.348,0.4032,0.560,0.570,60.00,0.430,0.440,102.71,0.07,5,102.71,638.69,424.00,0.0003925,0.0002248,-0.0003620
1790647635.9,1790647500,135.9,164.1,82977.79,chainlink,82978.64,twap60,,6.348,0.4952,0.600,0.610,160.00,0.390,0.400,393.33,0.07,5,393.33,1918.63,637.63,0.0001540,0.0006033,0.0000781
1790647650.9,1790647500,150.9,149.1,82981.81,chainlink,82978.64,twap60,,6.348,0.5190,0.490,0.500,1466.03,0.500,0.510,118.03,0.07,5,118.03,555.03,3538.49,0.0000487,0.0005742,-0.0003183
1790647665.9,1790647500,165.9,134.1,82969.85,chainlink,82978.64,twap60,,6.348,0.4432,0.490,0.500,5.00,0.500,0.510,329.99,0.07,5,561.32,3333.67,750.04,-0.0001474,0.0005078,-0.0004717
1790647681.0,1790647500,181.0,119.0,83008.50,chainlink,82978.64,twap60,,6.348,0.7016,0.740,0.750,110.00,0.250,0.260,485.99,0.07,5,545.99,1712.99,1030.00,0.0004530,0.0005241,0.0000880
1790647696.0,1790647500,196.0,104.0,83013.70,chainlink,82978.64,twap60,,6.348,0.7550,0.790,0.800,61.25,0.200,0.210,662.65,0.07,5,662.65,3243.29,1469.25,0.0000779,0.0004330,0.0004737
1790647710.0,1790647500,210.0,90.0,83000.80,chainlink,82978.64,twap60,,6.348,0.6892,0.660,0.680,20.00,0.280,0.290,144.00,0.07,5,579.02,1236.54,20.00,-0.0001486,0.0002256,0.0003724
1790647725.0,1790647500,225.0,75.0,83001.06,chainlink,82978.64,twap60,,6.348,0.7248,0.760,0.770,7.61,0.230,0.240,459.26,0.07,5,459.26,1369.26,932.61,0.0000396,0.0003633,0.0003760
1790647740.1,1790647500,240.1,59.9,82973.15,chainlink,82978.64,twap60,82973.15,6.348,0.4233,0.150,0.160,27.00,0.850,0.860,522.89,0.07,5,110.10,1985.99,482.00,-0.0003174,-0.0004107,0.0000970
1790647755.1,1790647500,255.1,44.9,82944.81,chainlink,82978.64,twap60,82952.04,6.348,0.0408,0.010,0.020,1210.78,0.980,0.990,100.00,0.07,5,100.00,100.00,3518.88,-0.0002159,-0.0008234,-0.0002338
1790647770.1,1790647500,270.1,29.9,82935.85,chainlink,82978.64,twap60,82949.30,6.348,0.0010,,0.010,40894.98,0.990,,,0.07,5,,,43500.74,-0.0001098,-0.0007464,-0.0004754
1790647785.1,1790647500,285.1,14.9,82949.44,chainlink,82978.64,twap60,82949.82,6.348,0.0010,,0.010,61960.79,0.990,,,0.07,5,,,64224.67,0.0001640,-0.0006032,-0.0006202
1790647815.2,1790647800,15.2,284.8,82955.32,chainlink,82948.49,twap60,,6.375,0.5273,0.560,0.570,942.37,0.430,0.440,35.00,0.07,5,35.00,893.35,3529.69,0.0001834,0.0001250,-0.0002395
1790647830.2,1790647800,30.2,269.8,82946.30,chainlink,82948.49,twap60,,6.375,0.4910,0.440,0.450,288.58,0.550,0.560,143.38,0.07,5,143.38,1154.80,2514.30,-0.0001378,0.0001261,-0.0001301
1790647845.2,1790647800,45.2,254.8,82946.00,chainlink,82948.49,twap60,,6.375,0.4894,0.460,0.470,1554.07,0.530,0.540,61.00,0.07,5,35.00,1453.00,2745.85,-0.0000041,-0.0000175,0.0000120
1790647860.3,1790647800,60.3,239.7,82898.58,chainlink,82948.49,twap60,,6.375,0.2898,0.220,0.230,122.00,0.770,0.780,732.26,0.07,5,732.26,3224.75,1132.18,-0.0005505,-0.0005008,-0.0005193
1790647875.3,1790647800,75.3,224.7,82891.80,chainlink,82948.49,twap60,,6.375,0.2565,0.230,0.240,51.00,0.760,0.770,2098.85,0.07,5,2083.85,4035.72,538.52,-0.0000274,-0.0007951,-0.0004335
1790647890.3,1790647800,90.3,209.7,82917.78,chainlink,82948.49,twap60,,6.375,0.3558,0.320,0.330,230.00,0.670,0.680,400.75,0.07,5,400.75,3449.24,1129.04,0.0002664,-0.0003444,-0.0001977
1790647905.3,1790647800,105.3,194.7,82895.42,chainlink,82948.49,twap60,,6.375,0.2516,0.210,0.220,132.00,0.780,0.790,350.00,0.07,5,350.00,1731.62,1360.00,-0.0002812,-0.0005886,-0.0003897
1790647920.4,1790647800,120.4,179.6,82895.93,chainlink,82948.49,twap60,,6.375,0.2427,0.190,0.200,157.00,0.800,0.810,852.99,0.07,5,852.99,3049.37,1272.84,0.0000205,0.0000224,-0.0008330
1790647935.4,1790647800,135.4,164.6,82876.62,chainlink,82948.49,twap60,,6.375,0.1563,0.140,0.150,1239.22,0.850,0.860,15.00,0.07,5,15.00,928.83,2596.94,-0.0002216,-0.0002301,-0.0012197
1790647950.4,1790647800,150.4,149.6,82922.84,chainlink,82948.49,twap60,,6.375,0.3504,0.470,0.480,160.00,0.520,0.530,607.55,0.07,5,533.99,1240.67,775.00,0.0005435,0.0000495,-0.0007141
1790647965.4,1790647800,165.4,134.6,82972.11,chainlink,82948.49,twap60,,6.375,0.6484,0.640,0.650,70.00,0.350,0.360,218.00,0.07,5,251.33,2349.66,572.99,0.0005035,0.0009390,0.0000144
1790647980.5,1790647800,180.5,119.5,82987.66,chainlink,82948.49,twap60,,6.375,0.7546,0.740,0.750,215.00,0.250,0.260,362.94,0.07,5,373.35,1770.97,1059.93,0.0003033,0.0011173,-0.0002359
1790647995.5,1790647800,195.5,104.5,82984.88,chainlink,82948.49,twap60,,6.375,0.7613,0.700,0.710,116.00,0.290,0.300,341.63,0.07,5,331.63,1515.65,790.00,-0.0000222,0.0012914,-0.0003404
1790648010.5,1790647800,210.5,89.5,82971.53,chainlink,82948.49,twap60,,6.375,0.6963,0.760,0.770,297.64,0.230,0.240,318.66,0.07,5,333.66,623.66,949.77,-0.0001604,0.0004966,-0.0003162
1790648025.5,1790647800,225.5,74.5,83001.56,chainlink,82948.49,twap60,,6.375,0.9219,0.970,0.980,712.34,0.020,0.030,801.22,0.07,5,828.81,2258.91,7672.10,0.0003621,0.0004708,0.0000249
1790648040.5,1790647800,240.5,59.5,83035.48,chainlink,82948.49,twap60,83035.48,6.375,0.9990,0.990,,,,0.010,24956.46,0.07,5,24956.46,27847.92,,0.0003178,0.0005874,0.0008767
1790648055.6,1790647800,255.6,44.4,83008.71,chainlink,82948.49,twap60,83020.70,6.375,0.9990,0.990,,,,0.010,32799.01,0.07,5,32799.01,35548.82,,-0.0003230,0.0002876,0.0007683
1790648070.6,1790647800,270.6,29.4,83027.56,chainlink,82948.49,twap60,83019.73,6.375,0.9990,0.990,,,,0.010,57338.09,0.07,5,57338.09,59888.66,,0.0002201,0.0006753,0.0011053
1790648085.6,1790647800,285.6,14.4,83012.15,chainlink,82948.49,twap60,83019.81,6.375,0.9990,0.990,,,,0.010,77408.61,0.07,5,77408.61,79914.18,,-0.0001527,0.0000368,0.0007797
1790648115.7,1790648100,15.7,284.3,82996.53,chainlink,83016.37,twap60,,6.434,0.4218,0.380,0.390,2351.99,0.610,0.620,10.26,0.07,5,10.26,373.26,4236.39,0.0001671,-0.0001537,0.0004675
1790648130.7,1790648100,30.7,269.3,83021.60,chainlink,83016.37,twap60,,6.434,0.5214,0.440,0.450,52.77,0.550,0.560,1792.03,0.07,5,1792.03,4579.42,591.67,0.0003010,-0.0000389,0.0009069
1790648145.7,1790648100,45.7,254.3,82997.40,chainlink,83016.37,twap60,,6.434,0.4202,0.400,0.410,851.99,0.590,0.600,112.00,0.07,5,92.00,1155.00,3508.56,-0.0002765,-0.0001651,0.0006409
1790648160.7,1790648100,60.7,239.3,83037.41,chainlink,83016.37,twap60,,6.434,0.5916,0.580,0.590,805.64,0.410,0.420,45.00,0.07,5,45.00,711.00,3722.93,0.0004567,0.0006595,0.0017277
1790648175.7,1790648100,75.7,224.3,83058.47,chainlink,83016.37,twap60,,6.434,0.6851,0.610,0.620,885.56,0.380,0.390,5.00,0.07,5,5.00,15.00,4364.55,0.0002696,0.0007450,0.0019618
1790648190.8,1790648100,90.8,209.2,83037.13,chainlink,83016.37,twap60,,6.434,0.5979,0.580,0.590,15.00,0.410,0.420,1928.09,0.07,5,1928.09,4205.73,2045.00,-0.0002485,0.0002020,0.0014268
1790648205.8,1790648100,105.8,194.2,83011.84,chainlink,83016.37,twap60,,6.434,0.4774,0.540,0.550,1776.30,0.450,0.460,10.00,0.07,5,10.00,900.31,3636.99,-0.0003048,0.0001487,0.0014177
1790648220.8,1790648100,120.8,179.2,83032.29,chainlink,83016.37,twap60,,6.434,0.5831,0.540,0.550,205.00,0.450,0.460,386.00,0.07,5,386.00,1482.06,2253.76,0.0002399,-0.0000457,0.0016550
1790648235.8,1790648100,135.8,164.2,83015.80,chainlink,83016.37,twap60,,6.434,0.4968,0.510,0.520,1531.06,0.480,0.490,303.05,0.07,5,303.05,1231.05,3190.04,-0.0001985,-0.0005054,0.0016639
1790648250.8,1790648100,150.8,149.2,83004.46,chainlink,83016.37,twap60,,6.434,0.4297,0.350,0.360,225.62,0.640,0.650,1112.00,0.07,5,1112.00,2919.53,2199.79,-0.0001401,-0.0003937,0.0008934
1790648265.8,1790648100,165.8,134.2,83010.01,chainlink,83016.37,twap60,,6.434,0.4595,0.380,0.390,179.15,0.610,0.620,1562.09,0.07,5,1554.56,3602.56,1678.30,0.0000549,-0.0000284,0.0005726
1790648280.9,1790648100,180.9,119.1,83009.79,chainlink,83016.37,twap60,,6.434,0.4543,0.280,0.290,394.59,0.710,0.720,569.85,0.07,5,569.85,2082.99,1695.89,0.0000086,-0.0002708,0.0002780
1790648295.9,1790648100,195.9,104.1,82992.73,chainlink,83016.37,twap60,,6.434,0.3232,0.150,0.160,110.66,0.820,0.840,5.00,0.07,5,119.34,1491.87,765.01,-0.0001073,-0.0002814,0.0000950
1790648310.9,1790648100,210.9,89.1,83006.71,chainlink,83016.37,twap60,,6.434,0.4152,0.410,0.420,827.46,0.580,0.590,92.00,0.07,5,97.00,362.00,3150.28,0.0001650,0.0000150,0.0004241
1790648325.9,1790648100,225.9,74.1,83029.95,chainlink,83016.37,twap60,,6.434,0.6412,0.890,0.900,50.00,0.100,0.110,257.93,0.07,5,257.93,1811.79,1503.22,0.0002594,0.0002513,0.0002512
1790648341.0,1790648100,241.0,59.0,83039.80,chainlink,83016.37,twap60,83039.80,6.434,0.7979,0.900,0.910,345.61,0.090,0.100,50.00,0.07,5,50.00,650.00,1434.61,0.0000764,0.0004597,0.0000514
1790648356.0,1790648100,256.0,44.0,83056.52,chainlink,83016.37,twap60,83048.34,6.434,0.9821,0.990,,,,0.010,4944.93,0.07,5,4944.93,7391.06,,0.0002051,0.0007649,0.0005689
1790648371.0,1790648100,271.0,29.0,83024.89,chainlink,83016.37,twap60,83041.70,6.434,0.9623,0.990,,,,0.010,10841.09,0.07,5,10841.09,13912.54,,-0.0003481,0.0001985,0.0000007
1790648385.0,1790648100,285.0,15.0,83059.10,chainlink,83016.37,twap60,83042.08,6.434,0.9990,0.990,,,,0.010,63683.07,0.07,5,63683.07,67103.32,,0.0003948,0.0003089,0.0005780
1790648415.0,1790648400,15.0,285.0,83091.03,chainlink,83044.65,twap60,,6.067,0.6874,0.740,0.750,203.31,0.250,0.260,1462.92,0.07,5,1409.59,3361.59,1382.24,0.0003036,0.0004482,0.0011369
1790648430.1,1790648400,30.1,269.9,83098.14,chainlink,83044.65,twap60,,6.067,0.7195,0.730,0.740,120.44,0.260,0.270,1435.57,0.07,5,1435.57,3121.67,2667.07,0.0000636,0.0008646,0.0009365
1790648445.1,1790648400,45.1,254.9,83116.65,chainlink,83044.65,twap60,,6.067,0.7909,0.810,0.820,589.95,0.180,0.190,456.00,0.07,5,356.00,1757.63,3816.00,0.0002514,0.0007190,0.0014106
1790648460.1,1790648400,60.1,239.9,83101.21,chainlink,83044.65,twap60,,6.067,0.7452,0.760,0.770,388.00,0.230,0.240,517.32,0.07,5,542.32,3845.09,2241.38,-0.0002035,0.0004261,0.0007841
1790648475.1,1790648400,75.1,224.9,83097.69,chainlink,83044.65,twap60,,6.067,0.7399,0.780,0.790,1700.27,0.210,0.220,45.00,0.07,5,45.00,699.00,3543.16,-0.0000441,0.0000582,0.0004806
1790648490.1,1790648400,90.1,209.9,83080.50,chainlink,83044.65,twap60,,6.067,0.6748,0.570,0.580,1405.66,0.420,0.430,140.00,0.07,5,140.00,220.00,4537.08,-0.0002137,-0.0001837,0.0005219
1790648505.2,1790648400,105.2,194.8,83045.40,chainlink,83044.65,twap60,,6.067,0.5040,0.330,0.340,36.00,0.660,0.670,1955.99,0.07,5,1955.99,3670.27,515.10,-0.0002485,-0.0008754,0.0003978
1790648520.2,1790648400,120.2,179.8,83003.98,chainlink,83044.65,twap60,,6.067,0.2854,0.240,0.250,148.29,0.750,0.760,555.66,0.07,5,555.66,3364.23,2036.61,-0.0002633,-0.0011724,-0.0003409
1790648535.2,1790648400,135.2,164.8,82924.85,chainlink,83044.65,twap60,,6.067,0.0386,0.030,0.040,1760.67,0.960,0.970,712.17,0.07,5,712.17,10187.32,4343.17,-0.0009462,-0.0020888,-0.0010996
1790648550.2,1790648400,150.2,149.8,82902.57,chainlink,83044.65,twap60,,6.067,0.0127,0.010,0.020,295.04,0.980,0.990,567.20,0.07,5,562.20,562.20,1937.16,-0.0001751,-0.0019700,-0.0012404
1790648565.2,1790648400,165.2,134.8,82885.37,chainlink,83044.65,twap60,,6.067,0.0035,,0.010,728.76,0.990,,,0.07,5,,,2602.49,-0.0002568,-0.0016933,-0.0014915
1790648580.3,1790648400,180.3,119.7,82919.09,chainlink,83044.65,twap60,,6.067,0.0102,,0.010,6160.62,0.990,,,0.07,5,,,6810.71,0.0003364,-0.0010157,-0.0009950
1790648595.3,1790648400,195.3,104.7,82928.13,chainlink,83044.65,twap60,,6.067,0.0085,,0.010,5753.72,0.990,,,0.07,5,,,7424.92,0.0000913,0.0001332,-0.0007821
1790648610.3,1790648400,210.3,89.7,82946.01,chainlink,83044.65,twap60,,6.067,0.0105,,0.010,6824.66,0.990,,,0.07,5,,,8680.93,0.0002107,0.0004746,-0.0007521
1790648625.3,1790648400,225.3,74.7,82964.55,chainlink,83044.65,twap60,,6.067,0.0125,,0.010,6517.66,0.990,,,0.07,5,,,10530.75,0.0001199,0.0008844,-0.0008302
1790648640.3,1790648400,240.3,59.7,82976.91,chainlink,83044.65,twap60,82974.42,6.067,0.0059,,0.010,4760.91,0.990,,,0.07,5,,,8648.00,0.0000490,0.0006794,-0.0007539
1790648655.4,1790648400,255.4,44.6,82989.97,chainlink,83044.65,twap60,82985.55,6.067,0.0010,,0.010,19407.89,0.990,,,0.07,5,,,23734.03,0.0001788,0.0007406,-0.0007687
1790648670.4,1790648400,270.4,29.6,82989.51,chainlink,83044.65,twap60,82987.11,6.067,0.0010,,0.010,70245.94,0.990,,,0.07,5,,,73958.20,-0.0000087,0.0004207,-0.0004435
1790648685.4,1790648400,285.4,14.6,82963.33,chainlink,83044.65,twap60,82983.66,6.067,0.0010,,0.010,77835.98,0.990,,,0.07,5,,,82138.92,-0.0003611,-0.0001147,-0.0011274
1790648715.5,1790648700,15.5,284.5,82930.65,chainlink,82979.63,twap60,,6.303,0.3096,0.270,0.280,880.68,0.720,0.730,273.00,0.07,5,273.00,2577.00,3179.77,-0.0004080,-0.0007182,-0.0019540
1790648730.5,1790648700,30.5,269.5,82943.62,chainlink,82979.63,twap60,,6.303,0.3531,0.310,0.320,1548.97,0.680,0.690,173.70,0.07,5,173.70,1815.50,3232.34,0.0001668,-0.0005986,-0.0018326
1790648745.5,1790648700,45.5,254.5,82955.69,chainlink,82979.63,twap60,,6.303,0.3977,0.390,0.400,379.84,0.600,0.610,10.00,0.07,5,10.00,794.06,1580.50,0.0001675,-0.0000954,-0.0019563
1790648760.5,1790648700,60.5,239.5,82959.67,chainlink,82979.63,twap60,,6.303,0.4113,0.420,0.430,969.03,0.570,0.580,15.00,0.07,5,15.00,932.98,4887.61,0.0000734,-0.0000580,-0.0017063
1790648775.5,1790648700,75.5,224.5,82959.23,chainlink,82979.63,twap60,,6.303,0.4059,0.410,0.420,66.00,0.580,0.590,776.42,0.07,5,776.42,3286.86,1962.81,-0.0000069,0.0003551,-0.0016743
1790648790.6,1790648700,90.6,209.4,82937.82,chainlink,82979.63,twap60,,6.303,0.3052,0.230,0.240,1143.24,0.760,0.770,226.70,0.07,5,226.70,2156.92,3172.29,-0.0002583,-0.0000479,-0.0015448
1790648805.6,1790648700,105.6,194.4,82936.97,chainlink,82979.63,twap60,,6.303,0.2930,0.280,0.290,39.00,0.710,0.720,1708.91,0.07,5,1738.91,3943.17,1316.09,0.0000306,-0.0002003,-0.0010709
1790648820.6,1790648700,120.6,179.4,82939.45,chainlink,82979.63,twap60,,6.303,0.2946,0.190,0.200,972.84,0.800,0.810,299.42,0.07,5,304.42,3299.10,2072.54,0.0000069,-0.0002454,-0.0007702
1790648835.6,1790648700,135.6,164.4,82931.35,chainlink,82979.63,twap60,,6.303,0.2461,0.220,0.230,1439.22,0.770,0.780,10.00,0.07,5,10.00,1058.08,3492.38,0.0002110,-0.0003364,0.0001720
1790648850.6,1790648700,150.6,149.4,82943.52,chainlink,82979.63,twap60,,6.303,0.2919,0.340,0.350,35.00,0.650,0.660,1265.45,0.07,5,1265.45,3149.82,721.00,0.0000870,0.0001096,0.0004446
1790648865.7,1790648700,165.7,134.3,82943.07,chainlink,82979.63,twap60,,6.303,0.2752,0.180,0.190,1292.18,0.810,0.820,88.58,0.07,5,88.58,1058.97,2814.44,-0.0001353,0.0000505,0.0006255
1790648880.7,1790648700,180.7,119.3,82923.16,chainlink,82979.63,twap60,,6.303,0.1572,0.080,0.090,465.94,0.910,0.920,81.98,0.07,5,81.98,3095.28,3301.06,-0.0002333,0.0001122,0.0000314
1790648895.7,1790648700,195.7,104.3,82902.88,chainlink,82979.63,twap60,,6.303,0.0644,0.020,0.030,925.37,0.970,0.980,49.82,0.07,5,49.82,7208.43,3142.96,-0.0002446,-0.0004032,-0.0003094
1790648910.7,1790648700,210.7,89.3,82904.59,chainlink,82979.63,twap60,,6.303,0.0449,0.010,0.020,130.72,0.980,0.990,5646.34,0.07,5,5646.34,5646.34,1508.27,0.0000232,-0.0005994,-0.0006031
1790648925.8,1790648700,225.8,74.3,82920.33,chainlink,82979.63,twap60,,6.303,0.0540,0.010,0.020,1635.98,0.980,0.990,2436.76,0.07,5,2436.76,2436.76,5164.82,0.0001860,-0.0002674,-0.0006331
1790648940.8,1790648700,240.8,59.2,82909.42,chainlink,82979.63,twap60,82909.42,6.303,0.0056,,0.010,9825.68,0.990,,,0.07,5,,,12047.54,-0.0001214,-0.0001656,-0.0007922
1790648955.8,1790648700,255.8,44.2,82907.72,chainlink,82979.63,twap60,82910.61,6.303,0.0010,,0.010,33843.77,0.990,,,0.07,5,,,36097.24,-0.0000226,0.0000610,-0.0009947
1790648970.8,1790648700,270.8,29.2,82920.59,chainlink,82979.63,twap60,82912.92,6.303,0.0010,,0.001,25213.41,0.999,,,0.07,5,,,87710.93,0.0001555,0.0001891,-0.0008764
1790648985.8,1790648700,285.8,14.2,82915.62,chainlink,82979.63,twap60,82914.23,6.303,0.0010,,0.001,33499.90,0.999,,,0.07,5,,,96784.76,-0.0000604,-0.0000467,-0.0005785
1790649015.9,1790649000,15.9,284.1,82955.28,chainlink,82916.56,twap60,,5.996,0.6603,0.700,0.710,664.09,0.290,0.300,108.16,0.07,5,108.16,1476.31,4044.61,0.0002062,0.0005739,0.0003075
1790649030.9,1790649000,30.9,269.1,82954.70,chainlink,82916.56,twap60,,5.996,0.6628,0.750,0.760,1.85,0.240,0.250,1051.65,0.07,5,1051.65,4332.72,1438.80,-0.0000120,0.0004108,0.0001556
1790649045.9,1790649000,45.9,254.1,82977.09,chainlink,82916.56,twap60,,5.996,0.7549,0.720,0.730,638.83,0.270,0.280,1015.00,0.07,5,15.00,559.00,2332.33,0.0002660,0.0007393,0.0002834
1790649061.0,1790649000,61.0,239.0,82947.91,chainlink,82916.56,twap60,,5.996,0.6445,0.540,0.550,1750.24,0.450,0.460,59.23,0.07,5,59.23,2871.50,3803.24,-0.0002539,0.0001173,-0.0001434
1790649076.0,1790649000,76.0,224.0,82918.46,chainlink,82916.56,twap60,,5.996,0.5093,0.460,0.470,927.17,0.530,0.540,125.00,0.07,5,125.00,1608.55,2745.12,-0.0002813,-0.0004490,-0.0004918
1790649091.0,1790649000,91.0,209.0,82928.75,chainlink,82916.56,twap60,,5.996,0.5621,0.490,0.500,32.00,0.500,0.510,1975.00,0.07,5,1975.00,3574.56,954.12,0.0001453,-0.0003335,-0.0000556
1790649105.0,1790649000,105.0,195.0,82933.61,chainlink,82916.56,twap60,,5.996,0.5903,0.690,0.710,60.00,0.290,0.310,716.14,0.07,5,716.14,2777.40,1040.00,0.0000627,-0.0004263,-0.0000635
1790649120.0,1790649000,120.0,180.0,82939.06,chainlink,82916.56,twap60,,5.996,0.6244,0.660,0.670,2570.88,0.330,0.340,45.00,0.07,5,5.00,50.00,5450.74,-0.0001205,-0.0000329,0.0003040
1790649135.1,1790649000,135.1,164.9,82922.81,chainlink,82916.56,twap60,,5.996,0.5371,0.480,0.490,408.00,0.510,0.520,278.91,0.07,5,263.45,2872.45,1939.26,-0.0002396,0.0000693,-0.0001628
1790649150.1,1790649000,150.1,149.9,82926.35,chainlink,82916.56,twap60,,5.996,0.5618,0.600,0.610,1.80,0.390,0.400,1815.60,0.07,5,1860.60,3930.40,127.80,0.0000928,-0.0000249,-0.0003369
1790649165.1,1790649000,165.1,134.9,82924.13,chainlink,82916.56,twap60,,5.996,0.5515,0.460,0.470,682.99,0.530,0.540,90.00,0.07,5,90.00,1915.31,1870.82,-0.0000660,-0.0003005,-0.0002216
1790649180.1,1790649000,180.1,119.9,82916.85,chainlink,82916.56,twap60,,5.996,0.5021,0.400,0.410,470.48,0.590,0.600,5.00,0.07,5,5.00,120.00,2760.47,-0.0000192,-0.0003115,-0.0000761
1790649195.2,1790649000,195.2,104.8,82921.56,chainlink,82916.56,twap60,,5.996,0.5412,0.480,0.490,95.00,0.510,0.520,1209.69,0.07,5,1214.69,2438.49,623.00,0.0000589,0.0000351,0.0002279
1790649210.2,1790649000,210.2,89.8,82895.21,chainlink,82916.56,twap60,,5.996,0.3069,0.230,0.240,154.79,0.760,0.770,320.00,0.07,5,320.00,612.82,1403.48,-0.0003095,-0.0004148,-0.0001171
1790649225.2,1790649000,225.2,74.8,82888.06,chainlink,82916.56,twap60,,5.996,0.2102,0.200,0.210,620.09,0.790,0.800,5.00,0.07,5,5.00,477.85,1596.41,-0.0000866,-0.0003664,-0.0003792
1790649240.2,1790649000,240.2,59.8,82894.33,chainlink,82916.56,twap60,82894.33,5.996,0.2023,0.070,0.080,207.00,0.920,0.930,38.28,0.07,5,38.28,1571.40,904.00,-0.0000477,-0.0002695,-0.0001842
1790649255.2,1790649000,255.2,44.8,82880.91,chainlink,82916.56,twap60,82885.72,5.996,0.0232,,0.010,11162.92,0.990,,,0.07,5,,,13771.23,-0.0001400,-0.0004819,-0.0003230
1790649270.3,1790649000,270.3,29.8,82880.59,chainlink,82916.56,twap60,82882.77,5.996,0.0010,,0.010,34045.01,0.990,,,0.07,5,,,36890.26,0.0000161,-0.0001766,-0.0004829
1790649285.3,1790649000,285.3,14.7,82909.66,chainlink,82916.56,twap60,82887.87,5.996,0.0010,,0.010,63865.08,0.990,,,0.07,5,,,66982.13,0.0002452,0.0001372,-0.0000737
1790649315.3,1790649300,15.3,284.7,82880.33,chainlink,82886.17,twap60,,5.854,0.4746,0.420,0.430,5.00,0.550,0.580,1331.20,0.07,5,1421.20,3497.34,344.35,0.0002645,0.0000130,-0.0009089
1790649330.3,1790649300,30.3,269.7,82878.39,chainlink,82886.17,twap60,,5.854,0.4651,0.490,0.500,90.00,0.500,0.510,413.03,0.07,5,413.03,2010.65,950.01,0.0000762,-0.0001320,-0.0009242
1790649345.4,1790649300,45.4,254.6,82897.02,chainlink,82886.17,twap60,,5.854,0.5504,0.460,0.470,530.32,0.530,0.540,5.00,0.07,5,5.00,1541.00,3825.73,0.0001516,0.0001186,-0.0008676
1790649360.4,1790649300,60.4,239.6,82909.44,coinbase,82886.17,twap60,,5.854,0.6108,0.580,0.590,849.73,0.410,0.420,35.00,0.07,5,35.00,1190.00,2848.53,0.0001703,0.0005920,-0.0004342
1790649375.4,1790649300,75.4,224.6,82898.74,coinbase,82886.17,twap60,,5.854,0.5628,0.500,0.510,950.79,0.490,0.500,29.99,0.07,5,29.99,837.00,3534.50,-0.0001291,0.0001274,-0.0002142
1790649390.4,1790649300,90.4,209.6,82884.43,chainlink,82886.17,twap60,,5.854,0.4909,0.460,0.470,313.28,0.530,0.540,1140.00,0.07,5,1140.00,1851.56,1387.64,,-0.0000003,-0.0005305
1790649405.5,1790649300,105.5,194.5,82882.92,chainlink,82886.17,twap60,,5.854,0.4822,0.460,0.470,1523.18,0.530,0.540,35.00,0.07,5,35.00,2026.62,2558.22,-0.0000235,-0.0001634,-0.0007976
1790649420.5,1790649300,120.5,179.5,82878.56,chainlink,82886.17,twap60,,5.854,0.4562,0.540,0.550,1726.63,0.450,0.460,68.92,0.07,5,68.92,248.92,2692.04,-0.0000450,,-0.0007733
1790649435.5,1790649300,135.5,164.5,82900.92,chainlink,82886.17,twap60,,5.854,0.5893,0.640,0.650,5.00,0.350,0.360,81.33,0.07,5,76.33,1975.58,160.00,0.0001919,,-0.0002139
1790649450.5,1790649300,150.5,149.5,82912.43,chainlink,82886.17,twap60,,5.854,0.6660,0.670,0.680,1267.20,0.320,0.330,55.00,0.07,5,55.00,596.57,3793.82,0.0001311,0.0003326,-0.0002071
1790649465.5,1790649300,165.5,134.5,82900.04,chainlink,82886.17,twap60,,5.854,0.5964,0.700,0.710,52.34,0.290,0.300,1469.55,0.07,5,1469.55,2174.55,496.82,-0.0001240,0.0002142,-0.0002218
1790649480.6,1790649300,180.6,119.4,82917.48,chainlink,82886.17,twap60,,5.854,0.7258,0.840,0.850,780.28,0.150,0.160,130.00,0.07,5,30.00,600.68,2642.86,0.0001922,0.0003917,0.0000097
1790649495.6,1790649300,195.6,104.4,82918.97,chainlink,82886.17,twap60,,5.854,0.7575,0.870,0.880,95.10,0.120,0.130,880.40,0.07,5,880.40,1785.40,2225.24,0.0000180,0.0002100,-0.0000228
1790649510.6,1790649300,210.6,89.4,82927.97,chainlink,82886.17,twap60,,5.854,0.8452,0.980,0.990,1739.56,0.010,0.020,1091.16,0.07,5,1091.16,4914.71,1739.56,0.0001045,0.0002128,0.0003949
1790649525.6,1790649300,225.6,74.4,82947.52,chainlink,82886.17,twap60,,5.854,0.9631,0.980,0.990,16.76,0.010,0.020,692.55,0.07,5,692.55,2843.40,16.76,0.0000232,0.0005544,0.0005937
1790649540.7,1790649300,240.7,59.3,82948.23,chainlink,82886.17,twap60,82951.12,5.854,0.9921,0.990,,,,0.010,23919.25,0.07,5,23919.25,26914.38,,0.0000157,0.0003708,0.0006719
1790649555.7,1790649300,255.7,44.3,82986.43,chainlink,82886.17,twap60,82972.80,5.854,0.9990,0.990,,,,0.010,37738.29,0.07,5,37738.29,40870.41,,0.0003623,0.0008092,0.0012923
1790649570.7,1790649300,270.7,29.3,82962.62,chainlink,82886.17,twap60,82968.25,5.854,0.9990,0.990,,,,0.010,66632.38,0.07,5,66632.38,69153.71,,-0.0001518,0.0002053,0.0008839
1790649585.7,1790649300,285.7,14.3,82946.25,chainlink,82886.17,twap60,82965.40,5.854,0.9990,0.990,,,,0.010,66732.08,0.07,5,66732.08,68918.41,,-0.0001912,-0.0000082,0.0007123
1790649615.8,1790649600,15.8,284.2,82928.60,chainlink,82958.42,twap60,,5.858,0.3723,0.330,0.340,134.00,0.660,0.670,467.92,0.07,5,467.92,2902.58,2348.14,-0.0000627,-0.0005620,0.0006818
1790649630.8,1790649600,30.8,269.2,82934.88,chainlink,82958.42,twap60,,5.858,0.3954,0.370,0.380,1031.27,0.630,0.640,75.00,0.07,5,5.00,909.00,3658.65,0.0000754,-0.0003282,0.0006083
1790649645.8,1790649600,45.8,254.2,82957.67,chainlink,82958.42,twap60,,5.858,0.4965,0.460,0.470,1880.63,0.530,0.540,115.00,0.07,5,115.00,245.00,3182.27,0.0002655,0.0002627,0.0007380
1790649660.8,1790649600,60.8,239.2,82932.72,chainlink,82958.42,twap60,,5.858,0.3779,0.300,0.310,306.41,0.690,0.700,110.57,0.07,5,110.57,601.57,2718.80,-0.0002837,-0.0000130,
1790649675.9,1790649600,75.9,224.1,82923.64,chainlink,82958.42,twap60,,5.858,0.3309,0.280,0.290,1263.96,0.710,0.720,63.27,0.07,5,63.27,2218.27,3742.55,-0.0000934,-0.0000602,
1790649690.9,1790649600,90.9,209.1,82914.52,chainlink,82958.42,twap60,,5.858,0.2822,0.220,0.230,1244.00,0.770,0.780,71.23,0.07,5,259.23,1909.91,3176.06,-0.0001083,-0.0002547,0.0003578
1790649705.9,1790649600,105.9,194.1,82928.02,chainlink,82958.42,twap60,,5.858,0.3380,0.300,0.310,885.11,0.690,0.700,45.00,0.07,5,40.00,1141.22,3603.51,0.0001623,-0.0003403,0.0005516
1790649720.9,1790649600,120.9,179.1,82951.80,chainlink,82958.42,twap60,,5.858,0.4618,0.450,0.460,48.33,0.540,0.550,934.30,0.07,5,842.30,2263.34,138.33,0.0002831,0.0002461,0.0008055
1790649736.0,1790649600,136.0,164.0,82981.68,chainlink,82958.42,twap60,,5.858,0.6393,0.670,0.680,1031.13,0.320,0.330,26.55,0.07,5,26.55,301.55,3340.13,0.0003303,0.0007013,0.0009659
1790649751.0,1790649600,151.0,149.0,82957.26,chainlink,82958.42,twap60,,5.858,0.4924,0.460,0.470,115.62,0.530,0.540,385.00,0.07,5,370.00,1754.10,1163.49,-0.0002946,0.0005148,0.0005658
1790649765.0,1790649600,165.0,135.0,82939.71,chainlink,82958.42,twap60,,5.858,0.3716,0.240,0.250,300.00,0.750,0.760,464.46,0.07,5,464.46,2508.14,2342.60,-0.0001882,0.0001373,0.0004603
1790649780.0,1790649600,180.0,120.0,82924.76,chainlink,82958.42,twap60,,5.858,0.2603,0.130,0.140,50.00,0.860,0.870,1124.98,0.07,5,1124.98,2784.16,793.00,-0.0001088,-0.0003558,0.0000879
1790649795.0,1790649600,195.0,105.0,82918.58,chainlink,82958.42,twap60,,5.858,0.1994,0.140,0.150,529.11,0.850,0.860,338.23,0.07,5,338.23,1738.52,1979.47,-0.0000214,-0.0007609,-0.0000088
1790649810.1,1790649600,210.1,89.9,82931.29,chainlink,82958.42,twap60,,5.858,0.2561,0.330,0.340,30.00,0.680,0.690,249.99,0.07,5,489.99,2692.30,216.00,0.0001196,-0.0002897,-0.0001725
1790649825.1,1790649600,225.1,74.9,82940.36,chainlink,82958.42,twap60,,5.858,0.3010,0.250,0.260,46.46,0.740,0.750,192.12,0.07,5,192.12,807.85,46.46,0.0000081,0.0000793,-0.0000792
1790649840.1,1790649600,240.1,59.9,82960.94,chainlink,82958.42,twap60,82960.94,5.858,0.5385,0.490,0.500,117.14,0.500,0.510,996.75,0.07,5,996.75,1326.75,415.14,0.0002632,0.0004894,0.0000550
1790649855.1,1790649600,255.1,44.9,82963.97,chainlink,82958.42,twap60,82962.95,5.858,0.6227,0.700,0.710,90.16,0.290,0.300,76.00,0.07,5,76.00,195.00,184.39,0.0000222,0.0005136,-0.0001356
1790649870.2,1790649600,270.2,29.8,82952.80,chainlink,82958.42,twap60,82961.02,5.858,0.4358,0.620,0.630,100.00,0.370,0.380,201.76,0.07,5,201.76,473.76,100.00,-0.0001351,0.0001580,-0.0001123
1790649885.2,1790649600,285.2,14.8,82979.17,chainlink,82958.42,twap60,82962.11,5.858,0.9931,0.990,,,,0.010,28902.64,0.07,5,28902.64,30916.71,,0.0003013,0.0004829,0.0005218
1790649915.2,1790649900,15.2,284.8,83009.51,chainlink,82969.13,twap60,,5.318,0.6863,0.660,0.670,45.00,0.330,0.340,1567.92,0.07,5,1567.92,3171.47,966.00,0.0001887,0.0005484,0.0009748
1790649930.2,1790649900,30.2,269.8,83023.90,chainlink,82969.13,twap60,,5.318,0.7516,0.780,0.790,228.00,0.210,0.220,121.34,0.07,5,78.60,1595.16,2545.59,0.0002022,0.0008403,0.0010636
1790649945.3,1790649900,45.3,254.7,83045.70,chainlink,82969.13,twap60,,5.318,0.8371,0.860,0.870,578.36,0.130,0.140,99.27,0.07,5,99.27,1369.27,4172.06,0.0003059,0.0006506,0.0010777
1790649960.3,1790649900,60.3,239.7,83043.37,chainlink,82969.13,twap60,,5.318,0.8384,0.880,0.890,428.00,0.110,0.120,232.52,0.07,5,232.52,3032.62,3268.67,-0.0000650,0.0005965,0.0013494
1790649975.3,1790649900,75.3,224.7,83048.31,chainlink,82969.13,twap60,,5.318,0.8633,0.890,0.900,335.50,0.100,0.110,739.17,0.07,5,744.17,3251.72,2224.23,0.0000098,0.0004962,0.0015040
1790649990.3,1790649900,90.3,209.7,83053.30,chainlink,82969.13,twap60,,5.318,0.8878,0.910,0.920,239.00,0.080,0.090,748.29,0.07,5,718.29,3052.24,2770.06,0.0000168,0.0003973,0.0016718
1790650005.3,1790649900,105.3,194.7,83066.01,chainlink,82969.13,twap60,,5.318,0.9285,0.900,0.910,202.04,0.090,0.100,70.27,0.07,5,70.27,1513.87,3296.35,0.0001503,0.0002076,0.0016590
1790650020.4,1790649900,120.4,179.6,83066.83,chainlink,82969.13,twap60,,5.318,0.9400,0.930,0.940,600.66,0.060,0.070,270.00,0.07,5,439.00,2794.89,4311.25,0.0000964,0.0002328,0.0013559
1790650035.4,1790649900,135.4,164.6,83062.53,chainlink,82969.13,twap60,,5.318,0.9422,0.830,0.840,847.75,0.160,0.170,24.00,0.07,5,24.00,252.41,2404.16,-0.0000268,0.0001280,0.0009736
1790650050.4,1790649900,150.4,149.6,83021.33,chainlink,82969.13,twap60,,5.318,0.8258,0.800,0.810,957.13,0.190,0.200,79.75,0.07,5,79.75,502.02,2862.66,-0.0004467,-0.0003876,0.0007955
1790650065.4,1790649900,165.4,134.6,83017.32,chainlink,82969.13,twap60,,5.318,0.8243,0.870,0.880,57.00,0.120,0.130,791.35,0.07,5,791.35,3414.90,1844.53,-0.0000508,-0.0004997,0.0010068
1790650080.5,1790649900,180.5,119.5,83024.39,chainlink,82969.13,twap60,,5.318,0.8780,0.910,0.920,129.00,0.080,0.090,862.73,0.07,5,862.73,2264.19,2455.58,0.0000827,-0.0004861,0.0012539
1790650095.5,1790649900,195.5,104.5,83033.79,chainlink,82969.13,twap60,,5.318,0.9349,0.930,0.940,121.60,0.060,0.070,1124.58,0.07,5,1124.58,3004.53,2661.19,0.0001210,-0.0002967,0.0013548
1790650110.5,1790649900,210.5,89.5,83040.20,chainlink,82969.13,twap60,,5.318,0.9712,0.980,0.990,2422.77,0.010,0.020,1200.20,0.07,5,1200.20,3408.48,2422.77,0.0001144,0.0002247,0.0012111
1790650125.5,1790649900,225.5,74.5,83027.01,chainlink,82969.13,twap60,,5.318,0.9681,0.990,,,,0.010,5259.91,0.07,5,5259.91,7103.86,,-0.0001530,0.0001143,0.0010593
1790650140.5,1790649900,240.5,59.5,83040.48,chainlink,82969.13,twap60,83040.48,5.318,0.9988,0.990,,,,0.010,25972.76,0.07,5,25972.76,28703.80,,0.0000944,0.0002016,0.0009440
1790650155.6,1790649900,255.6,44.4,83008.37,chainlink,82969.13,twap60,83022.37,5.318,0.9977,0.990,,,,0.010,30518.42,0.07,5,30518.42,33252.46,,-0.0003870,-0.0002690,0.0005346
1790650170.6,1790649900,270.6,29.4,83021.84,chainlink,82969.13,twap60,83018.73,5.318,0.9990,0.990,,,,0.010,46731.10,0.07,5,46731.10,48802.82,,0.0001608,-0.0002154,0.0008154
1790650185.6,1790649900,285.6,14.4,83015.19,chainlink,82969.13,twap60,83019.35,5.318,0.9990,0.990,,,,0.010,71734.51,0.07,5,71734.51,73853.31,,-0.0001205,-0.0002102,0.0002832
1790650215.6,1790650200,15.6,284.4,82969.72,chainlink,83020.13,twap60,,5.454,0.2772,0.250,0.260,941.00,0.740,0.750,433.00,0.07,5,433.00,2300.55,2639.98,-0.0002437,-0.0004672,-0.0004506
1790650230.7,1790650200,30.7,269.3,82971.93,chainlink,83020.13,twap60,,5.454,0.2797,0.260,0.270,82.00,0.730,0.740,933.30,0.07,5,933.30,3200.92,2045.00,0.0000442,-0.0006418,-0.0005829
1790650245.7,1790650200,45.7,254.3,82970.61,chainlink,83020.13,twap60,,5.454,0.2676,0.220,0.230,685.55,0.770,0.780,18.53,0.07,5,48.53,1769.08,1801.40,-0.0000176,-0.0005309,-0.0009415
1790650260.7,1790650200,60.7,239.3,82949.03,chainlink,83020.13,twap60,,5.454,0.1779,0.170,0.180,610.53,0.820,0.830,122.95,0.07,5,122.95,1777.95,2692.53,-0.0002961,-0.0004930,-0.0011863
1790650275.7,1790650200,75.7,224.3,82971.28,chainlink,83020.13,twap60,,5.454,0.2547,0.240,0.250,83.00,0.750,0.760,861.60,0.07,5,861.60,2210.67,1147.00,0.0001842,0.0000365,-0.0009711
1790650290.7,1790650200,90.7,209.3,82971.66,chainlink,83020.13,twap60,,5.454,0.2473,0.130,0.140,373.00,0.860,0.870,263.92,0.07,5,263.92,2906.42,2277.22,0.0000203,-0.0000050,-0.0009861
1790650305.8,1790650200,105.8,194.2,82938.43,chainlink,83020.13,twap60,,5.454,0.1139,0.070,0.080,690.68,0.920,0.930,68.64,0.07,5,68.64,2814.48,3065.49,-0.0004100,-0.0004239,-0.0014505
1790650320.8,1790650200,120.8,179.2,82905.66,chainlink,83020.13,twap60,,5.454,0.0376,0.020,0.030,1790.18,0.970,0.980,101.43,0.07,5,101.43,2545.63,4125.32,-0.0003595,-0.0006070,-0.0019171
1790650335.8,1790650200,135.8,164.2,82890.67,chainlink,83020.13,twap60,,5.454,0.0166,0.010,0.020,520.67,0.980,0.990,1741.19,0.07,5,1741.19,1741.19,2895.11,0.0000001,-0.0009563,-0.0020218
1790650350.8,1790650200,150.8,149.2,82871.27,chainlink,83020.13,twap60,,5.454,0.0045,,0.010,3315.43,0.990,,,0.07,5,,,5446.55,-0.0001287,-0.0012201,-0.0018116
1790650365.9,1790650200,165.9,134.1,82875.61,chainlink,83020.13,twap60,,5.454,0.0032,,0.010,4770.61,0.990,,,0.07,5,,,7024.45,0.0000095,-0.0007220,-0.0017108
1790650380.9,1790650200,180.9,119.1,82874.87,chainlink,83020.13,twap60,,5.454,0.0014,,0.010,11601.83,0.990,,,0.07,5,,,13962.67,0.0000165,-0.0001905,-0.0017947
1790650395.9,1790650200,195.9,104.1,82880.64,chainlink,83020.13,twap60,,5.454,0.0010,,0.010,15073.17,0.990,,,0.07,5,,,17653.05,0.0000656,-0.0000158,-0.0018089
1790650410.9,1790650200,210.9,89.1,82906.83,chainlink,83020.13,twap60,,5.454,0.0015,,0.001,5977.02,0.999,,,0.07,5,,,30324.66,0.0002715,0.0003861,-0.0016016
1790650425.9,1790650200,225.9,74.1,82916.51,chainlink,83020.13,twap60,,5.454,0.0010,,0.001,962.02,0.999,,,0.07,5,,,22956.53,0.0001309,0.0005189,-0.0013996
1790650441.0,1790650200,241.0,59.0,82916.90,chainlink,83020.13,twap60,82916.90,5.454,0.0010,,0.001,5135.03,0.999,,,0.07,5,,,40198.46,0.0000029,0.0005030,-0.0014896
1790650456.0,1790650200,256.0,44.0,82914.89,chainlink,83020.13,twap60,82914.76,5.454,0.0010,,0.001,8239.78,0.999,,,0.07,5,,,54004.41,-0.0000235,0.0003686,-0.0011282
1790650470.0,1790650200,270.0,30.0,82902.58,chainlink,83020.13,twap60,82911.82,5.454,0.0010,,0.001,11692.58,0.999,,,0.07,5,,,83077.19,-0.0001488,-0.0000371,-0.0014779
1790650485.0,1790650200,285.0,15.0,82907.77,chainlink,83020.13,twap60,82910.58,5.454,0.0010,,0.001,17912.94,0.999,,,0.07,5,,,89261.55,0.0000626,-0.0001072,-0.0012886
1790650515.1,1790650500,15.1,284.9,82937.23,chainlink,82912.76,twap60,,5.362,0.6147,0.590,0.600,294.00,0.400,0.410,337.39,0.07,5,337.39,2306.18,1189.00,0.0001025,0.0002690,-0.0003740
1790650530.1,1790650500,30.1,269.9,82932.14,chainlink,82912.76,twap60,,5.362,0.5942,0.590,0.600,86.03,0.400,0.410,895.47,0.07,5,895.47,3648.19,1661.77,0.0000169,0.0003565,-0.0004814
1790650545.1,1790650500,45.1,254.9,82933.36,chainlink,82912.76,twap60,,5.362,0.6034,0.590,0.600,567.88,0.400,0.410,134.00,0.07,5,134.00,1656.72,3194.94,0.0000179,0.0003253,-0.0004850
1790650560.1,1790650500,60.1,239.9,82940.91,chainlink,82912.76,twap60,,5.362,0.6448,0.720,0.730,888.46,0.270,0.280,10.00,0.07,5,10.00,1276.00,3659.96,0.0000906,0.0001469,-0.0001819
1790650575.1,1790650500,75.1,224.9,82945.81,chainlink,82912.76,twap60,,5.362,0.6748,0.640,0.650,165.00,0.350,0.360,651.26,0.07,5,651.26,2470.63,1180.06,-0.0000565,0.0001817,-0.0002913
1790650590.1,1790650500,90.1,209.9,82939.29,chainlink,82912.76,twap60,,5.362,0.6479,0.650,0.660,102.64,0.340,0.350,476.66,0.07,5,476.66,2253.90,1331.91,-0.0000099,0.0000893,-0.0003997
1790650605.2,1790650500,105.2,194.8,82940.95,chainlink,82912.76,twap60,,5.362,0.6637,0.690,0.700,689.21,0.300,0.310,114.00,0.07,5,427.99,938.39,2108.84,0.0000200,0.0000911,0.0000660
1790650620.2,1790650500,120.2,179.8,82940.64,chainlink,82912.76,twap60,,5.362,0.6699,0.680,0.700,173.91,0.300,0.320,15.00,0.07,5,15.00,25.00,3931.69,-0.0000038,-0.0001189,0.0006027
1790650635.2,1790650500,135.2,164.8,82939.39,chainlink,82912.76,twap60,,5.362,0.6717,0.700,0.710,675.05,0.290,0.300,95.07,0.07,5,95.07,1310.33,2143.18,0.0000259,-0.0000087,0.0006929
1790650650.2,1790650500,150.2,149.8,82929.28,chainlink,82912.76,twap60,,5.362,0.6156,0.580,0.590,716.19,0.410,0.420,40.00,0.07,5,40.00,719.00,3676.83,-0.0001271,-0.0001207,0.0006568
1790650665.2,1790650500,165.2,134.8,82914.68,chainlink,82912.76,twap60,,5.362,0.5147,0.490,0.500,399.19,0.500,0.510,125.00,0.07,5,125.00,1282.00,1406.87,-0.0001717,-0.0003168,0.0004967
1790650680.2,1790650500,180.2,119.8,82918.55,chainlink,82912.76,twap60,,5.362,0.5481,0.560,0.570,22.84,0.430,0.440,595.89,0.07,5,595.89,3056.77,621.88,0.0000163,-0.0002255,0.0005229
1790650695.3,1790650500,195.3,104.7,82926.15,chainlink,82912.76,twap60,,5.362,0.6219,0.770,0.780,221.66,0.230,0.240,45.00,0.07,5,15.00,598.00,1692.96,0.0000906,-0.0001648,0.0005044
1790650710.3,1790650500,210.3,89.7,82926.89,chainlink,82912.76,twap60,,5.362,0.6457,0.740,0.750,30.49,0.250,0.260,844.01,0.07,5,854.01,2372.71,745.61,-0.0000296,-0.0000244,0.0002560
1790650725.3,1790650500,225.3,74.7,82927.75,chainlink,82912.76,twap60,,5.362,0.6824,0.710,0.720,278.85,0.280,0.290,881.46,0.07,5,881.46,2052.86,1154.85,0.0000086,0.0001273,0.0001338
1790650740.3,1790650500,240.3,59.7,82933.58,chainlink,82912.76,twap60,82933.58,5.362,0.8092,0.760,0.770,80.51,0.230,0.240,216.54,0.07,5,216.54,326.54,137.51,0.0000680,0.0001802,0.0002019
1790650755.3,1790650500,255.3,44.7,82925.31,chainlink,82912.76,twap60,82926.10,5.362,0.7960,0.960,0.970,239.99,0.030,0.040,483.61,0.07,5,463.61,1098.92,6428.50,-0.0000664,-0.0000486,0.0001253
1790650770.3,1790650500,270.3,29.7,82924.43,chainlink,82912.76,twap60,82926.04,5.362,0.9328,0.990,,,,0.010,7830.83,0.07,5,7830.83,9124.96,,-0.0000305,-0.0000314,0.0002635
1790650785.3,1790650500,285.3,14.7,82930.35,chainlink,82912.76,twap60,82927.03,5.362,0.9990,0.990,,,,0.010,59149.04,0.07,5,59149.04,60777.65,,0.0000683,0.0000291,0.0002889
1790650815.4,1790650800,15.4,284.6,82924.17,chainlink,82929.01,twap60,,5.275,0.4766,0.370,0.380,87.99,0.620,0.630,1083.41,0.07,5,1083.41,2725.44,1958.37,-0.0000681,-0.0000337,-0.0000792
1790650830.4,1790650800,30.4,269.6,82917.60,chainlink,82929.01,twap60,,5.275,0.4433,0.400,0.410,18.00,0.590,0.600,1014.89,0.07,5,1019.89,4454.39,689.00,-0.0000160,-0.0000855,-0.0001722
1790650845.4,1790650800,45.4,254.6,82936.29,chainlink,82929.01,twap60,,5.275,0.5375,0.590,0.600,338.04,0.400,0.410,796.67,0.07,5,797.10,2989.23,1804.16,0.0002572,0.0000280,0.0000349
1790650860.4,1790650800,60.4,239.6,82977.17,chainlink,82929.01,twap60,,5.275,0.7409,0.790,0.800,420.41,0.200,0.210,436.66,0.07,5,436.66,3334.64,2898.39,0.0004775,0.0005708,0.0003215
1790650875.4,1790650800,75.4,224.6,83001.02,chainlink,82929.01,twap60,,5.275,0.8425,0.830,0.840,580.08,0.160,0.170,908.19,0.07,5,908.19,2679.41,2947.37,0.0002740,0.0009896,0.0007341
1790650890.4,1790650800,90.4,209.6,82995.22,chainlink,82929.01,twap60,,5.275,0.8325,0.830,0.840,445.67,0.160,0.170,1178.37,0.07,5,1178.37,4011.63,1464.67,-0.0000258,0.0009675,0.0006741
1790650905.4,1790650800,105.4,194.6,82940.86,chainlink,82929.01,twap60,,5.275,0.5717,0.580,0.590,1414.09,0.410,0.420,184.00,0.07,5,184.00,1429.32,2927.21,-0.0006471,0.0000398,-0.0000011
1790650920.6,1790650800,120.6,179.4,82965.47,chainlink,82929.01,twap60,,5.275,0.7208,0.680,0.690,228.00,0.310,0.320,230.41,0.07,5,220.41,660.73,1128.75,0.0002936,-0.0001545,0.0003402
1790650935.6,1790650800,135.6,164.4,82956.63,chainlink,82929.01,twap60,,5.275,0.6806,0.680,0.690,84.46,0.310,0.320,1633.43,0.07,5,1633.43,4028.26,1481.22,-0.0001028,-0.0004909,0.0002027
1790650950.6,1790650800,150.6,149.4,82957.52,chainlink,82929.01,twap60,,5.275,0.6973,0.550,0.560,1850.04,0.440,0.450,482.93,0.07,5,492.93,787.93,3191.30,-0.0000000,-0.0004462,0.0003449
1790650965.6,1790650800,165.6,134.4,82960.15,chainlink,82929.01,twap60,,5.275,0.7283,0.770,0.780,1014.93,0.220,0.230,88.00,0.07,5,88.00,700.00,3946.20,0.0002303,0.0002295,0.0005179
1790650980.6,1790650800,180.6,119.4,82954.35,chainlink,82929.01,twap60,,5.275,0.7051,0.740,0.750,50.00,0.250,0.260,5.00,0.07,5,5.00,502.98,1414.66,-0.0001218,-0.0001303,0.0004306
1790650995.6,1790650800,195.6,104.4,82983.74,chainlink,82929.01,twap60,,5.275,0.9021,0.920,0.930,67.10,0.070,0.080,726.15,0.07,5,726.15,3322.53,2711.23,0.0003717,0.0003160,0.0006558
1790651010.7,1790650800,210.7,89.3,82998.68,chainlink,82929.01,twap60,,5.275,0.9700,0.980,0.990,6652.92,0.010,0.020,1408.39,0.07,5,1408.39,4738.15,6652.92,0.0001628,0.0006946,0.0008635
1790651025.7,1790650800,225.7,74.3,82999.43,chainlink,82929.01,twap60,,5.275,0.9886,0.990,,,,0.010,1244.17,0.07,5,1244.17,4513.16,,-0.0000083,0.0004214,0.0008617
1790651040.7,1790650800,240.7,59.3,82974.38,chainlink,82929.01,twap60,82974.38,5.275,0.9748,0.990,,,,0.010,2206.22,0.07,5,2216.22,4408.94,,-0.0002649,0.0002588,0.0005250
1790651055.7,1790650800,255.7,44.3,82941.62,chainlink,82929.01,twap60,82954.07,5.275,0.8554,0.850,0.860,32.37,0.140,0.150,165.00,0.07,5,165.00,1050.00,395.37,-0.0003918,-0.0005248,0.0001768
1790651070.7,1790650800,270.7,29.3,82916.44,chainlink,82929.01,twap60,82939.57,5.275,0.4638,0.680,0.690,413.00,0.310,0.320,115.00,0.07,5,115.00,180.00,631.00,-0.0003055,-0.0010087,-0.0000994
1790651085.7,1790650800,285.7,14.3,82887.61,chainlink,82929.01,twap60,82920.21,5.275,0.0010,,0.010,23453.90,0.990,,,0.07,5,,,24805.09,-0.0003508,-0.0013111,-0.0005592
1790651115.7,1790651100,15.7,284.3,82882.53,chainlink,82914.08,twap60,,5.411,0.3545,0.360,0.370,1807.42,0.630,0.640,105.00,0.07,5,105.00,735.00,3594.42,0.0000298,-0.0007146,-0.0004391
1790651130.8,1790651100,30.8,269.2,82883.22,chainlink,82914.08,twap60,,5.411,0.3532,0.250,0.260,1479.05,0.740,0.750,183.54,0.07,5,183.54,1663.54,3125.42,-0.0000281,-0.0004038,-0.0003829
1790651145.8,1790651100,45.8,254.2,82866.75,chainlink,82914.08,twap60,,5.411,0.2751,0.250,0.260,105.00,0.740,0.750,1611.51,0.07,5,1611.51,4243.51,1484.35,0.0000000,-0.0002289,-0.0008542
1790651160.8,1790651100,60.8,239.2,82870.86,chainlink,82914.08,twap60,,5.411,0.2857,0.260,0.270,184.00,0.730,0.740,1545.89,0.07,5,1550.89,4286.89,1282.99,0.0000501,-0.0001110,-0.0012955
1790651175.8,1790651100,75.8,224.2,82887.68,chainlink,82914.08,twap60,,5.411,0.3596,0.310,0.320,806.77,0.680,0.690,62.00,0.07,5,62.00,2038.00,2225.71,0.0002064,0.0000257,-0.0013224
1790651190.8,1790651100,90.8,209.2,82877.79,chainlink,82914.08,twap60,,5.411,0.3031,0.290,0.300,70.00,0.700,0.710,119.01,0.07,5,119.01,2945.40,1340.00,-0.0001138,0.0001333,-0.0014078
1790651205.8,1790651100,105.8,194.2,82882.25,chainlink,82914.08,twap60,,5.411,0.3178,0.280,0.290,10.00,0.710,0.720,20.00,0.07,5,10.00,700.88,2128.31,0.0000634,0.0001875,-0.0007100
1790651220.8,1790651100,120.8,179.2,82889.18,chainlink,82914.08,twap60,,5.411,0.3482,0.360,0.380,5.00,0.620,0.640,569.50,0.07,5,558.66,3793.86,25.00,0.0001121,0.0002245,-0.0009163
1790651235.9,1790651100,135.9,164.1,82904.75,chainlink,82914.08,twap60,,5.411,0.4385,0.430,0.480,198.01,0.520,0.570,169.76,0.07,5,169.76,1144.01,1705.70,0.0001880,0.0002115,-0.0006363
1790651250.9,1790651100,150.9,149.1,82908.57,chainlink,82914.08,twap60,,5.411,0.4612,0.490,0.500,150.00,0.500,0.510,848.99,0.07,5,848.99,2655.27,1530.84,0.0000519,0.0003810,-0.0003916
1790651265.9,1790651100,165.9,134.1,82917.42,chainlink,82914.08,twap60,,5.411,0.5254,0.440,0.450,53.00,0.550,0.560,768.40,0.07,5,768.40,3683.50,945.85,0.0000884,0.0004527,-0.0005672
1790651280.9,1790651100,180.9,119.1,82909.57,chainlink,82914.08,twap60,,5.411,0.4627,0.470,0.480,379.95,0.520,0.530,86.12,0.07,5,86.12,724.21,1850.39,-0.0000947,0.0002460,-0.0005226
1790651295.9,1790651100,195.9,104.1,82893.45,chainlink,82914.08,twap60,,5.411,0.3169,0.280,0.290,86.55,0.710,0.720,478.41,0.07,5,478.41,2955.41,871.50,-0.0001952,-0.0001306,-0.0011058
1790651310.9,1790651100,210.9,89.1,82905.46,chainlink,82914.08,twap60,,5.411,0.4101,0.360,0.370,1036.19,0.630,0.640,3.24,0.07,5,3.24,945.24,2579.99,0.0001468,-0.0000558,-0.0011411
1790651325.9,1790651100,225.9,74.1,82896.00,chainlink,82914.08,twap60,,5.411,0.2835,0.170,0.180,682.35,0.820,0.830,38.00,0.07,5,35.00,1008.56,2281.72,-0.0001188,-0.0002584,-0.0012099
1790651341.0,1790651100,241.0,59.0,82888.84,chainlink,82914.08,twap60,82888.84,5.411,0.1427,0.070,0.080,359.56,0.920,0.930,28.31,0.07,5,28.31,1590.29,1954.56,-0.0000861,-0.0002507,-0.0010284
1790651355.0,1790651100,255.0,45.0,82877.80,chainlink,82914.08,twap60,82885.66,5.411,0.0145,,0.010,3152.57,0.990,,,0.07,5,,,5038.81,-0.0001383,-0.0001869,-0.0007716
1790651370.0,1790651100,270.0,30.0,82886.54,chainlink,82914.08,twap60,82887.45,5.411,0.0010,,0.010,34768.11,0.990,,,0.07,5,,,37166.99,0.0001097,-0.0002330,-0.0003638
1790651385.0,1790651100,285.0,15.0,82893.54,chainlink,82914.08,twap60,82888.19,5.411,0.0010,,0.010,62312.26,0.990,,,0.07,5,,,65723.94,0.0000890,-0.0000294,0.0000944
1790651415.1,1790651400,15.1,284.9,82897.14,chainlink,82890.11,twap60,,5.256,0.5341,0.520,0.530,583.10,0.470,0.480,156.00,0.07,5,176.00,1343.99,2768.31,0.0000026,0.0002376,0.0001398
1790651430.1,1790651400,30.1,269.9,82893.66,chainlink,82890.11,twap60,,5.256,0.5178,0.510,0.520,65.00,0.480,0.490,90.00,0.07,5,159.00,2776.21,966.00,-0.0000133,0.0000905,0.0003248
1790651445.1,1790651400,45.1,254.9,82886.09,chainlink,82890.11,twap60,,5.256,0.4792,0.470,0.480,89.00,0.520,0.530,784.48,0.07,5,784.48,3212.78,1163.00,-0.0000952,-0.0001115,0.0002339
1790651460.2,1790651400,60.2,239.8,82901.54,chainlink,82890.11,twap60,,5.256,0.5611,0.590,0.600,1229.78,0.400,0.410,41.56,0.07,5,41.56,890.77,3198.43,0.0001831,0.0000557,0.0003737
1790651475.2,1790651400,75.2,224.8,82892.64,chainlink,82890.11,twap60,,5.256,0.5141,0.520,0.530,874.27,0.470,0.480,15.00,0.07,5,15.00,946.41,3732.89,-0.0000973,-0.0000257,0.0000653
1790651490.2,1790651400,90.2,209.8,82898.83,chainlink,82890.11,twap60,,5.256,0.5507,0.580,0.590,536.04,0.410,0.420,141.00,0.07,5,141.00,876.24,2451.98,0.0000820,0.0000584,0.0002634
1790651505.2,1790651400,105.2,194.8,82898.62,chainlink,82890.11,twap60,,5.256,0.5518,0.500,0.510,20.00,0.490,0.500,327.33,0.07,5,332.33,1308.35,352.42,-0.0000080,0.0001479,0.0002260
1790651520.3,1790651400,120.3,179.7,82890.75,chainlink,82890.11,twap60,,5.256,0.5041,0.490,0.500,332.66,0.500,0.510,1396.48,0.07,5,1258.08,2663.66,1025.70,-0.0000151,-0.0001201,0.0000190
1790651535.3,1790651400,135.3,164.7,82889.46,chainlink,82890.11,twap60,,5.256,0.4956,0.530,0.540,126.00,0.460,0.470,752.02,0.07,5,752.02,2706.36,1339.00,-0.0000129,-0.0000309,-0.0001787
1790651550.3,1790651400,150.3,149.7,82903.54,chainlink,82890.11,twap60,,5.256,0.5964,0.660,0.670,204.28,0.330,0.340,76.00,0.07,5,76.00,1672.94,1378.29,0.0001803,0.0000513,-0.0000789
1790651565.5,1790651400,165.5,134.5,82897.64,chainlink,82890.11,twap60,,5.256,0.5586,0.550,0.560,146.07,0.440,0.450,466.24,0.07,5,466.24,2114.54,1321.37,-0.0000681,0.0000680,-0.0002386
1790651580.5,1790651400,180.5,119.5,82890.66,chainlink,82890.11,twap60,,5.256,0.5047,0.530,0.540,227.00,0.460,0.470,387.81,0.07,5,387.81,1805.20,986.05,-0.0000835,0.0000016,-0.0002287
1790651595.5,1790651400,195.5,104.5,82894.07,chainlink,82890.11,twap60,,5.256,0.5374,0.660,0.680,1080.78,0.320,0.340,10.00,0.07,5,10.00,415.57,2369.78,0.0000371,0.0000661,0.0000094
1790651610.5,1790651400,210.5,89.5,82901.83,chainlink,82890.11,twap60,,5.256,0.6243,0.710,0.720,770.31,0.280,0.290,9.55,0.07,5,9.55,114.55,2049.21,0.0000846,-0.0000176,-0.0000485
1790651625.5,1790651400,225.5,74.5,82897.66,chainlink,82890.11,twap60,,5.256,0.5966,0.790,0.800,80.00,0.200,0.210,43.33,0.07,5,98.33,1701.72,609.28,-0.0000328,0.0000008,0.0000202
1790651640.5,1790651400,240.5,59.5,82876.04,chainlink,82890.11,twap60,82876.05,5.256,0.2720,0.090,0.100,204.00,0.900,0.910,761.65,0.07,5,761.65,1725.74,559.49,-0.0002616,-0.0001805,-0.0001596
1790651655.5,1790651400,255.5,44.5,82878.11,chainlink,82890.11,twap60,82876.68,5.256,0.2047,0.030,0.040,42.25,0.960,0.970,45.00,0.07,5,45.00,1809.00,406.25,0.0000227,-0.0002014,0.0000081
1790651670.6,1790651400,270.6,29.4,82874.43,chainlink,82890.11,twap60,82874.94,5.256,0.0280,,0.010,6096.06,0.990,,,0.07,5,,,6647.17,0.0000093,-0.0003130,-0.0001415
1790651685.6,1790651400,285.6,14.4,82871.91,chainlink,82890.11,twap60,82875.03,5.256,0.0010,,0.010,53985.46,0.990,,,0.07,5,,,55483.32,-0.0000403,-0.0003114,-0.0002826
1790651715.6,1790651700,15.6,284.4,82852.12,chainlink,82875.26,twap60,,4.819,0.3794,0.380,0.390,508.06,0.610,0.620,160.74,0.07,5,160.74,1277.79,3487.83,-0.0001260,-0.0002600,-0.0005146
1790651730.7,1790651700,30.7,269.3,82851.20,chainlink,82875.26,twap60,,4.819,0.3709,0.310,0.320,162.00,0.680,0.690,2110.67,0.07,5,2110.67,3569.63,1156.96,-0.0000118,-0.0002902,-0.0005162
1790651745.7,1790651700,45.7,254.3,82852.45,chainlink,82875.26,twap60,,4.819,0.3732,0.390,0.400,10.00,0.600,0.610,2393.75,0.07,5,2401.75,3867.75,35.00,0.0000161,-0.0002505,-0.0004093
1790651760.7,1790651700,60.7,239.3,82881.66,chainlink,82875.26,twap60,,4.819,0.5375,0.600,0.610,511.33,0.390,0.400,35.00,0.07,5,35.00,921.18,3758.74,0.0003454,0.0002305,-0.0002298
1790651775.7,1790651700,75.7,224.3,82897.24,chainlink,82875.26,twap60,,4.819,0.6316,0.590,0.600,35.00,0.400,0.410,1826.98,0.07,5,1826.98,3354.98,2263.38,0.0001120,0.0005437,0.0000628
1790651790.7,1790651700,90.7,209.3,82872.58,chainlink,82875.26,twap60,,4.819,0.4830,0.410,0.420,39.00,0.580,0.590,1309.85,0.07,5,1304.85,4899.92,639.70,-0.0002954,0.0002591,-0.0003222
1790651805.8,1790651700,105.8,194.2,82866.21,chainlink,82875.26,twap60,,4.819,0.4400,0.550,0.560,319.17,0.440,0.450,35.00,0.07,5,35.00,618.32,2830.62,-0.0000305,0.0001590,-0.0003111
1790651820.8,1790651700,120.8,179.2,82877.10,chainlink,82875.26,twap60,,4.819,0.5129,0.480,0.490,585.17,0.510,0.520,60.00,0.07,5,60.00,1804.64,2073.42,0.0000688,-0.0001310,-0.0001621
1790651835.8,1790651700,135.8,164.2,82879.45,chainlink,82875.26,twap60,,4.819,0.5311,0.450,0.460,1489.98,0.540,0.550,189.00,0.07,5,199.00,304.00,2378.11,0.0000283,-0.0002126,-0.0001104
1790651850.8,1790651700,150.8,149.2,82875.24,chainlink,82875.26,twap60,,4.819,0.4999,0.530,0.540,25.00,0.460,0.470,584.69,0.07,5,584.69,3029.43,685.12,-0.0000378,0.0000784,-0.0003383
1790651865.9,1790651700,165.9,134.1,82887.16,chainlink,82875.26,twap60,,4.819,0.6005,0.700,0.710,2077.07,0.290,0.300,176.00,0.07,5,176.00,769.00,4178.22,0.0001221,0.0001902,-0.0001258
1790651880.9,1790651700,180.9,119.1,82895.36,chainlink,82875.26,twap60,,4.819,0.6804,0.640,0.650,488.87,0.350,0.360,206.47,0.07,5,206.47,645.47,2219.32,0.0000875,0.0002203,0.0000526
1790651895.9,1790651700,195.9,104.1,82896.39,chainlink,82875.26,twap60,,4.819,0.7081,0.870,0.880,15.00,0.120,0.130,1173.36,0.07,5,1173.36,2783.55,1109.13,0.0000183,0.0002174,0.0000191
1790651910.9,1790651700,210.9,89.1,82897.30,chainlink,82875.26,twap60,,4.819,0.7431,0.540,0.550,60.41,0.450,0.460,538.19,0.07,5,538.19,2344.39,273.41,0.0000117,0.0002445,-0.0000371
1790651926.0,1790651700,226.0,74.0,82880.12,chainlink,82875.26,twap60,,4.819,0.5688,0.620,0.630,588.48,0.370,0.380,159.85,0.07,5,159.85,479.85,1441.48,-0.0001977,-0.0000962,-0.0002123
1790651940.0,1790651700,240.0,60.0,82898.53,chainlink,82875.26,twap60,82898.53,4.819,0.8599,0.970,0.980,868.41,0.020,0.030,1299.48,0.07,5,1299.48,3900.89,2439.37,0.0002262,0.0000441,0.0002690
1790651955.1,1790651700,255.1,44.9,82939.83,chainlink,82875.26,twap60,82918.94,4.819,0.9990,0.990,,,,0.010,33260.09,0.07,5,33260.09,37243.77,,0.0004485,0.0005247,0.0007981
1790651970.1,1790651700,270.1,29.9,82946.88,chainlink,82875.26,twap60,82931.84,4.819,0.9990,0.990,,,,0.010,49856.90,0.07,5,69412.90,72698.31,,0.0000726,0.0006074,0.0008639
1790651985.1,1790651700,285.1,14.9,82959.43,chainlink,82875.26,twap60,82939.96,4.819,0.9990,0.990,,,,0.010,70389.77,0.07,5,70389.77,73583.46,,0.0001532,0.0009605,0.0010399
1790652015.2,1790652000,15.2,284.8,82994.78,chainlink,82948.39,twap60,,4.902,0.7273,0.810,0.820,36.93,0.180,0.190,1546.66,0.07,5,1546.66,4105.51,2165.84,0.0001970,0.0006499,0.0017196
1790652030.2,1790652000,30.2,269.8,83029.58,chainlink,82948.39,twap60,,4.902,0.8627,0.860,0.870,660.00,0.130,0.140,359.63,0.07,5,359.63,2866.72,3147.59,0.0002416,0.0009984,0.0021517
1790652045.2,1790652000,45.2,254.8,83042.11,chainlink,82948.39,twap60,,4.902,0.9039,0.850,0.860,763.98,0.140,0.150,155.20,0.07,5,155.20,2067.94,3074.67,0.0001337,0.0009670,0.0022794
1790652060.2,1790652000,60.2,239.8,83044.99,chainlink,82948.39,twap60,,4.902,0.9184,0.910,0.920,774.82,0.080,0.090,244.17,0.07,5,244.17,3411.56,3364.30,0.0001063,0.0008018,0.0018928
1790652075.2,1790652000,75.2,224.8,83046.51,chainlink,82948.39,twap60,,4.902,0.9296,0.920,0.930,162.00,0.070,0.080,936.08,0.07,5,948.08,4668.42,3633.19,0.0000271,0.0004456,0.0018011
1790652090.2,1790652000,90.2,209.8,83069.39,chainlink,82948.39,twap60,,4.902,0.9709,0.960,0.970,186.71,0.030,0.040,1760.80,0.07,5,1760.80,4522.75,8740.41,0.0002605,0.0004622,0.0024184
1790652105.3,1790652000,105.3,194.7,83081.71,chainlink,82948.39,twap60,,4.902,0.9856,0.970,0.980,449.99,0.020,0.030,2327.42,0.07,5,2327.42,5381.48,7986.80,0.0001380,0.0005484,0.0025346
1790652120.3,1790652000,120.3,179.7,83072.86,chainlink,82948.39,twap60,,4.902,0.9841,0.950,0.960,104.00,0.040,0.050,1114.89,0.07,5,1114.89,3899.78,10931.73,-0.0001002,0.0003443,0.0023592
1790652135.3,1790652000,135.3,164.7,83037.59,chainlink,82948.39,twap60,,4.902,0.9484,0.960,0.970,208.00,0.030,0.040,856.41,0.07,5,856.41,4501.70,9500.90,-0.0004219,-0.0001224,0.0019193
1790652150.3,1790652000,150.3,149.7,83045.12,chainlink,82948.39,twap60,,4.902,0.9702,0.950,0.960,30.00,0.040,0.050,1056.66,0.07,5,1056.66,3465.23,10929.26,0.0000916,-0.0003024,0.0020261
1790652165.3,1790652000,165.3,134.7,83034.03,chainlink,82948.39,twap60,,4.902,0.9637,0.930,0.940,1103.12,0.060,0.070,65.00,0.07,5,65.00,856.16,4749.27,-0.0001068,-0.0005677,0.0017590
1790652180.4,1790652000,180.4,119.6,83014.70,chainlink,82948.39,twap60,,4.902,0.9353,0.940,0.950,51.72,0.050,0.060,970.57,0.07,5,970.57,3273.34,3201.93,-0.0002372,-0.0006976,0.0014444
1790652195.5,1790652000,195.5,104.5,83028.85,chainlink,82948.39,twap60,,4.902,0.9795,0.970,0.980,696.39,0.020,0.030,344.23,0.07,5,344.23,1959.51,7713.61,0.0001715,-0.0001044,0.0015974
1790652210.5,1790652000,210.5,89.5,83026.62,chainlink,82948.39,twap60,,4.902,0.9883,0.997,0.998,60.00,0.002,0.003,66.66,0.07,5,66.66,11907.94,3077.00,0.0000403,-0.0001961,0.0015682
1790652225.5,1790652000,225.5,74.5,83043.80,chainlink,82948.39,twap60,,4.902,0.9990,0.998,0.999,1851.44,0.001,0.002,5.00,0.07,5,5.00,19271.86,1851.44,0.0002000,0.0001133,0.0019770
1790652240.5,1790652000,240.5,59.5,83052.04,chainlink,82948.39,twap60,83052.04,4.902,0.9990,0.999,,,,0.001,3802.91,0.07,5,3802.91,35065.86,,0.0000471,0.0004507,0.0018004
1790652255.5,1790652000,255.5,44.5,83079.77,chainlink,82948.39,twap60,83068.39,4.902,0.9990,0.999,,,,0.001,7902.66,0.07,5,7902.66,49379.82,,0.0003338,0.0006804,0.0016735
1790652270.5,1790652000,270.5,29.5,83089.15,chainlink,82948.39,twap60,83077.15,4.902,0.9990,0.999,,,,0.001,8072.23,0.07,5,8072.23,55332.80,,0.0000560,0.0007460,0.0017156
1790652285.5,1790652000,285.5,14.5,83086.91,chainlink,82948.39,twap60,83083.12,4.902,0.9990,0.999,,,,0.001,16363.35,0.07,5,16363.35,83346.59,,-0.0000424,0.0004670,0.0015064
1790652315.6,1790652300,15.6,284.4,83116.97,chainlink,83084.36,twap60,,4.681,0.6721,0.690,0.700,92.67,0.300,0.310,1252.64,0.07,5,1313.24,3330.24,563.67,0.0002499,0.0003907,0.0012936
1790652330.6,1790652300,30.6,269.4,83113.13,chainlink,83084.36,twap60,,4.681,0.6575,0.570,0.580,1783.12,0.420,0.430,24.18,0.07,5,24.18,1400.18,3791.12,-0.0000767,0.0002730,0.0009885
1790652345.6,1790652300,45.6,254.4,83093.95,chainlink,83084.36,twap60,,4.681,0.5557,0.580,0.590,55.60,0.410,0.420,1670.60,0.07,5,1670.60,3153.99,1238.30,-0.0002263,0.0000810,0.0006958
1790652360.6,1790652300,60.6,239.4,83114.81,chainlink,83084.36,twap60,,4.681,0.6775,0.650,0.660,1110.77,0.340,0.350,65.00,0.07,5,65.00,445.00,3301.78,0.0002567,0.0002239,0.0008491
1790652375.6,1790652300,75.6,224.4,83124.08,chainlink,83084.36,twap60,,4.681,0.7340,0.750,0.760,1901.56,0.240,0.250,40.73,0.07,5,40.73,2093.31,3585.59,0.0001021,0.0000552,0.0009187
1790652390.7,1790652300,90.7,209.3,83113.99,chainlink,83084.36,twap60,,4.681,0.6867,0.780,0.790,10.00,0.210,0.220,1647.74,0.07,5,1618.74,3751.00,418.11,-0.0001234,0.0000149,0.0005266
1790652405.7,1790652300,105.7,194.3,83139.90,chainlink,83084.36,twap60,,4.681,0.8303,0.840,0.850,177.06,0.150,0.160,454.06,0.07,5,454.06,2402.89,2101.51,0.0002836,0.0005586,0.0007066
1790652420.7,1790652300,120.7,179.3,83135.35,chainlink,83084.36,twap60,,4.681,0.8220,0.830,0.840,828.38,0.160,0.170,42.00,0.07,5,37.00,1524.09,3073.09,-0.0000553,0.0002376,0.0007547
1790652435.8,1790652300,135.8,164.2,83140.11,chainlink,83084.36,twap60,,4.681,0.8573,0.860,0.870,1542.26,0.130,0.140,25.00,0.07,5,25.00,1034.00,4309.42,0.0000862,0.0001907,0.0012347
1790652450.8,1790652300,150.8,149.2,83139.95,chainlink,83084.36,twap60,,4.681,0.8721,0.860,0.870,940.90,0.130,0.140,297.50,0.07,5,322.50,1069.50,3121.43,-0.0000034,0.0002842,0.0011680
1790652465.8,1790652300,165.8,134.2,83127.72,chainlink,83084.36,twap60,,4.681,0.8301,0.860,0.870,24.07,0.130,0.140,916.36,0.07,5,916.36,2295.76,1145.74,-0.0001491,-0.0001471,0.0011234
1790652480.8,1790652300,180.8,119.2,83141.59,chainlink,83084.36,twap60,,4.681,0.9153,0.920,0.930,15.00,0.070,0.080,1027.89,0.07,5,1027.89,2619.30,2334.04,0.0001510,0.0001040,0.0015284
1790652495.8,1790652300,195.8,104.2,83145.38,chainlink,83084.36,twap60,,4.681,0.9482,0.970,0.980,1017.97,0.020,0.030,1094.36,0.07,5,1094.36,2790.39,9309.13,0.0000466,0.0000619,0.0014698
1790652510.8,1790652300,210.8,89.2,83143.40,chainlink,83084.36,twap60,,4.681,0.9640,0.970,0.980,18.38,0.020,0.030,715.78,0.07,5,715.78,2394.30,3062.79,-0.0000491,0.0000396,0.0013988
1790652525.9,1790652300,225.9,74.1,83144.26,chainlink,83084.36,twap60,,4.681,0.9858,0.990,,,,0.010,8119.44,0.07,5,8119.44,9778.92,,0.0000066,0.0001832,0.0011570
1790652540.9,1790652300,240.9,59.1,83148.67,chainlink,83084.36,twap60,83148.65,4.681,0.9990,0.990,,,,0.010,24597.15,0.07,5,24597.15,26196.14,,0.0000505,0.0000862,0.0011628
1790652555.9,1790652300,255.9,44.1,83169.18,chainlink,83084.36,twap60,83153.59,4.681,0.9990,0.990,,,,0.010,42539.39,0.07,5,42539.39,44459.88,,0.0002469,0.0002609,0.0010188
1790652571.0,1790652300,271.0,29.0,83167.76,chainlink,83084.36,twap60,83161.50,4.681,0.9990,0.990,,,,0.010,74061.21,0.07,5,74061.21,75817.27,,-0.0000036,0.0002893,0.0009302
1790652585.0,1790652300,285.0,15.0,83170.45,chainlink,83084.36,twap60,83164.01,4.681,0.9990,0.990,,,,0.010,74292.79,0.07,5,74292.79,76008.85,,0.0000323,0.0003124,0.0010012
1790652615.0,1790652600,15.0,285.0,83140.78,chainlink,83165.33,twap60,,4.582,0.3660,0.400,0.410,21.00,0.590,0.600,953.43,0.07,5,1042.43,2382.43,170.00,-0.0003547,-0.0003282,0.0002560
1790652630.0,1790652600,30.0,270.0,83122.21,chainlink,83165.33,twap60,,4.582,0.2674,0.160,0.170,115.00,0.830,0.840,802.51,0.07,5,782.51,2668.51,2210.25,-0.0002175,-0.0005478,0.0001137
1790652645.1,1790652600,45.1,254.9,83081.37,chainlink,83165.33,twap60,,4.582,0.1057,0.100,0.110,1021.32,0.890,0.900,220.35,0.07,5,220.35,2745.81,3740.47,-0.0003469,-0.0011062,-0.0001457
1790652660.1,1790652600,60.1,239.9,83082.98,chainlink,83165.33,twap60,,4.582,0.1018,0.150,0.160,282.50,0.840,0.850,545.29,0.07,5,545.29,2382.18,1807.75,0.0000203,-0.0010502,-0.0003926
1790652675.2,1790652600,75.2,224.8,83098.97,chainlink,83165.33,twap60,,4.582,0.1434,0.090,0.100,317.89,0.900,0.910,700.91,0.07,5,700.91,3641.71,1707.41,0.0000826,-0.0004972,-0.0003043
1790652690.2,1790652600,90.2,209.8,83092.91,chainlink,83165.33,twap60,,4.582,0.1126,0.060,0.070,734.99,0.930,0.940,225.00,0.07,5,225.00,4277.49,2923.83,-0.0000113,-0.0002080,-0.0002818
1790652705.2,1790652600,105.2,194.8,83080.67,chainlink,83165.33,twap60,,4.582,0.0688,0.090,0.100,768.93,0.900,0.910,92.00,0.07,5,92.00,1954.40,2821.93,-0.0001328,-0.0000075,-0.0007132
1790652720.2,1790652600,120.2,179.8,83115.44,chainlink,83165.33,twap60,,4.582,0.1785,0.190,0.200,636.94,0.800,0.810,57.53,0.07,5,57.53,1479.13,2977.25,0.0003449,0.0002808,-0.0002106
1790652735.2,1790652600,135.2,164.8,83141.49,chainlink,83165.33,twap60,,4.582,0.3207,0.370,0.380,1884.68,0.620,0.630,20.00,0.07,5,20.00,700.43,4049.42,0.0003152,0.0005732,0.0000151
1790652750.2,1790652600,150.2,149.8,83124.35,chainlink,83165.33,twap60,,4.582,0.1966,0.130,0.140,991.69,0.860,0.870,189.43,0.07,5,189.43,2299.09,3363.69,-0.0002077,0.0003929,-0.0001895
1790652765.3,1790652600,165.3,134.7,83105.40,chainlink,83165.33,twap60,,4.582,0.0895,0.100,0.110,90.81,0.890,0.900,774.95,0.07,5,764.95,3668.60,367.81,-0.0001857,0.0002241,-0.0002842
1790652780.3,1790652600,180.3,119.7,83135.83,chainlink,83165.33,twap60,,4.582,0.2353,0.340,0.350,132.73,0.650,0.660,587.41,0.07,5,648.05,1996.64,984.92,0.0003720,0.0002471,-0.0000683
1790652795.4,1790652600,195.4,104.6,83154.95,chainlink,83165.33,twap60,,4.582,0.3890,0.450,0.460,1067.05,0.540,0.550,30.00,0.07,5,30.00,1460.00,4092.26,0.0001591,0.0001603,0.0000897
1790652810.4,1790652600,210.4,89.6,83150.99,chainlink,83165.33,twap60,,4.582,0.3284,0.180,0.190,1246.69,0.810,0.820,2.00,0.07,5,2.00,499.40,1799.52,-0.0000500,0.0003627,0.0000876
1790652825.4,1790652600,225.4,74.6,83136.42,chainlink,83165.33,twap60,,4.582,0.1417,0.100,0.110,390.44,0.890,0.900,85.00,0.07,5,85.00,2157.19,1611.66,-0.0001253,0.0003790,-0.0000969
1790652840.4,1790652600,240.4,59.6,83148.56,chainlink,83165.33,twap60,83148.56,4.582,0.2042,0.140,0.150,20.00,0.850,0.860,82.31,0.07,5,102.31,1185.58,1239.69,0.0001456,0.0000823,-0.0000011
1790652855.4,1790652600,255.4,44.6,83166.40,chainlink,83165.33,twap60,83158.86,4.582,0.4736,0.450,0.460,91.00,0.540,0.550,10.83,0.07,5,10.83,764.83,257.00,0.0001928,0.0001352,-0.0000201
1790652870.4,1790652600,270.4,29.6,83162.37,chainlink,83165.33,twap60,83161.34,4.582,0.3116,0.060,0.070,15.00,0.930,0.940,684.89,0.07,5,664.89,1570.89,215.00,-0.0000476,0.0001867,-0.0000649
1790652885.4,1790652600,285.4,14.6,83163.87,chainlink,83165.33,twap60,83162.29,4.582,0.1390,0.020,0.030,40.00,0.970,0.980,230.52,0.07,5,230.52,1917.52,428.58,0.0000181,0.0003297,-0.0001137
1790652915.5,1790652900,15.5,284.5,83168.73,chainlink,83162.11,twap60,,4.626,0.5365,0.490,0.500,1751.77,0.500,0.510,16.09,0.07,5,6.09,806.79,3195.61,0.0001630,0.0000289,0.0003420
1790652930.5,1790652900,30.5,269.5,83130.58,chainlink,83162.11,twap60,,4.626,0.3264,0.280,0.290,151.93,0.710,0.720,463.00,0.07,5,508.00,3384.02,2014.63,-0.0004589,-0.0003823,0.0002453
1790652945.5,1790652900,45.5,254.5,83133.42,chainlink,83162.11,twap60,,4.626,0.3360,0.280,0.290,696.36,0.710,0.720,27.00,0.07,5,27.00,1326.54,3924.52,0.0000502,-0.0003856,0.0006273
1790652960.5,1790652900,60.5,239.5,83137.02,chainlink,83162.11,twap60,,4.626,0.3505,0.350,0.360,737.40,0.640,0.650,366.66,0.07,5,300.00,2166.42,1840.80,0.0000651,-0.0002184,0.0005404
1790652975.5,1790652900,75.5,224.5,83155.54,chainlink,83162.11,twap60,,4.626,0.4583,0.480,0.490,94.95,0.510,0.520,1741.96,0.07,5,1741.96,2571.88,706.94,0.0002191,-0.0001586,0.0007422
1790652990.6,1790652900,90.6,209.4,83150.38,chainlink,83162.11,twap60,,4.626,0.4227,0.410,0.420,812.79,0.580,0.590,105.00,0.07,5,105.00,753.67,3871.31,-0.0000855,0.0002542,0.0007059
1790653005.6,1790652900,105.6,194.4,83146.09,chainlink,83162.11,twap60,,4.626,0.3902,0.360,0.370,883.87,0.630,0.640,15.00,0.07,5,15.00,1978.74,3663.57,-0.0000454,0.0001742,0.0007136
1790653020.6,1790652900,120.6,179.4,83149.18,chainlink,83162.11,twap60,,4.626,0.4064,0.360,0.370,110.00,0.630,0.640,1498.62,0.07,5,1493.62,3283.10,895.00,0.0000298,0.0001427,0.0004078
1790653035.7,1790652900,135.7,164.3,83149.64,chainlink,83162.11,twap60,,4.626,0.4045,0.360,0.370,127.86,0.630,0.640,178.00,0.07,5,178.00,2104.15,1832.06,0.0000015,-0.0000944,0.0000964
1790653050.7,1790652900,150.7,149.3,83127.11,chainlink,83162.11,twap60,,4.626,0.2347,0.190,0.200,1000.96,0.800,0.810,205.33,0.07,5,205.33,1632.10,3541.01,-0.0002710,-0.0002737,0.0000754
1790653065.7,1790652900,165.7,134.3,83122.25,chainlink,83162.11,twap60,,4.626,0.1875,0.080,0.090,636.80,0.910,0.920,332.94,0.07,5,348.16,3577.85,2129.08,-0.0000588,-0.0002942,0.0002086
1790653080.7,1790652900,180.7,119.3,83119.64,chainlink,83162.11,twap60,,4.626,0.1513,0.060,0.070,84.00,0.930,0.940,937.66,0.07,5,937.66,4027.35,2025.43,-0.0000391,-0.0003594,-0.0002656
1790653095.7,1790652900,195.7,104.3,83121.93,chainlink,83162.11,twap60,,4.626,0.1393,0.060,0.070,1000.39,0.930,0.940,95.83,0.07,5,95.83,3002.80,3143.97,0.0000586,-0.0003333,-0.0003996
1790653110.7,1790652900,210.7,89.3,83123.63,chainlink,83162.11,twap60,,4.626,0.1180,0.050,0.060,1099.63,0.940,0.950,946.42,0.07,5,946.42,3204.76,3472.33,0.0000294,-0.0000422,-0.0002791
1790653125.8,1790652900,225.8,74.2,83104.13,chainlink,83162.11,twap60,,4.626,0.0161,,0.010,13109.14,0.990,,,0.07,5,,,17003.05,-0.0002376,-0.0002257,-0.0003889
1790653140.8,1790652900,240.8,59.2,83104.86,chainlink,83162.11,twap60,83103.69,4.626,0.0024,,0.010,23621.81,0.990,,,0.07,5,,,26874.35,0.0000129,-0.0001468,-0.0005475
1790653155.8,1790652900,255.8,44.2,83102.93,chainlink,83162.11,twap60,83103.60,4.626,0.0010,,0.010,41634.51,0.990,,,0.07,5,,,44983.83,-0.0000306,-0.0002197,-0.0007626
1790653170.8,1790652900,270.8,29.2,83088.44,chainlink,83162.11,twap60,83097.99,4.626,0.0010,,0.010,72024.78,0.990,,,0.07,5,,,75397.39,-0.0001769,-0.0004264,-0.0008894
1790653185.8,1790652900,285.8,14.2,83087.78,chainlink,83162.11,twap60,83094.57,4.626,0.0010,,0.010,72697.12,0.990,,,0.07,5,,,75992.73,-0.0000027,-0.0001926,-0.0009347
1790653215.9,1790653200,15.9,284.1,83085.16,chainlink,83094.11,twap60,,4.567,0.4501,0.430,0.440,678.78,0.560,0.570,91.70,0.07,5,91.70,1130.15,4202.25,-0.0000847,-0.0002163,-0.0010053
1790653230.9,1790653200,30.9,269.1,83088.29,chainlink,83094.11,twap60,,4.567,0.4664,0.450,0.460,692.78,0.540,0.550,100.00,0.07,5,100.00,959.92,3452.62,0.0000548,0.0000034,-0.0004928
1790653245.9,1790653200,45.9,254.1,83077.67,chainlink,83094.11,twap60,,4.567,0.4028,0.320,0.330,633.38,0.670,0.680,75.52,0.07,5,75.52,1553.82,3056.11,-0.0001141,-0.0001336,-0.0006490
1790653260.9,1790653200,60.9,239.1,83078.16,chainlink,83094.11,twap60,,4.567,0.4022,0.360,0.370,601.88,0.630,0.640,101.00,0.07,5,101.00,827.00,2435.20,0.0000108,-0.0001690,-0.0007118
1790653275.9,1790653200,75.9,224.1,83091.52,chainlink,83094.11,twap60,,4.567,0.4833,0.530,0.540,255.00,0.460,0.470,522.51,0.07,5,522.51,2090.09,947.55,0.0001570,0.0000936,-0.0007936
1790653290.9,1790653200,90.9,209.1,83092.80,chainlink,83094.11,twap60,,4.567,0.4912,0.570,0.580,71.00,0.420,0.430,784.45,0.07,5,784.45,2652.14,597.00,0.0000273,0.0000680,-0.0006865
1790653305.0,1790653200,105.0,195.0,83101.43,chainlink,83094.11,twap60,,4.567,0.5512,0.620,0.630,1517.25,0.370,0.380,100.00,0.07,5,100.00,576.42,2414.61,0.0001210,0.0002908,-0.0005447
1790653320.0,1790653200,120.0,180.0,83116.61,chainlink,83094.11,twap60,,4.567,0.6614,0.710,0.720,15.00,0.280,0.290,1835.86,0.07,5,1835.86,2817.54,611.37,0.0001376,0.0004590,-0.0003958
1790653335.1,1790653200,135.1,164.9,83113.40,chainlink,83094.11,twap60,,4.567,0.6472,0.700,0.710,976.61,0.290,0.300,154.00,0.07,5,154.00,905.00,2292.83,-0.0000115,0.0002752,-0.0004360
1790653350.1,1790653200,150.1,149.9,83113.86,chainlink,83094.11,twap60,,4.567,0.6600,0.730,0.740,445.33,0.260,0.270,135.00,0.07,5,135.00,1921.00,2652.33,-0.0000091,0.0002706,-0.0001597
1790653365.1,1790653200,165.1,134.9,83112.32,chainlink,83094.11,twap60,,4.567,0.6588,0.760,0.770,419.54,0.230,0.240,74.00,0.07,5,74.00,588.61,1444.32,-0.0000337,0.0000860,-0.0001272
1790653380.2,1790653200,180.2,119.8,83116.41,chainlink,83094.11,twap60,,4.567,0.7076,0.860,0.870,287.63,0.130,0.140,179.99,0.07,5,185.32,1386.27,1430.63,0.0000578,0.0000247,-0.0000078
1790653395.2,1790653200,195.2,104.8,83106.15,chainlink,83094.11,twap60,,4.567,0.6283,0.750,0.760,23.00,0.230,0.240,156.99,0.07,5,1153.04,1987.86,763.28,-0.0001235,-0.0001019,-0.0001809
1790653410.2,1790653200,210.2,89.8,83107.40,chainlink,83094.11,twap60,,4.567,0.6600,0.670,0.680,589.50,0.320,0.330,816.87,0.07,5,816.87,1224.98,2112.74,0.0000081,-0.0000928,-0.0001982
1790653425.2,1790653200,225.2,74.8,83097.63,chainlink,83094.11,twap60,,4.567,0.5519,0.480,0.490,641.26,0.510,0.520,40.89,0.07,5,45.09,171.09,2604.26,-0.0001093,-0.0001682,-0.0000741
1790653440.2,1790653200,240.2,59.8,83096.35,chainlink,83094.11,twap60,83096.35,4.567,0.5438,0.600,0.610,12.90,0.390,0.400,248.67,0.07,5,248.67,866.30,123.28,-0.0000154,-0.0002414,-0.0001097
1790653455.2,1790653200,255.2,44.8,83096.75,chainlink,83094.11,twap60,83096.52,4.567,0.5777,0.290,0.300,298.00,0.700,0.710,160.16,0.07,5,160.16,303.16,403.00,0.0000043,-0.0001201,-0.0000769
1790653470.3,1790653200,270.3,29.7,83093.97,chainlink,83094.11,twap60,83094.25,4.567,0.4999,0.770,0.780,168.50,0.220,0.230,50.00,0.07,5,50.00,383.00,233.50,0.0000277,-0.0001533,0.0000718
1790653485.3,1790653200,285.3,14.7,83094.71,chainlink,83094.11,twap60,83094.39,4.567,0.5565,0.920,0.930,89.97,0.070,0.080,10.00,0.07,5,10.00,90.33,691.44,0.0000089,-0.0000351,0.0000715
1790653515.3,1790653500,15.3,284.7,83082.01,chainlink,83094.03,twap60,,4.327,0.4295,0.380,0.390,126.00,0.610,0.620,1632.11,0.07,5,1652.11,3505.77,1016.10,-0.0000018,-0.0001163,-0.0000208
1790653530.3,1790653500,30.3,269.7,83081.51,chainlink,83094.03,twap60,,4.327,0.4243,0.370,0.380,826.99,0.620,0.630,25.65,0.07,5,25.65,1328.94,3147.99,-0.0000029,-0.0001499,-0.0000679
1790653545.3,1790653500,45.3,254.7,83081.55,chainlink,83094.03,twap60,,4.327,0.4220,0.360,0.370,387.48,0.630,0.640,506.43,0.07,5,506.43,3177.22,1874.70,0.0000008,-0.0001583,0.0000516
1790653560.3,1790653500,60.3,239.7,83081.55,chainlink,83094.03,twap60,,4.327,0.4191,0.360,0.390,67.94,0.610,0.640,287.77,0.07,5,287.77,2291.57,639.94,0.0000207,-0.0000074,0.0000370
1790653575.4,1790653500,75.4,224.6,83100.07,chainlink,83094.03,twap60,,4.327,0.5409,0.600,0.610,483.00,0.390,0.400,903.00,0.07,5,903.00,1603.00,1238.19,0.0002230,0.0002205,0.0001148
1790653590.4,1790653500,90.4,209.6,83092.38,chainlink,83094.03,twap60,,4.327,0.4883,0.460,0.470,190.93,0.530,0.540,702.30,0.07,5,702.30,3170.15,1244.88,-0.0002209,0.0001311,0.0000122
1790653605.4,1790653500,105.4,194.6,83098.34,chainlink,83094.03,twap60,,4.327,0.5319,0.680,0.690,337.00,0.310,0.320,340.84,0.07,5,340.84,2531.12,1603.34,0.0000666,0.0002227,-0.0000823
1790653620.4,1790653500,120.4,179.6,83114.78,chainlink,83094.03,twap60,,4.327,0.6576,0.660,0.670,299.99,0.330,0.340,126.00,0.07,5,126.00,1417.64,2782.98,0.0001466,0.0004000,0.0000051
1790653635.4,1790653500,135.4,164.6,83098.09,chainlink,83094.03,twap60,,4.327,0.5334,0.450,0.460,65.00,0.540,0.550,1793.09,0.07,5,1793.09,3204.78,609.72,-0.0001837,-0.0001522,-0.0001989
1790653650.4,1790653500,150.4,149.6,83104.10,chainlink,83094.03,twap60,,4.327,0.5879,0.630,0.640,153.43,0.360,0.370,1002.32,0.07,5,1002.32,3593.87,498.43,0.0001045,0.0001360,-0.0001326
1790653665.5,1790653500,165.5,134.5,83104.88,chainlink,83094.03,twap60,,4.327,0.6017,0.640,0.650,384.99,0.350,0.360,5.00,0.07,5,5.00,200.00,3475.05,0.0000150,0.0000275,-0.0000809
1790653680.5,1790653500,180.5,119.5,83102.37,chainlink,83094.03,twap60,,4.327,0.5855,0.650,0.660,212.39,0.340,0.350,190.22,0.07,5,190.22,1099.79,1053.39,-0.0000293,-0.0001322,-0.0001689
1790653695.5,1790653500,195.5,104.5,83117.91,chainlink,83094.03,twap60,,4.327,0.7540,0.880,0.890,240.87,0.110,0.120,922.73,0.07,5,922.73,2458.30,889.11,0.0001751,0.0002707,0.0001345
1790653710.5,1790653500,210.5,89.5,83126.38,chainlink,83094.03,twap60,,4.327,0.8560,0.960,0.970,897.27,0.030,0.040,524.46,0.07,5,524.46,1741.07,13608.98,0.0000981,0.0002736,0.0002366
1790653725.5,1790653500,225.5,74.5,83126.49,chainlink,83094.03,twap60,,4.327,0.8992,0.970,0.980,526.01,0.020,0.030,148.97,0.07,5,148.97,1086.72,3136.28,0.0000052,0.0002608,0.0003472
1790653740.5,1790653500,240.5,59.5,83121.53,chainlink,83094.03,twap60,83121.53,4.327,0.9250,0.680,0.690,200.98,0.310,0.320,81.99,0.07,5,81.99,367.45,271.51,-0.0000594,0.0002186,0.0003025
1790653755.5,1790653500,255.5,44.5,83102.61,chainlink,83094.03,twap60,83101.61,4.327,0.7497,0.960,0.970,155.00,0.030,0.040,224.00,0.07,5,224.00,528.00,811.26,-0.0000832,-0.0001878,0.0001316
1790653770.6,1790653500,270.6,29.4,83104.84,chainlink,83094.03,twap60,83102.55,4.327,0.9263,0.990,,,,0.010,3469.00,0.07,5,3469.00,4743.74,,0.0000269,-0.0002552,0.0001309
1790653785.6,1790653500,285.6,14.4,83106.43,chainlink,83094.03,twap60,83103.66,4.327,0.9990,0.990,,,,0.010,28906.82,0.07,5,28906.82,30563.23,,0.0000196,-0.0002410,0.0001411
1790653815.6,1790653800,15.6,284.4,83115.12,chainlink,83104.83,twap60,,4.090,0.5639,0.500,0.510,683.89,0.490,0.500,179.61,0.07,5,179.61,1807.61,2927.56,0.0001318,0.0001505,0.0004015
1790653830.6,1790653800,30.6,269.4,83103.82,chainlink,83104.83,twap60,,4.090,0.4935,0.440,0.450,388.99,0.550,0.560,257.37,0.07,5,257.37,1895.32,1382.51,-0.0001050,-0.0000119,0.0002687
1790653845.6,1790653800,45.6,254.4,83102.85,chainlink,83104.83,twap60,,4.090,0.4869,0.520,0.530,1396.66,0.470,0.480,38.00,0.07,5,38.00,570.00,2991.85,-0.0000136,-0.0000434,0.0002771
1790653860.7,1790653800,60.7,239.3,83102.25,chainlink,83104.83,twap60,,4.090,0.4822,0.330,0.340,10.00,0.660,0.670,12.00,0.07,5,12.00,1008.25,460.56,-0.0000365,-0.0000230,0.0002492
1790653875.7,1790653800,75.7,224.3,83090.50,chainlink,83104.83,twap60,,4.090,0.3982,0.360,0.370,986.86,0.630,0.640,10.00,0.07,5,10.00,214.63,3428.86,-0.0001274,-0.0002653,-0.0002436
1790653890.7,1790653800,90.7,209.3,83090.32,chainlink,83104.83,twap60,,4.090,0.3926,0.410,0.420,135.00,0.580,0.590,708.75,0.07,5,729.75,2581.87,306.00,-0.0000034,-0.0001644,-0.0000298
1790653905.7,1790653800,105.7,194.3,83087.83,chainlink,83104.83,twap60,,4.090,0.3689,0.330,0.340,536.52,0.660,0.670,15.00,0.07,5,15.00,419.67,2121.44,-0.0000384,-0.0002101,-0.0001778
1790653920.8,1790653800,120.8,179.2,83069.00,chainlink,83104.83,twap60,,4.090,0.2289,0.190,0.200,64.00,0.800,0.810,777.10,0.07,5,797.10,2121.00,2065.86,-0.0002705,-0.0003862,-0.0005339
1790653935.8,1790653800,135.8,164.2,83079.11,chainlink,83104.83,twap60,,4.090,0.2863,0.190,0.200,383.52,0.800,0.810,512.01,0.07,5,512.01,2765.25,2776.27,0.0000606,-0.0001383,-0.0001962
1790653950.8,1790653800,150.8,149.2,83050.27,chainlink,83104.83,twap60,,4.090,0.1009,0.080,0.090,332.24,0.910,0.920,239.00,0.07,5,239.00,1741.26,2735.63,-0.0003474,-0.0004904,-0.0006423
1790653965.9,1790653800,165.9,134.1,83050.53,chainlink,83104.83,twap60,,4.090,0.0856,0.060,0.070,232.00,0.930,0.940,399.99,0.07,5,399.99,3297.17,2456.60,-0.0000136,-0.0004928,-0.0006534
1790653980.9,1790653800,180.9,119.1,83052.65,chainlink,83104.83,twap60,,4.090,0.0758,0.020,0.030,663.36,0.970,0.980,1037.17,0.07,5,1037.17,8385.94,1416.52,0.0000292,-0.0002579,-0.0006103
1790653995.9,1790653800,195.9,104.1,83108.30,chainlink,83104.83,twap60,,4.090,0.5422,0.620,0.630,56.92,0.370,0.380,1285.26,0.07,5,1285.26,2525.59,266.92,0.0006655,0.0003510,-0.0001194
1790654010.9,1790653800,210.9,89.1,83126.06,chainlink,83104.83,twap60,,4.090,0.7707,0.790,0.800,5.00,0.200,0.210,726.72,0.07,5,726.72,1445.85,415.00,0.0002137,0.0008955,0.0000001
1790654026.0,1790653800,226.0,74.0,83131.43,chainlink,83104.83,twap60,,4.090,0.8675,0.820,0.830,177.35,0.170,0.180,6.66,0.07,5,6.66,131.66,598.64,0.0000562,0.0009773,0.0000598
1790654041.0,1790653800,241.0,59.0,83114.56,chainlink,83104.83,twap60,83114.56,4.090,0.7072,0.430,0.440,40.00,0.560,0.570,103.71,0.07,5,98.71,449.71,105.00,-0.0001791,0.0007409,0.0000606
1790654056.0,1790653800,256.0,44.0,83100.35,chainlink,83104.83,twap60,83104.85,4.090,0.3876,0.260,0.270,10.00,0.730,0.740,65.00,0.07,5,70.00,200.56,98.00,-0.0001710,-0.0000957,-0.0000272
1790654071.0,1790653800,271.0,29.0,83087.53,chainlink,83104.83,twap60,83098.71,4.090,0.0305,0.010,0.020,1011.45,0.980,0.990,227.55,0.07,5,227.55,227.55,2569.89,-0.0001479,-0.0004719,-0.0002079
1790654085.0,1790653800,285.0,15.0,83052.06,chainlink,83104.83,twap60,83086.64,4.090,0.0010,,0.010,61334.96,0.990,,,0.07,5,,,63875.71,-0.0004290,-0.0009313,-0.0006548
1790654115.2,1790654100,15.2,284.8,83045.27,chainlink,83078.29,twap60,,4.013,0.2995,0.280,0.290,1874.01,0.710,0.720,65.00,0.07,5,65.00,1632.20,3357.01,0.0000229,-0.0006567,-0.0008098
1790654130.3,1790654100,30.3,269.7,83046.29,chainlink,83078.29,twap60,,4.013,0.2994,0.260,0.270,119.31,0.730,0.740,384.34,0.07,5,384.34,2325.22,2013.41,0.0000129,-0.0004986,-0.0006946
1790654145.3,1790654100,45.3,254.7,83035.04,chainlink,83078.29,twap60,,4.013,0.2311,0.370,0.380,252.10,0.620,0.630,498.68,0.07,5,498.68,2110.88,1657.72,-0.0001357,-0.0002048,-0.0008456
1790654160.3,1790654100,60.3,239.7,83059.44,chainlink,83078.29,twap60,,4.013,0.3698,0.340,0.350,327.99,0.650,0.660,617.98,0.07,5,617.98,2673.70,1511.28,0.0000947,0.0001936,-0.0005012
1790654175.3,1790654100,75.3,224.7,83047.78,chainlink,83078.29,twap60,,4.013,0.2879,0.170,0.180,386.75,0.820,0.830,290.00,0.07,5,290.00,2319.66,3022.24,-0.0001464,0.0000309,-0.0005155
1790654190.3,1790654100,90.3,209.7,83036.45,chainlink,83078.29,twap60,,4.013,0.2118,0.160,0.170,81.03,0.830,0.840,384.27,0.07,5,389.27,2192.45,2562.82,-0.0000327,-0.0001188,-0.0006569
1790654205.4,1790654100,105.4,194.6,83034.07,chainlink,83078.29,twap60,,4.013,0.1878,0.160,0.170,395.03,0.830,0.840,643.63,0.07,5,643.63,2463.40,3373.50,0.0000020,-0.0002109,-0.0006910
1790654220.4,1790654100,120.4,179.6,83035.98,chainlink,83078.29,twap60,,4.013,0.1861,0.140,0.150,1272.06,0.850,0.860,86.45,0.07,5,86.45,2030.30,3812.18,0.0000230,-0.0002885,-0.0004587
1790654235.4,1790654100,135.4,164.6,83031.23,chainlink,83078.29,twap60,,4.013,0.1467,0.090,0.100,249.90,0.900,0.910,907.16,0.07,5,907.16,5126.09,2521.13,-0.0000515,-0.0000956,-0.0005768
1790654250.4,1790654100,150.4,149.6,83026.06,chainlink,83078.29,twap60,,4.013,0.1069,0.060,0.070,1250.30,0.930,0.940,46.87,0.07,5,46.87,3286.96,4038.10,-0.0000537,-0.0000944,-0.0003083
1790654265.4,1790654100,165.4,134.6,83033.93,chainlink,83078.29,twap60,,4.013,0.1279,0.090,0.100,666.45,0.900,0.910,147.00,0.07,5,147.00,2139.09,2631.14,0.0000947,-0.0000016,-0.0001962
1790654280.4,1790654100,180.4,119.6,83032.01,chainlink,83078.29,twap60,,4.013,0.0980,0.060,0.070,525.65,0.930,0.940,205.00,0.07,5,205.00,3898.91,2718.41,-0.0000157,-0.0000421,-0.0002528
1790654295.5,1790654100,195.5,104.5,83013.07,chainlink,83078.29,twap60,,4.013,0.0215,0.020,0.030,1134.47,0.970,0.980,106.00,0.07,5,106.00,6580.13,3901.45,-0.0002287,-0.0002102,-0.0011465
1790654310.5,1790654100,210.5,89.5,83012.75,chainlink,83078.29,twap60,,4.013,0.0102,,0.010,9103.41,0.990,,,0.07,5,,,11481.07,-0.0000188,-0.0001604,-0.0013724
1790654325.5,1790654100,225.5,74.5,83009.01,chainlink,83078.29,twap60,,4.013,0.0016,,0.010,9739.50,0.990,,,0.07,5,,,12390.05,-0.0000418,-0.0002927,-0.0014498
1790654340.6,1790654100,240.6,59.4,83013.55,chainlink,83078.29,twap60,83014.37,4.013,0.0010,,0.010,21531.49,0.990,,,0.07,5,,,23766.12,-0.0000266,-0.0002228,-0.0012160
1790654355.6,1790654100,255.6,44.4,83013.32,chainlink,83078.29,twap60,83013.51,4.013,0.0010,,0.001,17133.91,0.999,,,0.07,5,,,57788.62,-0.0000125,-0.0000120,-0.0010415
1790654370.6,1790654100,270.6,29.4,83017.80,chainlink,83078.29,twap60,83014.02,4.013,0.0010,,0.001,7228.91,0.999,,,0.07,5,,,71535.58,0.0000544,0.0000641,-0.0008416
1790654385.6,1790654100,285.6,14.4,83031.42,chainlink,83078.29,twap60,83020.07,4.013,0.0010,,0.001,7912.33,0.999,,,0.07,5,,,73130.26,0.0000884,0.0001887,-0.0002483
1790654415.7,1790654400,15.7,284.3,83035.10,chainlink,83022.44,twap60,,3.916,0.5819,0.620,0.630,604.00,0.370,0.380,278.86,0.07,5,278.86,1781.35,3019.17,0.0000174,0.0002628,-0.0001218
1790654430.7,1790654400,30.7,269.3,83035.26,chainlink,83022.44,twap60,,3.916,0.5856,0.420,0.430,167.33,0.570,0.580,30.00,0.07,5,30.00,442.83,2144.47,-0.0000150,0.0001346,-0.0001331
1790654445.7,1790654400,45.7,254.3,83014.35,chainlink,83022.44,twap60,,3.916,0.4439,0.330,0.340,822.38,0.660,0.670,105.00,0.07,5,105.00,1813.66,3130.38,0.0000372,-0.0002183,-0.0004483
1790654460.7,1790654400,60.7,239.3,82993.39,chainlink,83022.44,twap60,,3.916,0.2996,0.300,0.310,212.00,0.690,0.700,604.58,0.07,5,604.58,3205.76,2036.28,-0.0002415,-0.0004850,-0.0008015
1790654475.7,1790654400,75.7,224.3,83005.58,chainlink,83022.44,twap60,,3.916,0.3755,0.380,0.390,347.37,0.610,0.620,358.87,0.07,5,358.87,1632.87,2853.37,0.0001647,-0.0003725,-0.0004045
1790654490.7,1790654400,90.7,209.3,83004.98,chainlink,83022.44,twap60,,3.916,0.3659,0.390,0.400,82.00,0.600,0.610,700.11,0.07,5,700.11,1908.54,1704.41,-0.0000072,-0.0000757,-0.0003483
1790654505.8,1790654400,105.8,194.2,83035.54,chainlink,83022.44,twap60,,3.916,0.6061,0.650,0.660,1760.05,0.340,0.350,143.00,0.07,5,143.00,1558.21,3502.30,0.0003680,0.0002661,0.0000177
1790654520.8,1790654400,120.8,179.2,83042.00,chainlink,83022.44,twap60,,3.916,0.6639,0.710,0.720,1277.56,0.280,0.290,142.10,0.07,5,142.10,1095.92,3969.22,0.0000801,0.0006034,0.0000782
1790654535.8,1790654400,135.8,164.2,83060.16,chainlink,83022.44,twap60,,3.916,0.8062,0.830,0.840,652.70,0.160,0.170,126.11,0.07,5,86.11,1693.93,3923.40,0.0001865,0.0006573,0.0003569
1790654550.8,1790654400,150.8,149.2,83046.97,chainlink,83022.44,twap60,,3.916,0.7256,0.760,0.770,134.00,0.230,0.240,801.32,0.07,5,801.32,3018.69,1379.00,-0.0001639,0.0005057,0.0002517
1790654565.8,1790654400,165.8,134.2,83054.53,chainlink,83022.44,twap60,,3.916,0.8008,0.850,0.860,884.46,0.140,0.150,99.00,0.07,5,111.00,1472.45,3444.91,0.0000911,0.0002310,0.0002555
1790654580.8,1790654400,180.8,119.2,83052.21,chainlink,83022.44,twap60,,3.916,0.8035,0.770,0.790,108.00,0.210,0.230,16.00,0.07,5,16.00,56.00,1633.31,-0.0000476,0.0000909,0.0002427
1790654595.8,1790654400,195.8,104.2,83048.05,chainlink,83022.44,twap60,,3.916,0.7929,0.830,0.840,485.73,0.160,0.170,156.94,0.07,5,156.94,2099.94,1866.73,-0.0000443,-0.0001509,0.0004064
1790654610.9,1790654400,210.9,89.1,83024.91,chainlink,83022.44,twap60,,3.916,0.5358,0.280,0.290,100.00,0.710,0.720,375.33,0.07,5,370.33,1324.71,1222.24,-0.0002787,-0.0002656,0.0001498
1790654625.9,1790654400,225.9,74.1,82992.73,chainlink,83022.44,twap60,,3.916,0.0970,0.100,0.110,769.96,0.890,0.900,242.22,0.07,5,242.22,1406.41,2106.36,-0.0003196,-0.0007640,-0.0002774
1790654640.9,1790654400,240.9,59.1,83008.45,chainlink,83022.44,twap60,83010.79,3.916,0.2074,0.150,0.160,199.00,0.840,0.850,371.00,0.07,5,371.00,1648.67,1217.00,0.0001876,-0.0005213,-0.0000711
1790654655.9,1790654400,255.9,44.1,83005.54,chainlink,83022.44,twap60,83008.00,3.916,0.0703,0.020,0.030,196.07,0.980,0.990,2116.65,0.07,5,814.05,2892.62,1113.25,-0.0000633,-0.0005121,-0.0000933
1790654670.9,1790654400,270.9,29.1,83029.72,chainlink,83022.44,twap60,83011.63,3.916,0.3643,0.150,0.160,218.00,0.840,0.850,11.75,0.07,5,11.75,665.75,804.00,0.0003029,0.0001260,0.0000679
1790654685.9,1790654400,285.9,14.1,83030.32,chainlink,83022.44,twap60,83017.28,3.916,0.1450,0.010,0.020,78.72,0.980,0.990,1665.26,0.07,5,1665.26,1665.26,453.72,0.0000031,0.0004511,-0.0000259
1790654716.0,1790654700,16.0,284.0,83019.80,chainlink,83019.49,twap60,,3.728,0.5022,0.500,0.510,10.00,0.490,0.500,1683.71,0.07,5,1683.71,3541.89,1254.00,-0.0001310,0.0001834,-0.0002012
1790654730.1,1790654700,30.1,269.9,83025.61,chainlink,83019.49,twap60,,3.728,0.5431,0.550,0.560,1507.13,0.440,0.450,20.00,0.07,5,20.00,1349.04,3308.56,0.0000700,-0.0000537,0.0001728
1790654745.1,1790654700,45.1,254.9,83031.75,chainlink,83019.49,twap60,,3.728,0.5888,0.590,0.600,382.33,0.400,0.410,48.50,0.07,5,48.50,1342.32,2075.75,0.0000916,-0.0000018,0.0002206
1790654760.2,1790654700,60.2,239.8,83028.70,chainlink,83019.49,twap60,,3.728,0.5694,0.530,0.540,76.35,0.460,0.470,1744.61,0.07,5,1739.61,4559.01,615.35,-0.0000319,-0.0000239,0.0004433
1790654775.2,1790654700,75.2,224.8,83026.58,chainlink,83019.49,twap60,,3.728,0.5557,0.530,0.540,50.00,0.460,0.470,459.68,0.07,5,459.68,2889.88,671.00,-0.0000259,0.0000818,0.0002530
1790654790.2,1790654700,90.2,209.8,83026.95,chainlink,83019.49,twap60,,3.728,0.5611,0.550,0.560,126.74,0.440,0.450,559.15,0.07,5,571.15,3593.29,887.26,-0.0000019,0.0000338,0.0002647
1790654805.2,1790654700,105.2,194.8,83030.22,chainlink,83019.49,twap60,,3.728,0.5915,0.620,0.630,104.95,0.370,0.380,1474.19,0.07,5,1474.19,3082.47,670.29,0.0000380,-0.0000137,-0.0000618
1790654820.2,1790654700,120.2,179.8,83027.55,chainlink,83019.49,twap60,,3.728,0.5725,0.780,0.790,133.46,0.210,0.220,1642.19,0.07,5,1642.19,3168.19,1442.57,-0.0000319,-0.0000143,-0.0002061
1790654835.2,1790654700,135.2,164.8,83059.84,chainlink,83019.49,twap60,,3.728,0.8337,0.700,0.710,489.66,0.290,0.300,40.00,0.07,5,40.00,789.80,1168.14,0.0003373,0.0003940,-0.0000090
1790654850.2,1790654700,150.2,149.8,83047.92,chainlink,83019.49,twap60,,3.728,0.7667,0.730,0.740,1478.90,0.260,0.270,50.00,0.07,5,50.00,864.00,2822.90,-0.0001002,0.0002512,0.0000115
1790654865.3,1790654700,165.3,134.7,83037.13,chainlink,83019.49,twap60,,3.728,0.6866,0.680,0.690,120.00,0.310,0.320,811.92,0.07,5,811.92,2196.29,1557.00,-0.0001263,0.0000835,-0.0002291
1790654880.3,1790654700,180.3,119.7,83036.30,chainlink,83019.49,twap60,,3.728,0.6932,0.690,0.700,111.66,0.300,0.310,512.16,0.07,5,512.16,2314.61,543.02,-0.0000054,0.0000538,-0.0001859
1790654895.3,1790654700,195.3,104.7,83001.02,chainlink,83019.49,twap60,,3.728,0.2689,0.210,0.220,1595.01,0.780,0.790,10.00,0.07,5,10.00,271.00,3907.85,-0.0004241,-0.0006651,-0.0005665
1790654910.4,1790654700,210.4,89.6,82995.48,chainlink,83019.49,twap60,,3.728,0.1804,0.170,0.180,346.52,0.820,0.830,32.20,0.07,5,32.20,1071.20,2578.45,-0.0000670,-0.0006281,-0.0002865
1790654925.4,1790654700,225.4,74.6,82992.98,chainlink,83019.49,twap60,,3.728,0.1135,0.080,0.090,970.63,0.910,0.920,280.60,0.07,5,280.60,2679.37,3032.65,-0.0000303,-0.0005272,0.0000013
1790654940.4,1790654700,240.4,59.6,82995.18,chainlink,83019.49,twap60,82995.18,3.728,0.0706,0.030,0.040,840.19,0.960,0.970,132.88,0.07,5,132.88,4497.91,2132.03,0.0000268,-0.0004945,-0.0001881
1790654955.4,1790654700,255.4,44.6,82995.31,chainlink,83019.49,twap60,82995.25,3.728,0.0117,,0.010,7026.60,0.990,,,0.07,5,,,9553.28,0.0000029,-0.0000692,-0.0001117
1790654970.4,1790654700,270.4,29.6,83012.39,chainlink,83019.49,twap60,82999.65,3.728,0.0093,,0.010,521.10,0.990,,,0.07,5,,,3632.31,0.0002082,0.0002035,-0.0002130
1790654985.5,1790654700,285.5,14.5,83026.00,chainlink,83019.49,twap60,83006.78,3.728,0.0010,,0.010,9741.53,0.990,,,0.07,5,,,12391.53,0.0001148,0.0003981,-0.0000711
1790655015.5,1790655000,15.5,284.5,83040.92,chainlink,83011.60,twap60,,3.803,0.6890,0.630,0.640,75.00,0.360,0.370,14.00,0.07,5,14.00,707.39,306.00,0.0001229,0.0005518,0.0002545
1790655030.5,1790655000,30.5,269.5,83039.63,chainlink,83011.60,twap60,,3.803,0.6867,0.730,0.740,1423.31,0.260,0.270,99.16,0.07,5,99.16,1298.58,4156.69,-0.0000102,0.0002790,0.0001865
1790655045.7,1790655000,45.7,254.3,83049.93,chainlink,83011.60,twap60,,3.803,0.7544,0.820,0.830,199.00,0.170,0.180,1259.61,0.07,5,1259.61,4285.69,2590.77,0.0001134,0.0002505,0.0002237
1790655060.7,1790655000,60.7,239.3,83059.93,chainlink,83011.60,twap60,,3.803,0.8160,0.810,0.820,303.43,0.180,0.190,582.64,0.07,5,582.64,3717.97,1982.27,0.0000447,0.0003518,0.0003757
1790655075.8,1790655000,75.8,224.2,83078.52,chainlink,83011.60,twap60,,3.803,0.9026,0.910,0.920,70.00,0.080,0.090,662.23,0.07,5,662.23,4209.19,2620.77,0.0002244,0.0004580,0.0006189
1790655090.8,1790655000,90.8,209.2,83077.86,chainlink,83011.60,twap60,,3.803,0.9098,0.900,0.910,160.00,0.090,0.100,789.14,0.07,5,789.14,4577.34,2261.62,-0.0000084,0.0004497,0.0006117
1790655105.8,1790655000,105.8,194.2,83075.93,chainlink,83011.60,twap60,,3.803,0.9134,0.920,0.930,2059.95,0.070,0.080,15.00,0.07,5,15.00,292.00,6030.59,-0.0000190,0.0002372,0.0005506
1790655120.8,1790655000,120.8,179.2,83077.21,chainlink,83011.60,twap60,,3.803,0.9282,0.930,0.940,576.09,0.060,0.070,481.24,0.07,5,481.24,3264.84,3840.81,0.0000085,0.0002087,0.0005464
1790655135.9,1790655000,135.9,164.1,83082.35,chainlink,83011.60,twap60,,3.803,0.9525,0.960,0.970,909.01,0.030,0.040,588.74,0.07,5,588.74,3016.48,11308.52,0.0000607,0.0000456,0.0003143
1790655150.9,1790655000,150.9,149.1,83091.74,chainlink,83011.60,twap60,,3.803,0.9782,0.960,0.970,1488.92,0.030,0.040,278.00,0.07,5,278.00,2706.72,5927.65,0.0001153,0.0001714,0.0005311
1790655165.9,1790655000,165.9,134.1,83091.28,chainlink,83011.60,twap60,,3.803,0.9846,0.980,0.990,3105.98,0.010,0.020,1404.39,0.07,5,1404.39,5041.21,3105.98,-0.0000059,0.0001778,0.0006566
1790655180.9,1790655000,180.9,119.1,83094.30,chainlink,83011.60,twap60,,3.803,0.9928,0.980,0.990,1219.19,0.010,0.020,3168.12,0.07,5,3168.12,6428.50,1219.19,0.0000363,0.0002045,0.0006992
1790655195.9,1790655000,195.9,104.1,83098.21,chainlink,83011.60,twap60,,3.803,0.9978,0.992,0.996,60.00,0.004,0.008,131.51,0.07,5,131.51,11870.36,2504.70,0.0000659,0.0001932,0.0011700
1790655210.9,1790655000,210.9,89.1,83097.52,chainlink,83011.60,twap60,,3.803,0.9990,0.999,,,,0.001,896.63,0.07,5,896.63,19425.59,,-0.0000041,0.0000692,0.0012286
1790655225.9,1790655000,225.9,74.1,83123.73,chainlink,83011.60,twap60,,3.803,0.9990,0.999,,,,0.001,4998.34,0.07,5,4998.34,26964.23,,0.0003130,0.0003904,0.0015745
1790655241.0,1790655000,241.0,59.0,83122.33,chainlink,83011.60,twap60,83122.21,3.803,0.9990,0.999,,,,0.001,5001.02,0.07,5,5001.02,37610.49,,-0.0000152,0.0003561,0.0015322
1790655256.0,1790655000,256.0,44.0,83119.87,chainlink,83011.60,twap60,83119.90,3.803,0.9990,0.999,,,,0.001,9133.78,0.07,5,9133.78,47134.62,,-0.0000282,0.0002648,0.0015021
1790655271.0,1790655000,271.0,29.0,83088.08,chainlink,83011.60,twap60,83115.09,3.803,0.9990,0.999,,,,0.001,7203.78,0.07,5,7203.78,70362.53,,-0.0003825,-0.0001159,0.0008623
1790655286.0,1790655000,286.0,14.0,83092.56,chainlink,83011.60,twap60,83107.79,3.803,0.9990,0.999,,,,0.001,7242.03,0.07,5,7242.03,70479.28,,0.0000539,-0.0003734,0.0007637
1790655315.1,1790655300,15.1,284.9,83111.83,chainlink,83105.25,twap60,,3.855,0.5434,0.550,0.560,288.07,0.440,0.450,561.15,0.07,5,561.15,2670.75,1690.27,0.0002475,-0.0000967,0.0008589
1790655330.1,1790655300,30.1,269.9,83101.38,chainlink,83105.25,twap60,,3.855,0.4736,0.490,0.500,50.00,0.500,0.510,556.97,0.07,5,471.97,1568.69,1262.00,-0.0001271,0.0001600,0.0007327
1790655345.1,1790655300,45.1,254.9,83102.53,chainlink,83105.25,twap60,,3.855,0.4808,0.480,0.490,503.65,0.510,0.520,110.30,0.07,5,110.30,1202.87,2543.58,0.0000213,0.0001198,0.0005574
1790655360.2,1790655300,60.2,239.8,83112.43,chainlink,83105.25,twap60,,3.855,0.5524,0.550,0.560,1086.52,0.440,0.450,297.40,0.07,5,297.40,1503.02,1913.52,0.0001194,0.0002547,0.0006326
1790655375.2,1790655300,75.2,224.8,83109.23,chainlink,83105.25,twap60,,3.855,0.5302,0.550,0.560,10.00,0.440,0.450,799.10,0.07,5,799.10,2953.59,533.00,-0.0000385,-0.0000326,0.0003691
1790655390.2,1790655300,90.2,209.8,83111.86,chainlink,83105.25,twap60,,3.855,0.5523,0.610,0.620,2189.84,0.380,0.390,10.00,0.07,5,10.00,126.00,5171.92,0.0000288,0.0001336,0.0004135
1790655405.3,1790655300,105.3,194.7,83114.36,chainlink,83105.25,twap60,,3.855,0.5753,0.610,0.620,15.00,0.380,0.390,639.16,0.07,5,639.16,2619.82,1432.00,0.0000274,0.0001425,0.0004555
1790655420.3,1790655300,120.3,179.7,83117.41,chainlink,83105.25,twap60,,3.855,0.6052,0.630,0.640,316.81,0.360,0.370,202.00,0.07,5,202.00,1278.23,2832.81,0.0000353,0.0000598,0.0004825
1790655435.4,1790655300,135.4,164.6,83129.43,chainlink,83105.25,twap60,,3.855,0.7128,0.850,0.860,160.00,0.140,0.150,271.44,0.07,5,266.44,923.02,1292.20,0.0001585,0.0002401,0.0005688
1790655450.4,1790655300,150.4,149.6,83160.11,chainlink,83105.25,twap60,,3.855,0.9129,0.920,0.930,198.77,0.070,0.080,431.14,0.07,5,431.14,2113.67,2191.66,0.0002565,0.0005778,0.0008222
1790655465.4,1790655300,165.4,134.6,83189.69,chainlink,83105.25,twap60,,3.855,0.9878,0.960,0.970,370.00,0.030,0.040,1135.08,0.07,5,1135.08,3177.21,3985.75,0.0003455,0.0009046,0.0011835
1790655480.4,1790655300,180.4,119.6,83189.06,chainlink,83105.25,twap60,,3.855,0.9926,0.960,0.970,237.20,0.030,0.040,149.06,0.07,5,149.06,1734.14,4017.47,-0.0000075,0.0008756,0.0011586
1790655495.4,1790655300,195.4,104.6,83145.85,chainlink,83105.25,twap60,,3.855,0.9049,0.850,0.860,5.00,0.140,0.150,50.00,0.07,5,45.00,2477.31,15.00,-0.0004714,0.0000849,0.0005772
1790655510.4,1790655300,210.4,89.6,83140.57,chainlink,83105.25,twap60,,3.855,0.9033,0.900,0.910,20.33,0.090,0.100,325.66,0.07,5,325.66,1385.60,1830.72,0.0000066,-0.0002451,0.0005155
1790655525.4,1790655300,225.4,74.6,83139.78,chainlink,83105.25,twap60,,3.855,0.9360,0.970,0.980,739.23,0.020,0.030,112.91,0.07,5,112.91,909.91,3886.98,-0.0000096,-0.0006001,0.0001947
1790655540.4,1790655300,240.4,59.6,83154.13,chainlink,83105.25,twap60,83154.13,3.855,0.9979,0.990,,,,0.010,12770.24,0.07,5,12770.24,16079.90,,0.0001428,-0.0003718,0.0003839
1790655555.4,1790655300,255.4,44.6,83162.85,chainlink,83105.25,twap60,83157.77,3.855,0.9990,0.990,,,,0.010,35466.58,0.07,5,35466.58,38573.86,,0.0001033,0.0002746,0.0005170
1790655570.4,1790655300,270.4,29.6,83172.16,chainlink,83105.25,twap60,83163.88,3.855,0.9990,0.990,,,,0.010,68441.78,0.07,5,68441.78,71779.27,,0.0000560,0.0003799,0.0010114
1790655585.5,1790655300,285.5,14.5,83172.23,chainlink,83105.25,twap60,83166.51,3.855,0.9990,0.990,,,,0.010,73538.37,0.07,5,73538.37,76822.86,,0.0000361,0.0003604,0.0009582
1790655615.5,1790655600,15.5,284.5,83209.66,chainlink,83169.89,twap60,,3.582,0.7611,0.700,0.710,94.63,0.290,0.300,531.77,0.07,5,571.77,2648.08,2125.05,0.0003027,0.0005067,0.0011750
1790655630.5,1790655600,30.5,269.5,83205.46,chainlink,83169.89,twap60,,3.582,0.7439,0.740,0.750,100.00,0.250,0.260,994.62,0.07,5,994.62,3217.57,840.34,-0.0000503,0.0004356,0.0012592
1790655645.5,1790655600,45.5,254.5,83203.21,chainlink,83169.89,twap60,,3.582,0.7373,0.630,0.640,243.37,0.360,0.370,1142.31,0.07,5,1162.31,3423.76,1264.37,-0.0000435,0.0003281,0.0012110
1790655660.6,1790655600,60.6,239.4,83189.04,chainlink,83169.89,twap60,,3.582,0.6475,0.600,0.610,449.51,0.380,0.390,40.00,0.07,5,146.00,1487.42,2412.99,-0.0001703,0.0000549,0.0009212
1790655675.6,1790655600,75.6,224.4,83188.11,chainlink,83169.89,twap60,,3.582,0.6460,0.650,0.660,427.33,0.340,0.350,234.00,0.07,5,234.00,1191.41,1659.11,-0.0000494,-0.0002588,0.0009458
1790655690.7,1790655600,90.7,209.3,83190.78,chainlink,83169.89,twap60,,3.582,0.6730,0.680,0.690,510.85,0.310,0.320,393.00,0.07,5,383.00,2383.56,3021.69,-0.0000186,-0.0001929,0.0009466
1790655705.7,1790655600,105.7,194.3,83202.24,chainlink,83169.89,twap60,,3.582,0.7664,0.770,0.780,765.06,0.220,0.230,188.90,0.07,5,188.90,1982.17,2902.44,0.0001343,-0.0000116,0.0010554
1790655720.7,1790655600,120.7,179.3,83211.10,chainlink,83169.89,twap60,,3.582,0.8351,0.860,0.870,1360.09,0.130,0.140,130.63,0.07,5,130.63,1580.25,4573.55,0.0001073,0.0002268,0.0011405
1790655735.7,1790655600,135.7,164.3,83256.65,chainlink,83169.89,twap60,,3.582,0.9851,0.950,0.960,1206.88,0.040,0.050,77.71,0.07,5,77.71,1985.55,13730.18,0.0005205,0.0007728,0.0014166
1790655750.7,1790655600,150.7,149.3,83239.12,chainlink,83169.89,twap60,,3.582,0.9678,0.940,0.950,634.26,0.050,0.060,435.67,0.07,5,435.67,2279.61,4690.38,-0.0002109,0.0005775,0.0009397
1790655765.7,1790655600,165.7,134.3,83233.23,chainlink,83169.89,twap60,,3.582,0.9657,0.950,0.960,662.99,0.040,0.050,546.81,0.07,5,546.81,3502.74,16245.85,-0.0000710,0.0003732,0.0005232
1790655780.8,1790655600,180.8,119.2,83240.20,chainlink,83169.89,twap60,,3.582,0.9863,0.970,0.980,337.99,0.020,0.030,1399.26,0.07,5,1399.26,4359.54,8634.05,0.0000827,0.0003230,0.0006628
1790655795.8,1790655600,195.8,104.2,83238.13,chainlink,83169.89,twap60,,3.582,0.9913,0.980,0.990,6177.43,0.010,0.020,1251.39,0.07,5,1251.39,3282.28,6177.43,-0.0000420,-0.0002228,0.0011794
1790655810.8,1790655600,210.8,89.2,83239.53,chainlink,83169.89,twap60,,3.582,0.9972,0.990,,,,0.010,12999.02,0.07,5,12999.02,15891.87,,0.0000411,0.0000047,0.0011895
1790655825.8,1790655600,225.8,74.2,83230.36,chainlink,83169.89,twap60,,3.582,0.9981,0.990,,,,0.010,12352.72,0.07,5,12352.72,15310.51,,-0.0001102,-0.0000356,0.0010590
1790655840.8,1790655600,240.8,59.2,83229.06,chainlink,83169.89,twap60,83228.60,3.582,0.9990,0.990,,,,0.010,15613.12,0.07,5,15613.12,18465.54,,-0.0000525,-0.0001511,0.0008990
1790655855.8,1790655600,255.8,44.2,83211.23,chainlink,83169.89,twap60,83214.48,3.582,0.9990,0.990,,,,0.010,35736.10,0.07,5,35736.10,38838.51,,-0.0002087,-0.0002990,0.0005256
1790655870.9,1790655600,270.9,29.1,83214.54,chainlink,83169.89,twap60,83213.61,3.582,0.9990,0.990,,,,0.010,64853.30,0.07,5,64853.30,68046.83,,0.0000392,-0.0003002,0.0005447
1790655885.9,1790655600,285.9,14.1,83226.26,chainlink,83169.89,twap60,83215.67,3.582,0.9990,0.990,,,,0.010,71536.75,0.07,5,71536.75,74657.23,,0.0001381,-0.0000862,0.0006052
1790655915.9,1790655900,15.9,284.1,83227.03,chainlink,83217.67,twap60,,3.401,0.5699,0.500,0.510,104.00,0.490,0.500,1881.30,0.07,5,1881.30,2839.29,1081.00,0.0000460,0.0001893,0.0002089
1790655930.9,1790655900,30.9,269.1,83221.60,chainlink,83217.67,twap60,,3.401,0.5304,0.520,0.530,112.45,0.470,0.480,659.60,0.07,5,659.60,3474.34,689.45,-0.0000647,0.0000821,0.0001775
1790655945.9,1790655900,45.9,254.1,83214.09,chainlink,83217.67,twap60,,3.401,0.4713,0.430,0.440,25.00,0.560,0.570,2234.63,0.07,5,2234.63,3054.76,555.00,-0.0000893,-0.0001741,0.0001308
1790655961.0,1790655900,61.0,239.0,83210.50,chainlink,83217.67,twap60,,3.401,0.4406,0.500,0.510,932.78,0.490,0.500,45.00,0.07,5,50.00,904.78,2892.98,-0.0000433,-0.0001527,0.0002197
1790655976.0,1790655900,76.0,224.0,83212.82,chainlink,83217.67,twap60,,3.401,0.4581,0.430,0.450,696.69,0.550,0.570,273.88,0.07,5,273.88,986.72,2514.69,0.0000204,-0.0001399,0.0002767
1790655990.1,1790655900,90.1,209.9,83210.06,chainlink,83217.67,twap60,,3.401,0.4318,0.380,0.390,1378.96,0.610,0.620,30.00,0.07,5,30.00,1112.28,1997.15,-0.0000406,-0.0001377,0.0002283
1790656005.1,1790655900,105.1,194.9,83211.22,chainlink,83217.67,twap60,,3.401,0.4394,0.290,0.310,174.33,0.700,0.710,20.00,0.07,5,20.00,507.11,1052.02,0.0000192,-0.0000346,0.0001088
1790656020.1,1790655900,120.1,179.9,83196.25,coinbase,83217.67,twap60,,3.401,0.2971,0.190,0.200,1191.57,0.800,0.810,89.00,0.07,5,89.00,1225.00,2598.17,-0.0002088,-0.0001647,-0.0003807
1790656035.1,1790655900,135.1,164.9,83193.92,coinbase,83217.67,twap60,,3.401,0.2660,0.210,0.220,1211.90,0.780,0.790,82.09,0.07,5,82.09,807.59,1925.48,-0.0000280,-0.0002564,-0.0008534
1790656050.2,1790655900,150.2,149.8,83191.89,chainlink,83217.67,twap60,,3.401,0.2347,0.220,0.230,58.50,0.770,0.780,364.67,0.07,5,364.67,1492.41,2119.83,,-0.0002132,-0.0005678
1790656065.2,1790655900,165.2,134.8,83198.09,chainlink,83217.67,twap60,,3.401,0.2772,0.210,0.220,1342.77,0.790,0.800,40.00,0.07,5,477.31,1332.52,2601.80,0.0000715,-0.0001578,-0.0004233
1790656080.2,1790655900,180.2,119.8,83197.12,chainlink,83217.67,twap60,,3.401,0.2494,0.170,0.180,373.02,0.820,0.830,185.12,0.07,5,185.12,1561.76,1611.71,0.0000186,,-0.0005349
1790656095.2,1790655900,195.2,104.8,83190.31,chainlink,83217.67,twap60,,3.401,0.1588,0.110,0.120,261.46,0.880,0.890,125.00,0.07,5,125.00,1211.00,1213.46,-0.0000816,,-0.0005504
1790656110.2,1790655900,210.2,89.8,83192.90,chainlink,83217.67,twap60,,3.401,0.1509,0.110,0.120,372.83,0.880,0.890,15.00,0.07,5,15.00,872.49,1564.83,0.0000310,0.0000090,-0.0005603
1790656125.2,1790655900,225.2,74.8,83190.04,chainlink,83217.67,twap60,,3.401,0.0841,0.030,0.040,359.40,0.960,0.970,1148.70,0.07,5,1148.70,14185.26,1406.69,-0.0000334,-0.0000665,-0.0005214
1790656140.2,1790655900,240.2,59.8,83192.72,chainlink,83217.67,twap60,83192.61,3.401,0.0493,0.020,0.030,393.00,0.970,0.980,14.71,0.07,5,14.71,2468.71,1753.16,0.0000095,-0.0000527,-0.0004312
1790656155.3,1790655900,255.3,44.7,83193.31,chainlink,83217.67,twap60,83192.95,3.401,0.0062,,0.010,10955.94,0.990,,,0.07,5,,,13058.13,0.0000074,0.0000359,-0.0002160
1790656170.3,1790655900,270.3,29.7,83192.02,chainlink,83217.67,twap60,83193.03,3.401,0.0010,,0.010,63497.25,0.990,,,0.07,5,,,65674.29,-0.0000183,-0.0000096,-0.0002734
1790656185.3,1790655900,285.3,14.7,83194.94,chainlink,83217.67,twap60,83193.06,3.401,0.0010,,0.010,66730.69,0.990,,,0.07,5,,,69778.64,0.0000348,0.0000363,-0.0004043
1790656215.3,1790656200,15.3,284.7,83169.48,chainlink,83191.70,twap60,,3.178,0.3275,0.280,0.290,1779.90,0.710,0.720,169.00,0.07,5,169.00,1160.87,3021.99,-0.0001908,-0.0002892,-0.0006911
1790656230.3,1790656200,30.3,269.7,83171.58,chainlink,83191.70,twap60,,3.178,0.3381,0.320,0.330,1347.77,0.670,0.680,5.29,0.07,5,5.29,775.48,4018.84,0.0000311,-0.0002460,-0.0006002
1790656245.3,1790656200,45.3,254.7,83169.16,chainlink,83191.70,twap60,,3.178,0.3143,0.330,0.340,42.00,0.660,0.670,896.70,0.07,5,896.70,2055.93,2827.42,-0.0000327,-0.0002850,-0.0005402
1790656260.4,1790656200,60.4,239.6,83166.97,chainlink,83191.70,twap60,,3.178,0.2910,0.230,0.240,1631.11,0.760,0.770,171.29,0.07,5,171.29,2210.54,2835.06,-0.0000406,-0.0002209,-0.0005248
1790656275.4,1790656200,75.4,224.6,83168.04,chainlink,83191.70,twap60,,3.178,0.2919,0.250,0.260,638.96,0.740,0.750,80.00,0.07,5,80.00,1785.03,1874.26,0.0000150,-0.0000115,-0.0005458
1790656290.4,1790656200,90.4,209.6,83158.46,chainlink,83191.70,twap60,,3.178,0.2110,0.140,0.160,253.32,0.840,0.860,70.00,0.07,5,70.00,1108.13,2637.76,-0.0001136,-0.0001614,-0.0006151
1790656305.4,1790656200,105.4,194.6,83163.60,chainlink,83191.70,twap60,,3.178,0.2386,0.280,0.290,498.01,0.710,0.720,236.32,0.07,5,236.32,1177.32,2787.85,0.0000691,-0.0000812,-0.0005724
1790656320.4,1790656200,120.4,179.6,83163.69,chainlink,83191.70,twap60,,3.178,0.2279,0.180,0.190,37.94,0.810,0.820,1389.71,0.07,5,1389.71,3531.71,1138.06,-0.0000202,-0.0000372,
1790656335.4,1790656200,135.4,164.6,83162.99,chainlink,83191.70,twap60,,3.178,0.2092,0.210,0.220,280.00,0.780,0.790,697.99,0.07,5,697.99,2340.33,1319.27,-0.0000073,-0.0000592,
1790656350.5,1790656200,150.5,149.5,83153.56,chainlink,83191.70,twap60,,3.178,0.1258,0.090,0.100,220.82,0.900,0.910,598.69,0.07,5,598.69,3397.79,2890.46,-0.0001107,-0.0000516,-0.0004639
1790656365.5,1790656200,165.5,134.5,83156.25,chainlink,83191.70,twap60,,3.178,0.1257,0.060,0.070,663.33,0.930,0.940,114.99,0.07,5,114.99,3978.81,2163.23,0.0000309,-0.0001098,-0.0004728
1790656380.5,1790656200,180.5,119.5,83154.11,chainlink,83191.70,twap60,,3.178,0.0924,0.060,0.070,1244.21,0.930,0.940,13.93,0.07,5,13.93,3030.30,2979.93,-0.0000121,-0.0001141,-0.0005169
1790656395.5,1790656200,195.5,104.5,83148.48,chainlink,83191.70,twap60,,3.178,0.0453,0.020,0.030,688.89,0.970,0.980,50.69,0.07,5,50.69,3086.29,3175.56,-0.0000980,-0.0001717,-0.0005030
1790656410.5,1790656200,210.5,89.5,83144.06,chainlink,83191.70,twap60,,3.178,0.0166,0.010,0.020,926.95,0.980,0.990,613.27,0.07,5,613.27,613.27,4039.48,-0.0000458,-0.0001157,-0.0005862
1790656425.5,1790656200,225.5,74.5,83130.98,chainlink,83191.70,twap60,,3.178,0.0010,,0.010,14240.83,0.990,,,0.07,5,,,17308.34,-0.0001564,-0.0002902,-0.0007328
1790656440.5,1790656200,240.5,59.5,83129.40,chainlink,83191.70,twap60,83129.40,3.178,0.0010,,0.010,24911.66,0.990,,,0.07,5,,,27446.31,0.0000034,-0.0003276,-0.0007611
1790656455.6,1790656200,255.6,44.4,83127.46,chainlink,83191.70,twap60,83128.28,3.178,0.0010,,0.010,38044.60,0.990,,,0.07,5,,,40944.68,-0.0000212,-0.0002456,-0.0007946
1790656470.6,1790656200,270.6,29.4,83129.21,chainlink,83191.70,twap60,83128.09,3.178,0.0010,,0.010,73432.61,0.990,,,0.07,5,,,76416.33,0.0000235,-0.0001776,-0.0007555
1790656485.6,1790656200,285.6,14.4,83123.46,chainlink,83191.70,twap60,83128.05,3.178,0.0010,,0.010,74742.66,0.990,,,0.07,5,,,77703.38,-0.0000737,-0.0000679,-0.0008346
1790656515.6,1790656500,15.6,284.4,83105.64,chainlink,83126.57,twap60,,3.176,0.3367,0.160,0.170,535.51,0.830,0.840,407.54,0.07,5,407.54,3181.89,2697.97,-0.0001053,-0.0002601,-0.0007620
1790656530.6,1790656500,30.6,269.4,83078.68,chainlink,83126.57,twap60,,3.176,0.1598,0.180,0.190,847.03,0.810,0.820,167.92,0.07,5,167.92,2345.36,2907.23,-0.0000650,-0.0006125,-0.0011212
1790656545.7,1790656500,45.7,254.3,83091.46,chainlink,83126.57,twap60,,3.176,0.2252,0.230,0.240,1788.89,0.760,0.770,45.00,0.07,5,45.00,2321.15,3780.80,0.0001398,-0.0003833,-0.0009490
1790656560.7,1790656500,60.7,239.3,83079.33,chainlink,83126.57,twap60,,3.176,0.1461,0.110,0.120,1010.23,0.880,0.890,91.00,0.07,5,119.00,1534.19,3368.64,-0.0001430,-0.0004220,-0.0010521
1790656575.7,1790656500,75.7,224.3,83072.14,chainlink,83126.57,twap60,,3.176,0.1035,0.100,0.110,120.99,0.890,0.900,831.14,0.07,5,831.14,4385.44,1485.61,-0.0000729,-0.0001437,-0.0011521
1790656590.7,1790656500,90.7,209.3,83071.81,chainlink,83126.57,twap60,,3.176,0.0926,0.090,0.100,842.72,0.900,0.910,163.69,0.07,5,163.69,3589.68,2766.77,0.0000037,-0.0000967,-0.0010352
1790656605.7,1790656500,105.7,194.3,83073.02,chainlink,83126.57,twap60,,3.176,0.0874,0.110,0.120,650.98,0.880,0.890,298.00,0.07,5,298.00,3206.45,2078.03,0.0000125,-0.0002190,-0.0011111
1790656620.7,1790656500,120.7,179.3,83081.26,chainlink,83126.57,twap60,,3.176,0.1134,0.070,0.080,1076.71,0.920,0.930,155.54,0.07,5,155.54,2174.29,3692.15,0.0000603,0.0000368,-0.0009906
1790656635.7,1790656500,135.7,164.3,83109.00,chainlink,83126.57,twap60,,3.176,0.3099,0.340,0.350,420.23,0.650,0.660,238.00,0.07,5,238.00,1094.19,3930.24,0.0003195,0.0004512,-0.0006467
1790656650.8,1790656500,150.8,149.2,83107.87,chainlink,83126.57,twap60,,3.176,0.2866,0.240,0.250,1411.49,0.750,0.760,214.03,0.07,5,214.03,931.93,2834.49,-0.0000182,0.0004319,-0.0005511
1790656665.8,1790656500,165.8,134.2,83108.33,chainlink,83126.57,twap60,,3.176,0.2771,0.320,0.330,1743.28,0.670,0.680,121.04,0.07,5,121.04,741.97,3623.52,0.0000227,0.0003861,-0.0005627
1790656680.8,1790656500,180.8,119.2,83108.80,chainlink,83126.57,twap60,,3.176,0.2649,0.340,0.350,82.14,0.650,0.660,874.39,0.07,5,879.39,2207.95,207.14,0.0000011,0.0003171,-0.0005754
1790656695.8,1790656500,195.8,104.2,83117.25,chainlink,83126.57,twap60,,3.176,0.3571,0.370,0.380,50.00,0.620,0.630,364.23,0.07,5,364.23,1448.06,1070.28,-0.0000134,0.0000947,-0.0003684
1790656710.8,1790656500,210.8,89.2,83124.61,chainlink,83126.57,twap60,,3.176,0.4649,0.630,0.640,40.00,0.360,0.370,496.30,0.07,5,484.62,1453.36,562.66,0.0000758,0.0002185,-0.0002330
1790656725.8,1790656500,225.8,74.2,83125.65,chainlink,83126.57,twap60,,3.176,0.4804,0.340,0.350,178.06,0.650,0.660,861.83,0.07,5,861.83,1825.84,198.06,-0.0000017,0.0002038,-0.0000416
1790656740.8,1790656500,240.8,59.2,83135.11,chainlink,83126.57,twap60,83135.11,3.176,0.7305,0.910,0.930,0.16,0.070,0.090,130.93,0.07,5,125.93,1836.40,33.85,0.0001188,0.0002015,0.0000709
1790656755.9,1790656500,255.9,44.1,83144.44,chainlink,83126.57,twap60,83143.20,3.176,0.9748,0.990,,,,0.010,2193.01,0.07,5,2193.01,4312.25,,0.0001034,0.0003143,0.0002066
1790656770.9,1790656500,270.9,29.1,83141.49,chainlink,83126.57,twap60,83142.98,3.176,0.9990,0.990,,,,0.010,27617.10,0.07,5,27617.10,30337.33,,-0.0000350,0.0001888,0.0001431
1790656785.9,1790656500,285.9,14.1,83131.69,chainlink,83126.57,twap60,83140.62,3.176,0.9990,0.990,,,,0.010,19677.13,0.07,5,19672.13,22203.55,,-0.0001183,0.0000776,0.0001007
1790656815.9,1790656800,15.9,284.1,83130.42,chainlink,83137.29,twap60,,3.231,0.4459,0.470,0.480,772.26,0.520,0.530,10.00,0.07,5,10.00,1142.36,3065.86,0.0000485,-0.0001682,0.0005575
1790656830.9,1790656800,30.9,269.1,83136.29,chainlink,83137.29,twap60,,3.231,0.4919,0.480,0.490,143.57,0.510,0.520,1298.91,0.07,5,1298.91,2655.45,777.57,0.0000669,-0.0000630,0.0006792
1790656845.9,1790656800,45.9,254.1,83137.31,chainlink,83137.29,twap60,,3.231,0.5002,0.490,0.500,231.62,0.500,0.510,205.21,0.07,5,205.21,1855.89,1152.79,0.0000128,0.0000689,0.0005546
1790656861.0,1790656800,61.0,239.0,83117.66,chainlink,83137.29,twap60,,3.231,0.3334,0.280,0.290,273.37,0.710,0.720,1204.10,0.07,5,1204.10,2931.66,1173.35,-0.0002364,-0.0001050,0.0004748
1790656876.0,1790656800,76.0,224.0,83121.78,chainlink,83137.29,twap60,,3.231,0.3618,0.360,0.370,1318.95,0.630,0.640,40.00,0.07,5,40.00,1755.70,2895.30,0.0000446,-0.0001077,0.0006050
1790656891.0,1790656800,91.0,209.0,83119.30,chainlink,83137.29,twap60,,3.231,0.3343,0.470,0.540,10.00,0.460,0.530,12.00,0.07,5,12.00,24.00,74.00,-0.0000190,-0.0002039,0.0005695
1790656906.0,1790656800,106.0,194.0,83129.85,chainlink,83137.29,twap60,,3.231,0.4265,0.480,0.490,1765.07,0.510,0.520,5.00,0.07,5,5.00,81.00,2322.07,0.0001171,-0.0000897,0.0006450
1790656920.0,1790656800,120.0,180.0,83132.99,chainlink,83137.29,twap60,,3.231,0.4553,0.460,0.470,787.90,0.530,0.540,44.00,0.07,5,44.00,573.41,3094.87,0.0000300,0.0001795,0.0006081
1790656935.0,1790656800,135.0,165.0,83131.91,chainlink,83137.29,twap60,,3.231,0.4408,0.400,0.410,1338.99,0.590,0.600,73.00,0.07,5,73.00,650.00,2741.21,0.0000086,0.0001327,0.0002710
1790656950.0,1790656800,150.0,150.0,83126.74,chainlink,83137.29,twap60,,3.231,0.3778,0.420,0.430,136.00,0.570,0.580,459.99,0.07,5,459.99,1869.99,551.32,-0.0000803,0.0000797,0.0002442
1790656965.1,1790656800,165.1,134.9,83127.29,chainlink,83137.29,twap60,,3.231,0.3755,0.220,0.230,728.31,0.770,0.780,7.23,0.07,5,7.23,92.34,3854.98,-0.0000047,-0.0000385,0.0002235
1790656980.1,1790656800,180.1,119.9,83125.00,chainlink,83137.29,twap60,,3.231,0.3352,0.280,0.290,319.31,0.710,0.720,5.00,0.07,5,5.00,146.00,3337.32,0.0000418,-0.0000745,0.0000798
1790656995.1,1790656800,195.1,104.9,83125.96,chainlink,83137.29,twap60,,3.231,0.3317,0.240,0.250,545.16,0.750,0.760,65.43,0.07,5,65.43,560.50,1961.16,0.0000115,-0.0000897,0.0000920
1790657010.1,1790656800,210.1,89.9,83127.26,chainlink,83137.29,twap60,,3.231,0.3303,0.350,0.360,105.00,0.640,0.650,1349.68,0.07,5,1349.68,1686.68,130.00,0.0000165,-0.0000051,0.0000177
1790657025.1,1790656800,225.1,74.9,83127.81,chainlink,83137.29,twap60,,3.231,0.3097,0.160,0.170,557.18,0.830,0.840,15.00,0.07,5,15.00,1075.16,1443.18,0.0000009,0.0000756,0.0000309
1790657040.1,1790656800,240.1,59.9,83128.64,chainlink,83137.29,twap60,83128.64,3.231,0.2740,0.180,0.210,253.32,0.790,0.820,33.27,0.07,5,33.27,367.27,1463.98,0.0000093,0.0000437,-0.0000866
1790657055.2,1790656800,255.2,44.8,83130.82,chainlink,83137.29,twap60,83130.89,3.231,0.2443,0.040,0.050,423.56,0.950,0.960,50.00,0.07,5,50.00,4588.32,986.89,0.0000089,0.0000593,-0.0001633
1790657070.2,1790656800,270.2,29.8,83130.65,chainlink,83137.29,twap60,83130.49,3.231,0.0915,0.020,0.030,361.98,0.970,0.980,10.00,0.07,5,10.00,117.82,2651.48,0.0000016,0.0000351,-0.0001308
1790657085.3,1790656800,285.3,14.7,83136.39,chainlink,83137.29,twap60,83131.79,3.231,0.0065,,0.010,4548.70,0.990,,,0.07,5,,,5899.97,0.0000726,0.0001025,0.0000578
1790657115.3,1790657100,15.3,284.7,83124.45,chainlink,83132.35,twap60,,3.146,0.4363,0.460,0.470,30.00,0.530,0.540,1385.67,0.07,5,1385.67,2155.67,487.00,-0.0000564,-0.0000730,-0.0000756
1790657130.3,1790657100,30.3,269.7,83131.85,chainlink,83132.35,twap60,,3.146,0.4959,0.560,0.570,85.52,0.430,0.440,1441.65,0.07,5,1441.65,3216.05,2005.02,0.0000793,0.0000180,-0.0000529
1790657145.4,1790657100,45.4,254.6,83127.00,chainlink,83132.35,twap60,,3.146,0.4538,0.420,0.430,1388.11,0.570,0.580,379.35,0.07,5,379.35,496.17,2398.39,-0.0000918,-0.0001028,-0.0001239
1790657160.4,1790657100,60.4,239.6,83125.01,chainlink,83132.35,twap60,,3.146,0.4344,0.450,0.460,128.00,0.540,0.550,746.49,0.07,5,716.49,2666.93,1622.00,-0.0000226,-0.0000497,0.0000835
1790657175.4,1790657100,75.4,224.6,83121.84,chainlink,83132.35,twap60,,3.146,0.4029,0.350,0.360,1745.34,0.640,0.650,5.00,0.07,5,5.00,261.00,4016.34,-0.0000406,-0.0000411,0.0000116
1790657190.4,1790657100,90.4,209.6,83121.64,chainlink,83132.35,twap60,,3.146,0.3970,0.350,0.360,733.65,0.640,0.650,10.00,0.07,5,10.00,1445.92,2752.23,-0.0000026,-0.0001562,0.0000184
1790657205.4,1790657100,105.4,194.6,83112.07,chainlink,83132.35,twap60,,3.146,0.3021,0.240,0.250,216.00,0.750,0.760,1748.48,0.07,5,1748.48,3061.18,950.00,-0.0001145,-0.0001782,-0.0002216
1790657220.4,1790657100,120.4,179.6,83112.61,chainlink,83132.35,twap60,,3.146,0.2977,0.160,0.170,307.87,0.830,0.840,969.65,0.07,5,969.65,3930.72,1012.77,0.0000012,-0.0001517,-0.0002235
1790657235.4,1790657100,135.4,164.6,83096.36,chainlink,83132.35,twap60,,3.146,0.1527,0.130,0.140,50.00,0.860,0.870,1048.61,0.07,5,1048.61,2416.50,1077.45,-0.0001552,-0.0003068,-0.0004458
1790657250.5,1790657100,150.5,149.5,83078.23,chainlink,83132.35,twap60,,3.146,0.0501,0.050,0.060,100.10,0.940,0.950,561.75,0.07,5,561.75,4778.04,2679.81,-0.0002177,-0.0005217,-0.0005950
1790657265.5,1790657100,165.5,134.5,83077.61,chainlink,83132.35,twap60,,3.146,0.0368,0.030,0.040,1356.06,0.960,0.970,365.66,0.07,5,365.66,5450.94,3494.40,-0.0000095,-0.0004201,-0.0005285
1790657280.5,1790657100,180.5,119.5,83074.72,chainlink,83132.35,twap60,,3.146,0.0200,0.010,0.020,1674.61,0.980,0.990,2549.56,0.07,5,2549.56,2549.56,4752.72,-0.0000278,-0.0004156,-0.0006051
1790657295.5,1790657100,195.5,104.5,83055.71,chainlink,83132.35,twap60,,3.146,0.0012,,0.010,7514.81,0.990,,,0.07,5,,,12217.82,-0.0002289,-0.0004889,-0.0008447
1790657310.5,1790657100,210.5,89.5,83053.85,chainlink,83132.35,twap60,,3.146,0.0010,,0.010,17505.14,0.990,,,0.07,5,,,20323.62,-0.0000224,-0.0002955,-0.0008892
1790657325.5,1790657100,225.5,74.5,83039.78,chainlink,83132.35,twap60,,3.146,0.0010,,0.010,18910.28,0.990,,,0.07,5,,,21793.98,-0.0000471,-0.0004485,-0.0010602
1790657340.6,1790657100,240.6,59.4,83060.82,chainlink,83132.35,twap60,83060.82,3.146,0.0010,,0.010,20781.89,0.990,,,0.07,5,,,23410.88,0.0002482,-0.0001673,-0.0008335
1790657355.6,1790657100,255.6,44.4,83052.91,chainlink,83132.35,twap60,83056.53,3.146,0.0010,,0.010,35779.71,0.990,,,0.07,5,,,38490.69,-0.0001035,-0.0000336,-0.0009339
1790657370.6,1790657100,270.6,29.4,83060.32,chainlink,83132.35,twap60,83056.62,3.146,0.0010,,0.010,61876.34,0.990,,,0.07,5,,,64705.40,0.0000912,0.0002002,-0.0008428
1790657385.6,1790657100,285.6,14.4,83067.39,chainlink,83132.35,twap60,83060.15,3.146,0.0010,,0.010,65133.30,0.990,,,0.07,5,,,67927.36,0.0000843,0.0003273,-0.0008202
1790657415.6,1790657400,15.6,284.4,83053.93,chainlink,83059.78,twap60,,3.125,0.4523,0.390,0.400,90.00,0.600,0.610,669.99,0.07,5,661.46,3555.29,820.48,-0.0000320,0.0000142,-0.0008585
1790657430.6,1790657400,30.6,269.4,83046.74,chainlink,83059.78,twap60,,3.125,0.3914,0.390,0.400,318.15,0.600,0.610,354.98,0.07,5,354.98,2149.24,1956.38,-0.0000787,-0.0001643,-0.0010578
1790657445.7,1790657400,45.7,254.3,83052.53,chainlink,83059.78,twap60,,3.125,0.4371,0.410,0.420,44.00,0.580,0.590,648.44,0.07,5,648.44,2654.24,1652.00,0.0000694,-0.0001741,-0.0008948
1790657460.7,1790657400,60.7,239.3,83050.59,chainlink,83059.78,twap60,,3.125,0.4175,0.440,0.450,45.70,0.550,0.560,1670.24,0.07,5,1670.24,3032.24,75.70,-0.0000089,-0.0000722,-0.0008982
1790657475.7,1790657400,75.7,224.3,83080.56,chainlink,83059.78,twap60,,3.125,0.6878,0.690,0.700,558.66,0.300,0.310,175.37,0.07,5,175.37,1460.13,2929.97,0.0003607,0.0003284,-0.0004970
1790657490.7,1790657400,90.7,209.3,83082.85,chainlink,83059.78,twap60,,3.125,0.7147,0.790,0.800,661.65,0.200,0.210,44.00,0.07,5,44.00,1021.91,2608.46,0.0000433,0.0004343,-0.0004662
1790657505.7,1790657400,105.7,194.3,83106.66,chainlink,83059.78,twap60,,3.125,0.8864,0.930,0.940,139.97,0.060,0.070,753.62,0.07,5,753.62,3531.37,2914.98,0.0002821,0.0006659,-0.0000704
1790657520.7,1790657400,120.7,179.3,83142.90,chainlink,83059.78,twap60,,3.125,0.9879,0.960,0.970,233.12,0.030,0.040,2133.41,0.07,5,2133.41,5216.98,3340.06,0.0003176,0.0011107,0.0004047
1790657535.8,1790657400,135.8,164.2,83150.05,chainlink,83059.78,twap60,,3.125,0.9952,0.970,0.980,204.61,0.020,0.030,472.68,0.07,5,472.68,2846.52,2939.05,0.0000786,0.0008518,0.0006463
1790657550.8,1790657400,150.8,149.2,83160.14,chainlink,83059.78,twap60,,3.125,0.9989,0.980,0.990,91.61,0.010,0.020,2002.95,0.07,5,2002.95,4170.16,91.61,0.0001212,0.0009255,0.0009835
1790657565.8,1790657400,165.8,134.2,83161.33,chainlink,83059.78,twap60,,3.125,0.9990,0.990,,,,0.010,2258.87,0.07,5,2258.87,5639.07,,0.0000289,0.0005393,0.0010142
1790657580.8,1790657400,180.8,119.2,83160.18,chainlink,83059.78,twap60,,3.125,0.9990,0.990,,,,0.010,12905.83,0.07,5,12905.83,16134.42,,-0.0000165,0.0002005,0.0010282
1790657595.8,1790657400,195.8,104.2,83160.93,chainlink,83059.78,twap60,,3.125,0.9990,0.999,,,,0.001,7277.71,0.07,5,7277.71,25944.33,,0.0000059,0.0001306,0.0012661
1790657610.8,1790657400,210.8,89.2,83151.44,chainlink,83059.78,twap60,,3.125,0.9990,0.999,,,,0.001,8680.24,0.07,5,8680.24,29559.92,,-0.0001141,-0.0000901,0.0012966
1790657625.8,1790657400,225.8,74.2,83163.50,chainlink,83059.78,twap60,,3.125,0.9990,0.999,,,,0.001,11422.55,0.07,5,11422.55,35538.43,,0.0001451,0.0000233,0.0014836
1790657640.0,1790657400,240.0,60.0,83167.76,chainlink,83059.78,twap60,83167.83,3.125,0.9990,0.999,,,,0.001,16582.55,0.07,5,16582.55,51086.03,,0.0000510,0.0000881,0.0012784
1790657655.0,1790657400,255.0,45.0,83166.79,chainlink,83059.78,twap60,83168.28,3.125,0.9990,0.999,,,,0.001,16725.31,0.07,5,16725.31,57480.32,,-0.0000120,0.0000705,0.0013722
1790657670.0,1790657400,270.0,30.0,83164.78,chainlink,83059.78,twap60,83165.85,3.125,0.9990,0.999,,,,0.001,16760.31,0.07,5,16760.31,67099.40,,0.0000457,0.0001606,0.0012561
1790657685.1,1790657400,285.1,14.9,83165.99,chainlink,83059.78,twap60,83165.45,3.125,0.9990,0.999,,,,0.001,20255.69,0.07,5,20255.69,90791.98,,0.0000055,0.0000298,0.0011911
1790657715.1,1790657700,15.1,284.9,83153.45,chainlink,83163.51,twap60,,3.254,0.4217,0.400,0.410,52.00,0.590,0.600,1378.94,0.07,5,1378.94,3164.94,1151.64,-0.0000271,-0.0000905,0.0012055
1790657730.1,1790657700,30.1,269.9,83152.44,chainlink,83163.51,twap60,,3.254,0.4112,0.360,0.370,482.63,0.630,0.640,138.30,0.07,5,138.30,2514.46,1458.60,-0.0000122,-0.0001575,0.0012716
1790657745.1,1790657700,45.1,254.9,83152.23,chainlink,83163.51,twap60,,3.254,0.4065,0.420,0.430,130.00,0.570,0.580,752.60,0.07,5,752.60,1503.60,819.00,-0.0000025,-0.0001413,0.0012141
1790657760.2,1790657700,60.2,239.8,83162.37,chainlink,83163.51,twap60,,3.254,0.4901,0.510,0.520,15.00,0.480,0.490,1622.83,0.07,5,1552.83,3171.30,439.00,0.0001213,0.0000802,0.0013449
1790657775.2,1790657700,75.2,224.8,83162.90,chainlink,83163.51,twap60,,3.254,0.4944,0.540,0.550,632.99,0.450,0.460,258.00,0.07,5,258.00,981.82,2005.69,0.0000052,0.0001136,0.0010063
1790657790.4,1790657700,90.4,209.6,83171.59,chainlink,83163.51,twap60,,3.254,0.5756,0.590,0.600,856.49,0.400,0.410,28.98,0.07,5,123.00,930.00,2798.82,0.0001063,0.0002303,0.0010632
1790657805.4,1790657700,105.4,194.6,83160.32,chainlink,83163.51,twap60,,3.254,0.4686,0.430,0.440,10.00,0.560,0.570,1125.90,0.07,5,1145.90,3499.30,433.00,-0.0001895,0.0000967,0.0005271
1790657820.4,1790657700,120.4,179.6,83159.70,chainlink,83163.51,twap60,,3.254,0.4605,0.460,0.470,70.00,0.530,0.540,740.45,0.07,5,740.45,3131.45,636.00,-0.0000025,-0.0000331,0.0001948
1790657835.4,1790657700,135.4,164.6,83157.50,chainlink,83163.51,twap60,,3.254,0.4342,0.660,0.670,638.26,0.330,0.340,391.12,0.07,5,341.12,1725.13,2330.11,-0.0000202,-0.0000632,0.0000894
1790657850.4,1790657700,150.4,149.6,83156.90,coinbase,83163.51,twap60,,3.254,0.4230,0.380,0.390,791.78,0.610,0.620,35.05,0.07,5,35.05,755.05,2442.82,-0.0000060,-0.0003374,-0.0001609
1790657865.5,1790657700,165.5,134.5,83167.75,coinbase,83163.51,twap60,,3.254,0.5533,0.530,0.540,169.74,0.460,0.470,409.43,0.07,5,409.43,2598.65,663.32,0.0001305,0.0001275,-0.0000351
1790657880.5,1790657700,180.5,119.5,83162.68,chainlink,83163.51,twap60,,3.254,0.4885,0.550,0.560,63.21,0.440,0.450,656.13,0.07,5,656.13,2281.10,913.12,,0.0000420,0.0000269
1790657895.5,1790657700,195.5,104.5,83161.59,chainlink,83163.51,twap60,,3.254,0.4707,0.500,0.510,35.40,0.490,0.500,109.99,0.07,5,109.99,1367.02,940.70,-0.0000119,-0.0000200,0.0000080
1790657910.5,1790657700,210.5,89.5,83164.10,chainlink,83163.51,twap60,,3.254,0.5102,0.570,0.660,20.00,0.340,0.430,880.13,0.07,5,779.07,1805.99,674.19,0.0000363,,0.0001524
1790657925.5,1790657700,225.5,74.5,83165.11,chainlink,83163.51,twap60,,3.254,0.5333,0.810,0.820,5.00,0.180,0.190,335.23,0.07,5,335.23,883.89,629.91,0.0000195,,0.0000192
1790657940.7,1790657700,240.7,59.3,83166.07,chainlink,83163.51,twap60,83166.36,3.254,0.5709,0.910,0.920,32.95,0.080,0.090,157.00,0.07,5,212.00,610.11,1176.91,0.0000066,0.0000419,-0.0000207
1790657955.7,1790657700,255.7,44.3,83172.57,chainlink,83163.51,twap60,83170.34,3.254,0.8204,0.960,0.970,155.64,0.030,0.040,298.99,0.07,5,298.99,1197.52,2681.02,0.0000746,0.0001381,0.0001393
1790657970.7,1790657700,270.7,29.3,83167.85,chainlink,83163.51,twap60,83169.52,3.254,0.8517,0.980,0.990,1059.05,0.010,0.020,65.00,0.07,5,65.00,1253.61,1059.05,-0.0000543,0.0000524,0.0000278
1790657985.7,1790657700,285.7,14.3,83169.66,chainlink,83163.51,twap60,83169.57,3.254,0.9990,0.990,,,,0.010,19520.24,0.07,5,19520.24,20752.86,,0.0000146,0.0000498,0.0000682
1790658015.8,1790658000,15.8,284.2,83175.14,chainlink,83169.54,twap60,,3.140,0.5454,0.630,0.640,329.42,0.360,0.370,566.56,0.07,5,561.56,1886.40,3002.42,0.0000669,0.0000334,0.0002608
1790658031.0,1790658000,31.0,269.0,83180.18,chainlink,83169.54,twap60,,3.140,0.5885,0.640,0.650,765.00,0.350,0.360,358.66,0.07,5,370.66,2743.15,1293.00,0.0000447,0.0001411,0.0003336
1790658046.0,1790658000,46.0,254.0,83190.35,chainlink,83169.54,twap60,,3.140,0.6747,0.790,0.800,1478.72,0.200,0.210,122.00,0.07,5,122.00,1242.50,3883.51,0.0001204,0.0002432,0.0004577
1790658061.0,1790658000,61.0,239.0,83202.85,chainlink,83169.54,twap60,,3.140,0.7739,0.820,0.830,48.39,0.170,0.180,1272.78,0.07,5,1272.78,2875.94,1690.82,0.0001237,0.0004000,0.0004856
1790658076.0,1790658000,76.0,224.0,83217.26,chainlink,83169.54,twap60,,3.140,0.8687,0.860,0.870,166.85,0.130,0.140,1104.45,0.07,5,1104.45,2847.73,2019.03,0.0001599,0.0004903,0.0006552
1790658090.0,1790658000,90.0,210.0,83216.93,chainlink,83169.54,twap60,,3.140,0.8764,0.840,0.880,50.65,0.120,0.150,50.00,0.07,5,595.00,2444.00,1376.93,0.0000014,0.0004398,0.0004910
1790658105.0,1790658000,105.0,195.0,83215.76,chainlink,83169.54,twap60,,3.140,0.8814,0.920,0.930,315.79,0.070,0.080,853.34,0.07,5,853.34,2981.95,3638.16,0.0000614,0.0002788,0.0006713
1790658120.1,1790658000,120.1,179.9,83220.83,chainlink,83169.54,twap60,,3.140,0.9163,0.930,0.940,502.35,0.060,0.070,482.75,0.07,5,482.75,1804.67,4407.64,0.0000144,0.0002028,0.0007411
1790658135.1,1790658000,135.1,164.9,83213.21,chainlink,83169.54,twap60,,3.140,0.8933,0.920,0.930,565.17,0.070,0.080,549.67,0.07,5,549.67,1920.49,4206.33,-0.0000874,-0.0000432,0.0006005
1790658150.1,1790658000,150.1,149.9,83211.32,chainlink,83169.54,twap60,,3.140,0.8978,0.870,0.880,10.00,0.120,0.130,1247.24,0.07,5,1267.24,2210.27,1607.72,-0.0000313,0.0000080,
1790658165.1,1790658000,165.1,134.9,83208.35,chainlink,83169.54,twap60,,3.140,0.8977,0.910,0.920,76.11,0.080,0.090,909.54,0.07,5,904.54,1879.11,3578.37,-0.0000367,-0.0001356,
1790658180.1,1790658000,180.1,119.9,83216.63,chainlink,83169.54,twap60,,3.140,0.9533,0.950,0.960,540.99,0.040,0.050,408.62,0.07,5,408.62,1971.13,6177.02,0.0001013,-0.0000463,0.0006497
1790658195.1,1790658000,195.1,104.9,83220.94,chainlink,83169.54,twap60,,3.140,0.9789,0.980,0.990,2084.51,0.010,0.020,1164.25,0.07,5,1164.25,3705.31,2084.51,0.0000447,0.0000843,0.0007195
1790658210.2,1790658000,210.2,89.8,83221.38,chainlink,83169.54,twap60,,3.140,0.9903,0.990,,,,0.010,5172.23,0.07,5,5172.23,7301.06,,-0.0000023,0.0001199,0.0006958
1790658225.2,1790658000,225.2,74.8,83218.88,chainlink,83169.54,twap60,,3.140,0.9961,0.990,,,,0.010,3341.10,0.07,5,3341.10,5063.55,,-0.0000264,0.0001283,0.0006414
1790658240.2,1790658000,240.2,59.8,83185.00,chainlink,83169.54,twap60,83183.20,3.140,0.8656,0.830,0.840,165.27,0.160,0.170,288.00,0.07,5,288.00,1261.99,1104.26,-0.0004072,-0.0003873,0.0002241
1790658255.2,1790658000,255.2,44.8,83162.93,chainlink,83169.54,twap60,83175.97,3.140,0.3576,0.160,0.170,15.00,0.830,0.840,318.36,0.07,5,318.36,900.36,407.00,-0.0002426,-0.0007049,-0.0001134
1790658270.3,1790658000,270.3,29.7,83177.50,chainlink,83169.54,twap60,83171.86,3.140,0.8516,0.880,0.890,405.25,0.110,0.120,489.00,0.07,5,489.00,1886.00,882.25,0.0001867,-0.0005237,0.0001089
1790658285.3,1790658000,285.3,14.7,83193.02,chainlink,83169.54,twap60,83175.01,3.140,0.9990,0.990,,,,0.010,25149.00,0.07,5,25149.00,26870.12,,0.0001918,-0.0003107,0.0002753
1790658315.3,1790658300,15.3,284.7,83185.92,chainlink,83179.77,twap60,,3.079,0.5508,0.530,0.540,449.99,0.460,0.470,490.00,0.07,5,490.00,1716.00,2605.56,0.0000052,0.0002879,0.0001136
1790658330.3,1790658300,30.3,269.7,83209.75,chainlink,83179.77,twap60,,3.079,0.7397,0.760,0.770,168.15,0.230,0.240,498.24,0.07,5,498.24,3026.90,1523.43,0.0002787,0.0003928,0.0003535
1790658345.4,1790658300,45.4,254.6,83207.43,chainlink,83179.77,twap60,,3.079,0.7301,0.690,0.700,1901.52,0.300,0.310,107.00,0.07,5,107.00,1433.31,3372.22,-0.0000400,0.0001878,0.0001786
1790658360.4,1790658300,60.4,239.6,83207.84,chainlink,83179.77,twap60,,3.079,0.7406,0.650,0.660,616.48,0.340,0.350,154.75,0.07,5,154.75,1515.37,2313.15,0.0000043,0.0002686,0.0000466
1790658375.4,1790658300,75.4,224.6,83194.73,chainlink,83179.77,twap60,,3.079,0.6397,0.670,0.690,25.00,0.310,0.330,682.32,0.07,5,712.32,2827.53,1301.57,-0.0001399,0.0000982,-0.0002654
1790658390.4,1790658300,90.4,209.6,83189.91,chainlink,83179.77,twap60,,3.079,0.5998,0.550,0.560,1687.61,0.440,0.450,204.00,0.07,5,204.00,1563.00,2974.64,-0.0000495,-0.0002506,-0.0002493
1790658405.4,1790658300,105.4,194.6,83177.11,chainlink,83179.77,twap60,,3.079,0.4723,0.350,0.360,719.40,0.640,0.650,127.00,0.07,5,127.00,1673.00,2626.01,-0.0001556,-0.0003651,-0.0005112
1790658420.4,1790658300,120.4,179.6,83169.89,chainlink,83179.77,twap60,,3.079,0.3929,0.360,0.370,1225.55,0.630,0.640,124.92,0.07,5,124.92,600.92,3028.95,-0.0000829,-0.0004385,-0.0006082
1790658435.5,1790658300,135.5,164.5,83164.74,chainlink,83179.77,twap60,,3.079,0.3310,0.320,0.330,56.00,0.670,0.680,1050.50,0.07,5,1050.50,3293.89,673.00,-0.0000475,-0.0003521,-0.0005912
1790658450.5,1790658300,150.5,149.5,83163.63,chainlink,83179.77,twap60,,3.079,0.3083,0.270,0.280,84.12,0.720,0.730,616.42,0.07,5,568.07,885.61,1391.46,-0.0000221,-0.0003176,-0.0005743
1790658465.5,1790658300,165.5,134.5,83161.81,chainlink,83179.77,twap60,,3.079,0.2742,0.160,0.180,10.00,0.820,0.830,60.00,0.07,5,50.00,192.67,1778.54,-0.0000146,-0.0001801,-0.0005577
1790658480.5,1790658300,180.5,119.5,83154.83,chainlink,83179.77,twap60,,3.079,0.1818,0.110,0.120,443.12,0.880,0.890,327.88,0.07,5,327.88,1450.34,1928.88,-0.0000897,-0.0001667,-0.0007500
1790658495.5,1790658300,195.5,104.5,83149.29,chainlink,83179.77,twap60,,3.079,0.1088,0.070,0.080,166.90,0.920,0.930,540.55,0.07,5,540.55,3438.51,1579.70,-0.0000064,-0.0001947,-0.0008690
1790658510.6,1790658300,210.6,89.4,83149.97,chainlink,83179.77,twap60,,3.079,0.0843,0.060,0.070,744.00,0.930,0.940,71.37,0.07,5,71.37,2308.41,2130.39,0.0000090,-0.0001570,-0.0008548
1790658525.6,1790658300,225.6,74.4,83148.60,chainlink,83179.77,twap60,,3.079,0.0421,0.020,0.030,938.01,0.970,0.980,229.48,0.07,5,229.48,8110.09,3125.75,-0.0000147,-0.0001647,-0.0008449
1790658540.6,1790658300,240.6,59.4,83148.08,chainlink,83179.77,twap60,83148.08,3.079,0.0097,,0.010,9018.39,0.990,,,0.07,5,,,11219.62,0.0000109,-0.0000210,-0.0004212
1790658555.6,1790658300,255.6,44.4,83143.31,chainlink,83179.77,twap60,83145.06,3.079,0.0010,,0.010,36277.06,0.990,,,0.07,5,,,38669.05,-0.0000570,-0.0000710,-0.0002245
1790658570.7,1790658300,270.7,29.3,83149.15,chainlink,83179.77,twap60,83144.94,3.079,0.0010,,0.010,60857.50,0.990,,,0.07,5,,,63249.44,0.0000703,-0.0000080,-0.0003357
1790658585.7,1790658300,285.7,14.3,83151.12,chainlink,83179.77,twap60,83146.86,3.079,0.0010,,0.010,66765.40,0.990,,,0.07,5,,,69116.26,0.0000156,0.0000475,-0.0004891
1790658615.7,1790658600,15.7,284.3,83179.22,coinbase,83147.87,chainlink60,,3.057,0.7441,0.720,0.730,154.89,0.270,0.280,466.42,0.07,5,361.42,1440.12,1652.49,0.0000014,0.0004654,-0.0000695
1790658630.8,1790658600,30.8,269.2,83164.58,chainlink,83147.87,chainlink60,,3.057,0.6410,0.610,0.620,1527.12,0.380,0.390,25.00,0.07,5,25.00,375.24,2621.44,,0.0001774,-0.0005551
1790658645.8,1790658600,45.8,254.2,83159.56,chainlink,83147.87,chainlink60,,3.057,0.6030,0.610,0.620,423.85,0.380,0.390,249.00,0.07,5,249.00,1339.90,3312.13,-0.0000489,0.0001014,-0.0005761
1790658660.8,1790658600,60.8,239.2,83163.39,chainlink,83147.87,chainlink60,,3.057,0.6405,0.750,0.760,1725.82,0.240,0.250,75.00,0.07,5,75.00,1525.51,3395.08,0.0000457,,-0.0005166
1790658675.8,1790658600,75.8,224.2,83192.16,chainlink,83147.87,chainlink60,,3.057,0.8571,0.870,0.880,5.00,0.120,0.130,549.88,0.07,5,464.88,2754.62,1347.67,0.0002584,,-0.0000224
1790658690.9,1790658600,90.9,209.1,83192.30,chainlink,83147.87,chainlink60,,3.057,0.8681,0.750,0.760,277.00,0.240,0.250,413.02,0.07,5,413.02,2374.15,1017.33,-0.0000234,0.0003447,0.0000270
1790658705.9,1790658600,105.9,194.1,83194.31,chainlink,83147.87,chainlink60,,3.057,0.8894,0.900,0.910,462.49,0.090,0.100,586.10,0.07,5,586.10,2703.74,2578.90,0.0000692,0.0004173,0.0002107
1790658720.9,1790658600,120.9,179.1,83203.50,chainlink,83147.87,chainlink60,,3.057,0.9386,0.920,0.930,627.00,0.070,0.080,224.28,0.07,5,224.28,2507.61,3724.09,0.0000949,0.0003947,0.0004185
1790658735.9,1790658600,135.9,164.1,83215.08,chainlink,83147.87,chainlink60,,3.057,0.9758,0.960,0.970,1164.02,0.030,0.040,580.30,0.07,5,580.30,2756.63,16546.29,0.0001321,0.0002503,0.0005962
1790658750.9,1790658600,150.9,149.1,83214.25,chainlink,83147.87,chainlink60,,3.057,0.9812,0.970,0.980,862.67,0.020,0.030,537.99,0.07,5,537.99,2934.77,9336.54,-0.0000142,0.0003088,0.0006158
1790658765.9,1790658600,165.9,134.1,83213.66,chainlink,83147.87,chainlink60,,3.057,0.9867,0.980,0.990,7856.73,0.010,0.020,245.75,0.07,5,245.75,3803.86,7856.73,-0.0000148,0.0002169,0.0006175
1790658780.9,1790658600,180.9,119.1,83214.63,chainlink,83147.87,chainlink60,,3.057,0.9930,0.980,0.990,1793.59,0.010,0.020,720.33,0.07,5,720.33,4464.44,1793.59,0.0000068,0.0001267,0.0007791
1790658795.9,1790658600,195.9,104.1,83214.19,chainlink,83147.87,chainlink60,,3.057,0.9966,0.990,,,,0.010,2303.73,0.07,5,2303.73,5675.28,,-0.0000113,-0.0000149,0.0007811
1790658811.0,1790658600,211.0,89.0,83218.89,chainlink,83147.87,chainlink60,,3.057,0.9990,0.990,,,,0.010,11743.86,0.07,5,11743.86,15100.49,,0.0000380,0.0000480,0.0008303
1790658826.0,1790658600,226.0,74.0,83218.32,chainlink,83147.87,chainlink60,,3.057,0.9990,0.990,,,,0.010,14833.66,0.07,5,14833.66,18530.07,,-0.0000031,0.0000511,0.0008553
1790658841.0,1790658600,241.0,59.0,83219.59,chainlink,83147.87,chainlink60,83219.60,3.057,0.9990,0.990,,,,0.010,22067.41,0.07,5,22067.41,25230.05,,0.0000153,0.0000537,0.0008601
1790658855.0,1790658600,255.0,45.0,83218.78,chainlink,83147.87,chainlink60,83218.55,3.057,0.9990,0.990,,,,0.010,34046.62,0.07,5,34046.62,37384.33,,-0.0000099,0.0000367,0.0009073
1790658870.0,1790658600,270.0,30.0,83220.61,chainlink,83147.87,chainlink60,83218.68,3.057,0.9990,0.990,,,,0.010,41809.25,0.07,5,41809.25,44986.96,,0.0000290,0.0000244,0.0008509
1790658885.0,1790658600,285.0,15.0,83221.05,chainlink,83147.87,chainlink60,83219.42,3.057,0.9990,0.990,,,,0.010,61924.35,0.07,5,61924.35,65037.06,,-0.0000025,0.0000328,0.0008406
1790658915.1,1790658900,15.1,284.9,83235.66,chainlink,83219.93,twap60,,2.990,0.6316,0.620,0.630,219.45,0.370,0.380,1363.10,0.07,5,1363.10,3236.10,1989.07,0.0001567,0.0002098,
1790658930.1,1790658900,30.1,269.9,83234.87,chainlink,83219.93,twap60,,2.990,0.6291,0.630,0.640,5.00,0.350,0.360,344.32,0.07,5,701.98,2501.98,1076.44,-0.0000102,0.0001635,0.0008563
1790658945.1,1790658900,45.1,254.9,83238.59,chainlink,83219.93,twap60,,2.990,0.6648,0.610,0.620,86.76,0.380,0.390,324.69,0.07,5,324.69,2838.79,1478.58,0.0000448,0.0002105,0.0009495
1790658960.1,1790658900,60.1,239.9,83236.82,chainlink,83219.93,twap60,,2.990,0.6552,0.650,0.660,443.47,0.340,0.350,1616.23,0.07,5,1431.23,3442.91,1521.25,-0.0000150,0.0001707,0.0007951
1790658975.1,1790658900,75.1,224.9,83237.54,chainlink,83219.93,twap60,,2.990,0.6675,0.620,0.630,49.21,0.370,0.380,978.35,0.07,5,978.35,3754.86,1354.21,0.0000093,0.0000219,0.0005202
1790658990.1,1790658900,90.1,209.9,83234.36,chainlink,83219.93,twap60,,2.990,0.6444,0.580,0.590,198.00,0.410,0.420,373.14,0.07,5,373.14,3044.14,1016.00,-0.0000241,-0.0000061,0.0005505
1790659005.1,1790658900,105.1,194.9,83231.23,chainlink,83219.93,twap60,,2.990,0.6193,0.640,0.650,1479.38,0.350,0.360,92.11,0.07,5,92.11,1486.20,2751.77,-0.0000196,-0.0000822,0.0004280
1790659020.2,1790658900,120.2,179.8,83227.88,chainlink,83219.93,twap60,,2.990,0.5889,0.450,0.460,80.18,0.540,0.550,531.18,0.07,5,531.18,1132.71,608.38,-0.0000488,-0.0001067,0.0002860
1790659035.2,1790658900,135.2,164.8,83212.67,chainlink,83219.93,twap60,,2.990,0.4139,0.350,0.360,1515.92,0.640,0.650,85.00,0.07,5,85.00,755.00,3016.92,-0.0001031,-0.0002847,-0.0000331
1790659050.2,1790658900,150.2,149.8,83188.95,chainlink,83219.93,twap60,,2.990,0.1613,0.110,0.120,763.03,0.880,0.890,185.87,0.07,5,185.87,3161.55,3150.63,-0.0002687,-0.0005278,-0.0003118
1790659065.2,1790658900,165.2,134.8,83192.91,chainlink,83219.93,twap60,,2.990,0.1766,0.190,0.200,434.20,0.800,0.810,448.00,0.07,5,448.00,1701.02,1396.81,0.0000535,-0.0004691,-0.0002543
1790659080.2,1790658900,180.2,119.8,83214.70,chainlink,83219.93,twap60,,2.990,0.4222,0.650,0.660,89.96,0.340,0.350,620.99,0.07,5,620.99,1941.59,694.13,0.0002363,-0.0000788,-0.0000052
1790659095.2,1790658900,195.2,104.8,83242.12,chainlink,83219.93,twap60,,2.990,0.8217,0.820,0.830,323.99,0.170,0.180,1226.93,0.07,5,1226.93,3501.62,584.64,0.0002769,0.0003702,0.0003171
1790659110.3,1790658900,210.3,89.7,83276.75,chainlink,83219.93,twap60,,2.990,0.9965,0.980,0.990,2154.76,0.010,0.020,891.20,0.07,5,891.20,2706.62,2154.76,0.0003980,0.0010608,0.0006988
1790659125.3,1790658900,225.3,74.7,83277.12,chainlink,83219.93,twap60,,2.990,0.9990,0.990,,,,0.010,2114.95,0.07,5,2114.95,4101.72,,0.0000015,0.0009861,0.0007062
1790659140.3,1790658900,240.3,59.7,83275.39,chainlink,83219.93,twap60,83275.40,2.990,0.9990,0.990,,,,0.010,15039.91,0.07,5,15039.91,17428.64,,0.0000006,0.0006766,0.0006702
1790659155.3,1790658900,255.3,44.7,83276.28,chainlink,83219.93,twap60,83267.61,2.990,0.9990,0.990,,,,0.010,34465.96,0.07,5,34465.96,37118.00,,0.0000144,0.0003923,0.0006977
1790659170.3,1790658900,270.3,29.7,83283.40,chainlink,83219.93,twap60,83274.43,2.990,0.9990,0.990,,,,0.010,47174.23,0.07,5,47174.23,49852.03,,0.0000643,0.0000770,0.0007464
